Age,Weight_kg,Sex,Num_Drugs,Indication,Reaction,Hospitalization,Death,Disabling
43,41.8,2,6,CRYOPYRIN ASSOCIATED PERIODIC SYNDROME,Pneumonia,1,0,0
46,65.5,1,3,SYSTEMIC LUPUS ERYTHEMATOSUS,Angioedema,0,0,0
59,57.8,2,8,SYSTEMIC LUPUS ERYTHEMATOSUS,Tuberculosis of central nervous system,1,1,0
73,57,2,1,ATRIAL FIBRILLATION,Fall,0,0,0
79,61,2,22,PAIN,Diarrhoea,1,0,0
46,120,2,3,DEPRESSION,Aggression,0,0,0
10,28,1,4,HEART TRANSPLANT,Posterior reversible encephalopathy syndrome,0,0,0
62,88,1,5,PROSTATE CANCER METASTATIC,Diarrhoea,0,0,0
77,81,1,9,HYPERTENSION,Subdural haematoma,1,0,0
36,81.63,2,2,CONTRACEPTION,Uterine perforation,1,0,0
68,62,2,2,BLOOD PRESSURE,Blood pressure fluctuation,0,0,0
55,62,2,1,PRODUCT USED FOR UNKNOWN INDICATION,Pharyngeal oedema,0,0,0
80,58.5,2,3,HYPERTENSION,Sleep disorder,0,0,0
55,70.75,2,5,ULNAR NERVE PALSY,Off label use,0,0,0
29,65.83,1,4,HEREDITARY ANGIOEDEMA,Pain in extremity,1,0,0
25,73,2,3,,Adnexa uteri pain,1,0,0
29,68.03,2,3,CONTRACEPTION,Uterine perforation,1,0,0
24,116.1,1,4,SCHIZOPHRENIA,Oedema peripheral,0,0,0
59,105,1,2,PRODUCT USED FOR UNKNOWN INDICATION,Chest pain,1,0,0
71,87.08,1,5,MYELOFIBROSIS,Pulmonary embolism,1,0,0
79,86.17,2,5,,White blood cell count increased,0,0,0
48,79.37,2,3,MYELOPROLIFERATIVE DISORDER,Platelet count increased,0,0,0
4,21.77,2,1,HYPERSENSITIVITY,Overdose,0,0,0
63,65.83,2,1,MANIA,Dysgeusia,0,0,0
58,82.1,1,20,,Hypertension,0,0,0
49,103,1,2,ASTHMA,Incorrect route of drug administration,0,0,0
7,19.96,2,3,,Overdose,0,0,0
57,91,1,4,BIPOLAR DISORDER,Mental disorder,0,0,0
23,75,1,4,PYREXIA,Acute respiratory distress syndrome,0,1,0
10,33.11,2,2,,Overdose,0,0,0
4,17.24,1,1,HYPERSENSITIVITY,Overdose,0,0,0
8,27.22,1,3,HYPERSENSITIVITY,Overdose,0,0,0
70,55.39,1,10,CEREBROVASCULAR ACCIDENT,Nephrogenic systemic fibrosis,0,1,0
41,118.04,1,6,BIPOLAR DISORDER,Medication residue present,0,0,0
66,81.41,2,11,RHEUMATOID ARTHRITIS,Osteomyelitis,0,0,0
74,120,1,6,DIABETES MELLITUS,Erysipelas,1,1,0
46,66,1,4,CROHN^S DISEASE,Rectal haemorrhage,1,0,0
60,67.57,2,15,,Weight increased,0,0,0
57,97.61,2,9,CONVULSION,Hair growth abnormal,0,0,0
43,61.29,2,7,PSORIASIS,Organising pneumonia,1,0,0
76,87.17,1,4,PARKINSON^S DISEASE,Disease progression,0,0,0
86,67.19,1,2,PARKINSON^S DISEASE,Hypertension,0,0,0
22,90.25,2,3,CONTRACEPTION,Implant site pruritus,0,0,0
30,56.75,1,3,BIPOLAR DISORDER,Tremor,0,0,0
50,77.27,1,32,SCAN BRAIN,Nephrogenic systemic fibrosis,0,0,1
18,113.38,2,1,CONTRACEPTION,Implant site irritation,0,0,0
42,86,1,1,ACROMEGALY,Blood sodium decreased,1,0,0
79,81.72,1,4,CONVULSION,Somnolence,0,0,0
17,115,2,6,CYSTIC FIBROSIS,Lung infection,1,0,0
67,74.83,2,14,MYELOFIBROSIS,Haemoglobin decreased,0,0,0
4,18.14,1,2,,Overdose,0,0,0
35,58.96,2,1,CONTRACEPTION,Abortion induced,0,0,0
82,65.31,1,9,AUTOIMMUNE DISORDER,Type 2 diabetes mellitus,1,0,0
43,80.81,2,27,AGORAPHOBIA,Activities of daily living impaired,0,0,0
71,88,1,4,HYPERTENSION,Loss of proprioception,0,0,0
26,69.01,2,3,CONTRACEPTION,Embedded device,0,0,0
53,54.93,2,17,RHEUMATOID ARTHRITIS,Hyponatraemia,1,0,0
68,83,2,4,BREAST CANCER,Dizziness,1,0,0
35,58.96,2,1,CONTRACEPTION,Device difficult to use,0,0,0
54,76,2,3,RHEUMATOID ARTHRITIS,Arthropathy,1,0,0
46,83.54,1,11,GRAND MAL CONVULSION,Grand mal convulsion,0,0,0
68,59.4,2,16,ACUTE MYELOID LEUKAEMIA,Fluid overload,1,0,0
64,75,1,3,PSORIASIS,Muscular weakness,1,0,0
28,79.9,1,1,BIPOLAR DISORDER,Dreamy state,0,0,0
73,104.31,1,10,,Fluid retention,0,0,0
54,70,1,13,,Diabetes mellitus,1,0,0
42,54.48,2,2,BIPOLAR DISORDER,Product quality issue,0,0,0
63,92.06,1,13,,Blood count abnormal,0,0,0
25,49.89,2,6,NECK PAIN,Injury,1,0,0
60,84,2,2,ASTHMA,Incorrect route of drug administration,0,0,0
72,65.31,2,8,MYELOFIBROSIS,Platelet count decreased,0,0,0
18,73,2,10,,Cerebral venous thrombosis,1,0,0
29,77.98,2,5,,Thrombosis,0,0,0
91,48,2,1,EMPHYSEMA,Drug administration error,0,0,0
73,77.18,1,5,CONVULSION,Fall,1,0,0
67,79,2,2,CHRONIC OBSTRUCTIVE PULMONARY DISEASE,Dyspnoea,0,0,0
58,52,2,1,CHRONIC OBSTRUCTIVE PULMONARY DISEASE,Incorrect route of drug administration,0,0,0
47,109.87,2,1,MIGRAINE,Cautery to nose,0,0,0
8,34.96,1,4,AGGRESSION,Drug ineffective,0,0,0
7,36.29,1,3,,Overdose,0,0,0
63,147.55,2,11,MENTAL DISORDER,Weight increased,0,0,0
56,68.93,2,14,,Blood lactate dehydrogenase increased,0,0,0
89,63.39,2,1,DYSPEPSIA,Drug ineffective,0,0,0
70,59.41,1,5,PARKINSON^S DISEASE,Hypokinesia,1,0,0
69,73.02,1,1,MYELOFIBROSIS,Nasopharyngitis,0,0,0
43,53.57,2,1,BIPOLAR DISORDER,Disorientation,0,0,0
19,58,2,2,LYMPHOMA,Mucosal inflammation,1,0,0
14,50.85,1,4,JUVENILE MYOCLONIC EPILEPSY,Gingivitis,0,0,0
16,35,2,4,LYMPHOMA,Hepatocellular injury,1,0,0
59,74.91,2,1,PRODUCT USED FOR UNKNOWN INDICATION,Drug prescribing error,0,0,0
2,16.33,1,2,,Overdose,0,0,0
2,19.5,2,2,,Overdose,0,0,0
46,73,2,1,BREAST CANCER,Blood glucose increased,0,0,0
61,75,1,2,ANKYLOSING SPONDYLITIS,Asthenia,1,0,0
43,54.48,2,2,BIPOLAR DISORDER,Anxiety,0,0,0
34,55.84,1,3,EPILEPSY,Convulsion,0,0,0
80,63.04,2,4,,Haemorrhage,0,0,0
48,100,1,6,HEPATITIS C,Injection site rash,0,0,0
59,82.54,2,6,MYELOFIBROSIS,Epistaxis,0,0,0
39,120.31,2,4,CONTRACEPTION,Anaphylactic reaction,0,0,0
47,80.36,2,2,CONTRACEPTION,Embedded device,0,0,0
81,79.37,1,1,MYELOFIBROSIS,Drug dose omission,0,0,0
41,80,2,3,MULTIPLE SCLEROSIS,Muscle spasms,1,0,0
57,65,2,1,PRODUCT USED FOR UNKNOWN INDICATION,Bronchospasm,0,0,0
58,75,2,3,RHEUMATOID ARTHRITIS,Blood fibrinogen decreased,0,0,0
33,68.27,2,5,,Pulmonary embolism,1,0,0
32,68.27,2,1,,Anxiety,0,0,0
40,56.69,2,5,ACNE,Anxiety,1,0,0
77,57,2,1,PNEUMONIA,Off label use,0,0,0
82,75,1,1,CONSTIPATION,Intestinal haemorrhage,0,0,0
46,122.45,1,14,GAIT DISTURBANCE,Convulsion,1,0,0
22,69,1,13,TONSILLITIS,Bone marrow failure,1,0,0
74,133.48,1,7,CHRONIC OBSTRUCTIVE PULMONARY DISEASE,Large intestine polyp,0,0,0
85,59,1,3,ATRIAL FIBRILLATION,Haematochezia,1,0,0
66,65.76,2,3,MYELOFIBROSIS,Eye haemorrhage,0,0,0
71,64,2,2,CHRONIC OBSTRUCTIVE PULMONARY DISEASE,Dysphonia,0,0,0
63,71.1,2,7,,Haemoglobin decreased,1,0,0
61,74,1,7,PROPHYLAXIS,Acute myocardial infarction,1,0,0
78,70,1,1,ENDOCRINE NEOPLASM MALIGNANT,Malignant neoplasm progression,1,1,0
46,120.65,2,3,DEPRESSION,Blepharospasm,0,0,0
75,72.56,2,5,MYELOFIBROSIS,Laboratory test abnormal,0,0,0
23,65.76,2,2,,Emotional distress,1,0,0
28,70,1,1,PRODUCT USED FOR UNKNOWN INDICATION,Oropharyngeal spasm,0,0,0
15,84,2,3,DEPRESSION,Seizure like phenomena,1,0,0
75,56.2,2,5,MYELOFIBROSIS,Flatulence,0,0,0
8,49.9,2,1,SEASONAL ALLERGY,Overdose,0,0,0
25,68.1,2,2,POST COITAL CONTRACEPTION,Menstruation delayed,0,0,0
82,98,1,6,MYELOFIBROSIS,Fatigue,0,0,0
40,104.31,2,1,MYELOFIBROSIS,Influenza like illness,0,0,0
71,67.7,1,5,CHRONIC LYMPHOCYTIC LEUKAEMIA,Traumatic haematoma,1,0,0
23,90.7,2,2,CONTRACEPTION,Uterine perforation,1,0,0
34,66.74,2,4,CONTRACEPTION,Menorrhagia,0,0,0
70,98,1,10,,Skin discolouration,1,0,0
62,65,1,12,,Overdose,1,0,0
6,30.39,1,3,HYPERSENSITIVITY,Inappropriate schedule of drug administration,0,0,0
3,15.88,2,2,,Overdose,0,0,0
3,18.14,1,3,HYPERSENSITIVITY,Overdose,0,0,0
26,86.17,2,7,DEPRESSION,Spinal disorder,0,0,0
6,22.68,2,2,,Overdose,0,0,0
53,81.5,2,1,OSTEOPOROSIS,Femoral neck fracture,0,0,0
14,94.35,2,2,,Overdose,0,0,0
12,46.72,1,1,,Overdose,0,0,0
64,104.31,2,5,DEPRESSION,Chest pain,1,0,0
89,95.24,2,2,RHEUMATOID ARTHRITIS,Glaucoma,0,0,0
81,64,,8,HAEMOSTASIS,Skin necrosis,0,0,0
57,86.2,1,4,NEURALGIA,Alopecia,0,0,0
57,45,1,1,RENAL CELL CARCINOMA,Death,0,1,0
72,49.89,2,3,NEUROPATHY PERIPHERAL,Back pain,0,0,0
58,87.08,2,5,,Dizziness,0,0,0
80,54,2,11,PRODUCT USED FOR UNKNOWN INDICATION,Renal impairment,1,0,0
51,80,2,6,HEPATIC STEATOSIS,Thyroid nodule removal,1,0,0
42,121.9,2,1,DEPRESSION,Diarrhoea,0,0,0
47,59.86,2,3,SMOKING CESSATION THERAPY,Rash,0,0,0
71,92.97,1,8,MYELOFIBROSIS,Abdominal pain upper,0,0,0
72,67,1,5,MYELOFIBROSIS,Thrombocytopenia,0,0,0
60,100,1,4,ATRIAL FIBRILLATION,Cardiac failure,1,0,0
67,63.5,2,2,DEPRESSION,Dizziness,0,0,0
78,75.5,2,1,ATRIAL FIBRILLATION,Deafness,0,0,0
48,56,1,6,PRODUCT USED FOR UNKNOWN INDICATION,Neuropathy peripheral,0,0,0
3,18.14,2,3,SEASONAL ALLERGY,Overdose,0,0,0
33,54.48,2,2,POST COITAL CONTRACEPTION,Menstruation irregular,0,0,0
27,77.18,2,3,POST COITAL CONTRACEPTION,Menstruation irregular,0,0,0
55,53.52,2,2,SMOKING CESSATION THERAPY,Drug ineffective,0,0,0
3,15.88,1,4,,Overdose,0,0,0
76,91.16,2,2,DEPRESSION,Rheumatoid arthritis,0,0,0
26,54.48,2,2,POST COITAL CONTRACEPTION,Menstruation irregular,0,0,0
3,14.97,2,6,,Overdose,0,0,0
52,68.03,2,4,NERVE INJURY,Drug ineffective,0,0,0
10,32.21,1,3,SEASONAL ALLERGY,Overdose,0,0,0
74,87,1,11,PRODUCT USED FOR UNKNOWN INDICATION,Dyspnoea,0,0,0
57,91,1,4,SARCOIDOSIS,Depression,0,0,0
65,112,1,9,HYPERTENSION,Cerebrovascular accident,0,0,0
5,22.68,1,2,HYPERSENSITIVITY,Overdose,0,0,0
8,22.68,2,5,,Overdose,0,0,0
46,85,1,3,,Electrocardiogram QT prolonged,0,0,0
66,48.07,2,1,RHEUMATOID ARTHRITIS,Pain in extremity,0,0,0
73,77,1,4,SLEEP DISORDER,Aortic dissection,1,0,0
62,79.4,1,20,PRODUCT USED FOR UNKNOWN INDICATION,Depression,1,0,0
58,90.7,2,1,STAPHYLOCOCCAL INFECTION,Erythema,0,0,0
34,58.57,2,1,CONTRACEPTION,Device dislocation,0,0,0
84,73,2,3,POLLAKIURIA,Drug ineffective,0,0,0
62,66.67,2,9,MYELOFIBROSIS,Nausea,0,0,0
42,64,2,5,BREAST CANCER,Renal failure,1,1,0
4,19.5,1,2,,Overdose,0,0,0
52,65.77,2,11,RHEUMATOID ARTHRITIS,Blood pressure increased,0,0,0
54,99.77,1,1,RENAL CANCER,Fatigue,0,0,0
8,31.75,1,3,SEASONAL ALLERGY,Overdose,0,0,0
85,75,1,2,CEREBROVASCULAR ACCIDENT PROPHYLAXIS,Basal ganglia haemorrhage,0,1,0
55,95.24,2,1,DEPRESSION,Drug ineffective,0,0,0
80,95.24,1,7,PAIN,Drug ineffective,0,0,0
78,74.91,2,3,PLASMA CELL MYELOMA,Respiratory disorder,1,0,0
66,58,2,7,SPINAL DISORDER,Spinal disorder,0,0,0
52,75,2,5,HYPERTENSION,Cardiac stress test abnormal,1,0,0
20,45.35,2,1,FIBROMYALGIA,Drug ineffective,0,0,0
57,91,1,4,SARCOIDOSIS,Condition aggravated,0,0,0
38,90.7,1,2,,Loss of consciousness,1,0,0
72,58.5,2,7,MYELOFIBROSIS,Haemoglobin decreased,0,0,0
62,44.9,2,6,,Flatulence,0,0,0
65,99.77,2,1,TYPE 2 DIABETES MELLITUS,Skin irritation,1,0,1
8,23.81,2,3,LACRIMATION INCREASED,Overdose,0,0,0
7,31.75,1,1,SEASONAL ALLERGY,Inappropriate schedule of drug administration,0,0,0
62,71.2,2,9,MYELOFIBROSIS,Dysgeusia,0,0,0
27,105.33,2,1,POST COITAL CONTRACEPTION,Pregnancy,0,0,0
4,15.88,1,1,SEASONAL ALLERGY,Overdose,0,0,0
4,17.24,2,3,PRODUCT USED FOR UNKNOWN INDICATION,Overdose,0,0,0
64,78,1,10,MYELOFIBROSIS,Diarrhoea,0,0,0
97,60.65,2,1,DEMENTIA,Gastrointestinal haemorrhage,1,0,0
3,17.69,1,3,,Overdose,0,0,0
39,99.7,2,14,,Vomiting,0,0,1
5,21.77,1,2,,Overdose,0,0,0
77,69.85,2,6,JOINT INJURY,Femur fracture,0,0,0
53,66,2,2,HYPERTENSION,Cough,0,0,0
71,81.63,2,2,LOW DENSITY LIPOPROTEIN INCREASED,Type 2 diabetes mellitus,0,0,0
7,34.2,1,3,HYPERSENSITIVITY,Inappropriate schedule of drug administration,0,0,0
71,67.7,2,11,,Subileus,1,0,0
48,57,2,5,,Cataract,0,0,0
35,59.1,1,4,ACQUIRED IMMUNODEFICIENCY SYNDROME,Abdominal pain upper,1,0,0
49,72.56,2,4,LOW DENSITY LIPOPROTEIN ABNORMAL,Type 2 diabetes mellitus,0,0,0
75,80,2,1,ATRIAL FIBRILLATION,Cataract,0,0,0
53,65.77,2,2,HYPERTENSION,Cough,0,0,0
41,60,1,17,HIV INFECTION,Death,0,1,0
71,65,2,10,,Hip fracture,1,0,0
74,96,1,3,BLOOD CHOLESTEROL INCREASED,Muscle spasms,0,0,0
73,81.65,2,10,BLOOD CHOLESTEROL INCREASED,Type 2 diabetes mellitus,0,0,0
22,87.17,2,2,CONTRACEPTION,Device dislocation,0,0,0
56,91.4,1,8,,Mental status changes,1,0,0
6,22.68,2,3,SEASONAL ALLERGY,Overdose,0,0,0
61,74.5,2,1,PRODUCT USED FOR UNKNOWN INDICATION,Pneumonia,0,0,0
61,74.5,2,1,PRODUCT USED FOR UNKNOWN INDICATION,Pneumonia viral,0,0,0
64,95.5,1,5,PRODUCT USED FOR UNKNOWN INDICATION,Diplopia,0,0,0
3,15.88,1,2,SEASONAL ALLERGY,Overdose,0,0,0
36,95,1,2,CROHN^S DISEASE,Palpitations,0,0,0
66,58.8,2,9,CROHN^S DISEASE,Colitis,0,0,0
71,74,2,2,COLITIS ULCERATIVE,Small intestinal stenosis,0,0,0
52,74,2,2,DEPRESSED MOOD,Arrhythmia,1,0,1
49,77,2,4,CARDIOVASCULAR DISORDER,Type 2 diabetes mellitus,0,0,0
61,81.63,2,2,,Type 2 diabetes mellitus,0,0,0
26,62,2,2,EPILEPSY,Confusional state,0,0,0
60,77,2,3,METASTASES TO BONE,Dizziness,1,0,0
4,21,1,2,NASOPHARYNGITIS,Erythema,1,0,0
57,96,2,4,HYPERTENSION,Type 2 diabetes mellitus,0,0,0
78,57,2,3,HYPERTENSION,Blood pressure decreased,1,0,0
46,63,2,2,,Hyperkalaemia,1,0,0
63,75,2,5,,Type 2 diabetes mellitus,0,0,0
67,65,2,2,BLOOD CHOLESTEROL INCREASED,Type 2 diabetes mellitus,0,0,0
27,99.77,2,2,,Drug ineffective,0,0,0
66,73,2,3,LOW DENSITY LIPOPROTEIN INCREASED,Type 2 diabetes mellitus,0,0,0
50,44,2,13,,Renal abscess,1,0,0
55,92,1,7,HIV INFECTION,Myocardial infarction,0,1,0
32,67.12,2,2,,Weight increased,0,0,0
50,79,2,2,CARDIOVASCULAR EVENT PROPHYLAXIS,Type 2 diabetes mellitus,0,0,0
69,83,2,4,BLOOD CHOLESTEROL INCREASED,Type 2 diabetes mellitus,0,0,0
66,49,2,6,,Type 2 diabetes mellitus,0,0,0
38,76.19,2,3,SMOKING CESSATION THERAPY,Irritability,0,0,0
65,57.14,2,4,ARTHRITIS,Bone pain,0,0,0
68,48,2,4,,Type 2 diabetes mellitus,0,0,0
40,79,2,3,LOW DENSITY LIPOPROTEIN ABNORMAL,Neuropathy peripheral,0,0,0
69,68,2,5,BRONCHIAL CARCINOMA,Cough,1,0,0
69,79.3,2,2,,Drug hypersensitivity,0,0,0
50,76,2,4,HYPERLIPIDAEMIA,Type 2 diabetes mellitus,0,1,0
57,62,2,5,ANKYLOSING SPONDYLITIS,Brain neoplasm,1,0,0
22,70.75,2,13,BACK PAIN,Cerebral thrombosis,1,0,0
74,45,2,2,OSTEOPOROTIC FRACTURE,Breast cancer recurrent,0,0,1
58,100.33,2,1,PLASMA CELL MYELOMA,Gallbladder disorder,1,0,0
36,80,1,29,"SCHIZOPHRENIA, PARANOID TYPE",Weight decreased,0,0,0
1,3.28,2,3,DEPRESSION,Motor developmental delay,0,0,0
88,69,1,8,HYPERTENSION,Respiratory failure,0,1,0
20,54,2,1,CONTRACEPTION,Device issue,1,0,0
65,73,2,5,LOW DENSITY LIPOPROTEIN INCREASED,Type 2 diabetes mellitus,0,0,0
58,68,2,3,BLOOD CHOLESTEROL INCREASED,Type 2 diabetes mellitus,0,0,0
54,118,2,5,CARDIOVASCULAR EVENT PROPHYLAXIS,Type 2 diabetes mellitus,0,0,0
63,57,0,3,PANCREATIC CARCINOMA,Pulmonary embolism,0,0,0
82,93.07,1,1,PLASMA CELL MYELOMA,Plasma cell myeloma,0,1,0
11,54.43,1,4,,Overdose,0,0,0
30,83.91,1,3,RENAL FAILURE CHRONIC,Weight increased,0,0,0
16,68.93,2,1,CONTRACEPTION,Abortion spontaneous,0,0,0
1,13.61,1,1,,Overdose,0,0,0
4,17.24,2,3,,Overdose,0,0,0
1,2.22,1,1,PANIC DISORDER,Small for dates baby,0,0,0
2,13.61,2,3,,Overdose,0,0,0
4,14.97,1,5,,Overdose,0,0,0
25,56,1,7,TOXOPLASMOSIS,Escherichia bacteraemia,1,1,0
25,68.1,2,1,POST COITAL CONTRACEPTION,Pregnancy after post coital contraception,0,0,0
73,69,1,8,SUPRAVENTRICULAR TACHYCARDIA,Pulseless electrical activity,0,1,0
66,66.21,2,11,,Blood pressure decreased,0,0,0
1,4.05,1,5,DEPRESSION,Pulmonary valve stenosis congenital,0,0,0
68,85.7,2,9,MYELODYSPLASTIC SYNDROME,Myelodysplastic syndrome,1,1,0
96,66,2,2,ATRIAL FIBRILLATION,Haematochezia,1,0,0
28,61.68,2,5,,Chest discomfort,0,0,0
63,73.92,2,3,BLOOD CHOLESTEROL INCREASED,Type 2 diabetes mellitus,0,0,0
59,86.26,1,10,TRAUMATIC LUNG INJURY,Intestinal mucosal hypertrophy,1,0,0
63,108.96,1,9,PSORIASIS,Fall,1,0,0
58,68,2,4,LOW DENSITY LIPOPROTEIN INCREASED,Type 2 diabetes mellitus,0,0,0
32,72.64,2,1,POST COITAL CONTRACEPTION,Device dislocation,0,0,0
51,63,2,3,BLOOD CHOLESTEROL ABNORMAL,Type 2 diabetes mellitus,0,0,0
50,83,2,6,CARDIOVASCULAR DISORDER,Renal failure,0,0,0
22,69,1,13,,Phlebitis,0,0,0
4,22.68,1,2,,Overdose,0,0,0
55,99.77,2,1,ARTHRITIS,Arthropathy,0,0,0
47,74.83,2,4,,Type 2 diabetes mellitus,0,0,0
67,80,1,6,BLADDER CANCER,Hyperkalaemia,0,0,0
48,73,2,4,BLOOD CHOLESTEROL INCREASED,Type 2 diabetes mellitus,0,0,0
70,85.9,2,7,,Death,0,1,0
21,59,2,3,CROHN^S DISEASE,General physical health deterioration,1,0,0
67,71.66,2,4,ANXIETY,Spinal disorder,1,0,0
53,76.19,2,10,HYPERTENSION,Type 2 diabetes mellitus,0,0,0
50,61,2,3,LOW DENSITY LIPOPROTEIN INCREASED,Blindness,0,0,1
17,48.6,2,4,CONTRACEPTION,Pelvic inflammatory disease,0,0,0
21,73.16,2,1,CONTRACEPTION,Abdominal pain lower,0,0,0
46,48,,3,CARDIOVASCULAR EVENT PROPHYLAXIS,Type 2 diabetes mellitus,0,0,0
32,93,2,1,CONTRACEPTION,Uterine perforation,0,0,0
55,63.49,2,1,BLOOD CHOLESTEROL INCREASED,Type 2 diabetes mellitus,0,0,0
76,65.76,2,11,MYELOFIBROSIS,Nasal congestion,0,0,0
72,81,2,3,BLOOD CHOLESTEROL INCREASED,Type 2 diabetes mellitus,0,0,0
64,72.56,2,2,BLOOD CHOLESTEROL INCREASED,Type 2 diabetes mellitus,0,0,0
70,100.23,1,7,MYELODYSPLASTIC SYNDROME,Blood alkaline phosphatase increased,0,0,0
59,81.64,1,5,HYPERTENSION,Joint swelling,0,0,1
50,56,2,1,MULTIPLE SCLEROSIS,Multiple sclerosis relapse,1,0,0
75,72.12,2,4,MYELODYSPLASTIC SYNDROME,Lower gastrointestinal haemorrhage,1,0,0
2,11.34,1,3,,Overdose,0,0,0
4,14.52,2,3,HYPERSENSITIVITY,Overdose,0,0,0
3,15.88,2,3,,Overdose,0,0,0
57,113,1,7,,Chest pain,1,0,0
35,60,2,5,DEPRESSION,Uterine cyst,1,0,0
34,85.6,2,6,HUNGRY BONE SYNDROME,Hypersensitivity,1,0,0
3,17.24,1,2,,Overdose,0,0,0
3,14.52,2,1,,Overdose,0,0,0
20,59.86,2,2,RHEUMATOID ARTHRITIS,Injection site reaction,0,0,0
74,55.78,1,8,HEPATOCELLULAR CARCINOMA,Diabetes mellitus,1,0,0
72,114,1,9,CHRONIC OBSTRUCTIVE PULMONARY DISEASE,Gallbladder disorder,1,0,0
84,43,2,1,FLATULENCE,Device colour issue,0,0,0
65,63,1,2,COLORECTAL CANCER,Diarrhoea,0,0,0
72,86,2,2,ASTHMA,Off label use,0,0,0
6,34.93,1,2,,Overdose,0,0,0
68,43.54,2,3,SMOKING CESSATION THERAPY,Pneumonia,1,0,0
5,24.95,2,3,,Overdose,0,0,0
77,82.6,2,13,PRODUCT USED FOR UNKNOWN INDICATION,Septic shock,0,1,0
91,56.24,2,11,HYPERTONIC BLADDER,Drug ineffective,0,0,0
38,74,2,1,ASTHMA,Myalgia,0,0,0
12,36.29,1,3,,Overdose,0,0,0
48,60,2,2,OVARIAN CANCER,Pain,0,0,0
78,52,2,1,CHRONIC OBSTRUCTIVE PULMONARY DISEASE,Tremor,0,0,0
71,59,1,3,CHRONIC MYELOID LEUKAEMIA,Respiratory failure,1,0,0
41,68.8,2,12,GLIOBLASTOMA MULTIFORME,Malignant neoplasm progression,1,1,0
54,61,2,5,BREAST CANCER METASTATIC,Sepsis,0,1,0
59,75,1,3,MULTIPLE SCLEROSIS,Basal cell carcinoma,0,0,0
19,55,1,27,,Bone marrow failure,1,0,0
31,69.85,2,4,PRODUCT USED FOR UNKNOWN INDICATION,Shared psychotic disorder,0,0,1
48,44,2,2,COLORECTAL CANCER,Eating disorder,1,1,0
47,102,2,5,BACK PAIN,Jaundice cholestatic,1,0,0
46,78.5,1,4,ANTIVIRAL TREATMENT,Drug interaction,0,0,0
26,33.4,2,12,CONVULSION,Nephrogenic systemic fibrosis,0,0,1
53,40,2,9,,Bone disorder,1,0,0
55,67,2,11,RHEUMATOID ARTHRITIS,Weight increased,0,0,0
31,69.85,2,3,DEPRESSION,Shared psychotic disorder,0,0,1
64,69.39,2,1,PSORIATIC ARTHROPATHY,Knee arthroplasty,1,0,1
64,63,2,7,PRODUCT USED FOR UNKNOWN INDICATION,Paraesthesia,0,0,0
35,60,1,1,MULTIPLE SCLEROSIS,Balance disorder,0,0,0
16,53.97,2,2,CONTRACEPTION,Implant site pain,0,0,0
73,64,1,4,RHEUMATOID ARTHRITIS,Hemiplegia,1,0,1
58,88,1,30,RELAPSING-REMITTING MULTIPLE SCLEROSIS,Muscle spasms,0,0,0
44,79,2,1,MULTIPLE SCLEROSIS,Mobility decreased,0,0,0
32,79,2,3,MULTIPLE SCLEROSIS,Urticaria,0,0,0
31,97,1,1,ANKYLOSING SPONDYLITIS,Decreased immune responsiveness,0,0,0
65,62,2,2,DYSLIPIDAEMIA,Asthma,0,0,0
69,54,2,4,PRODUCT USED FOR UNKNOWN INDICATION,Urinary incontinence,0,0,0
63,68,1,3,GASTRIC CANCER,Disease progression,0,0,0
59,100,1,6,HYPERCHOLESTEROLAEMIA,Cough,0,0,0
49,50,2,3,COLORECTAL CANCER,Vomiting,0,0,0
43,85,2,14,PSORIATIC ARTHROPATHY,Fall,0,0,0
66,58,2,9,AGITATION,Sepsis,1,0,0
75,43,2,6,PARKINSON^S DISEASE,Loss of consciousness,1,0,0
63,111,2,8,HYPERTENSION,Cough,0,0,0
79,63,1,1,COLORECTAL CANCER,Disease progression,0,0,0
63,62,1,7,RHEUMATOID ARTHRITIS,Pneumocystis jirovecii pneumonia,1,0,0
77,72,1,2,PROSTATE CANCER,Interstitial lung disease,1,0,1
4,14,1,1,,Pseudocroup,0,0,0
3,13.15,1,1,ACCIDENTAL EXPOSURE TO PRODUCT,Accidental exposure to product by child,1,0,0
75,68.5,1,12,RECTAL CANCER,Chest pain,1,0,0
21,80,1,3,DEPRESSION,Altered state of consciousness,0,0,0
80,83.91,2,2,CHRONIC OBSTRUCTIVE PULMONARY DISEASE,Dyspnoea,0,0,0
54,81,1,3,PRODUCT USED FOR UNKNOWN INDICATION,Cardiac arrest,0,0,0
85,43.58,2,2,BASAL CELL CARCINOMA,Presyncope,0,0,0
85,49.89,2,1,RHEUMATOID ARTHRITIS,Fall,1,0,0
38,49,2,3,,Pulmonary embolism,1,0,0
58,99.88,2,4,BASAL CELL CARCINOMA,Headache,0,0,1
26,164.63,2,3,,Device expulsion,0,0,0
69,90,1,3,PRODUCT USED FOR UNKNOWN INDICATION,Intervertebral disc degeneration,1,0,0
54,108,1,24,PRODUCT USED FOR UNKNOWN INDICATION,Cardiac arrest,1,0,1
72,45,2,11,METASTASES TO BONE,Hyperglycaemia,1,0,0
21,84,2,6,PRODUCT USED FOR UNKNOWN INDICATION,Depression,1,0,1
0,.3,2,4,PUSTULAR PSORIASIS,Low birth weight baby,1,1,0
27,54,2,4,PUSTULAR PSORIASIS,Premature labour,1,0,0
56,91.2,1,7,PAIN,Oesophageal carcinoma,1,1,0
25,56.69,2,3,HYPOTHYROIDISM,Anxiety,1,0,0
52,118,2,9,TYPE 2 DIABETES MELLITUS,Drug interaction,1,0,0
44,75.6,1,6,PRODUCT USED FOR UNKNOWN INDICATION,Pain,1,0,0
17,97.61,1,3,ACNE,Mood swings,0,0,0
76,91.61,1,30,DIABETES MELLITUS,Atypical pneumonia,0,0,0
47,89,2,11,RHEUMATOID ARTHRITIS,Urinary tract infection,1,0,0
77,70,2,4,OVARIAN CANCER,Anaphylactic shock,0,0,0
52,73.55,2,4,POST-TRAUMATIC STRESS DISORDER,Weight increased,0,0,0
54,68.5,2,6,RHEUMATOID ARTHRITIS,Arthritis bacterial,1,0,0
76,58.2,2,4,,Interstitial lung disease,1,0,0
32,99.79,1,2,PRODUCT USED FOR UNKNOWN INDICATION,Diabetic ketoacidosis,1,0,0
64,62,2,3,PRODUCT USED FOR UNKNOWN INDICATION,Vomiting,0,0,1
74,44,2,16,BREAST CANCER STAGE II,Gingival swelling,0,1,0
76,65,2,7,AGE-RELATED MACULAR DEGENERATION,Cerebrovascular accident,1,0,0
17,49.89,2,1,,Asthenia,0,0,0
80,78,2,2,PRODUCT USED FOR UNKNOWN INDICATION,Endophthalmitis,0,0,0
55,100,2,3,HER-2 POSITIVE BREAST CANCER,Ventricular hypokinesia,0,0,0
66,74,2,7,Chronic myeloid leukaemia,Coronary artery disease,1,2,2
71,72,2,1,OVARIAN CANCER,Paraneoplastic dermatomyositis,0,0,0
57,50,2,5,PAIN,Lethargy,1,0,0
85,73,1,1,CHRONIC OBSTRUCTIVE PULMONARY DISEASE,Incorrect route of drug administration,0,0,0
49,81,2,2,RHEUMATOID ARTHRITIS,Syncope,0,0,1
66,68,2,13,PLASMA CELL MYELOMA,Glaucoma,0,0,0
44,67,2,20,IMMUNODEFICIENCY COMMON VARIABLE,Gastroenteritis Escherichia coli,1,0,0
56,52,2,1,HER-2 POSITIVE BREAST CANCER,Acute coronary syndrome,1,0,0
75,74.84,2,1,STENT PLACEMENT,Nausea,0,0,0
25,43,2,2,,Abdominal distension,1,0,0
67,101,1,9,DEEP VEIN THROMBOSIS,Death,1,1,0
89,66.68,2,7,CEREBROVASCULAR ACCIDENT PROPHYLAXIS,Blindness,1,0,1
40,125,1,1,THROMBOSIS PROPHYLAXIS,Dyspnoea,1,0,0
70,118.84,1,14,THROMBOSIS PROPHYLAXIS,Hypoglycaemic coma,1,0,0
66,81.65,2,3,SCHIZOPHRENIA,Drug dose omission,0,0,0
67,65.77,1,1,ANTICOAGULANT THERAPY,Bone marrow failure,1,0,0
75,77.84,1,6,DEEP VEIN THROMBOSIS,Cerebral haemorrhage,1,1,0
49,93,1,2,,Paraesthesia,0,0,0
46,80,1,1,DEEP VEIN THROMBOSIS,Dizziness,1,0,0
58,105.69,1,12,HIP ARTHROPLASTY,Pulmonary embolism,1,0,0
89,79.38,1,2,CEREBROVASCULAR ACCIDENT PROPHYLAXIS,Haemorrhage,1,0,0
81,81.3,1,13,CEREBROVASCULAR ACCIDENT PROPHYLAXIS,Cardiac arrest,1,1,0
86,80.2,2,11,EMBOLISM,Haematoma,1,0,0
75,57,2,12,,Subarachnoid haemorrhage,1,1,0
50,54,1,1,ANKYLOSING SPONDYLITIS,Polychondritis,1,0,0
76,62.59,2,2,ASTHMA,Bronchitis,0,0,1
82,73,1,1,CHRONIC OBSTRUCTIVE PULMONARY DISEASE,Drug effect decreased,0,0,0
55,50,2,9,,Erysipelas,1,0,0
74,71.3,1,5,MYELOFIBROSIS,Splenic rupture,1,0,0
67,45.63,2,25,PLASMA CELL MYELOMA,Infection,0,1,0
62,68,2,2,CARDIOVASCULAR EVENT PROPHYLAXIS,Type 2 diabetes mellitus,0,0,0
72,55,2,2,HYPERTENSION,Hypertension,0,0,0
41,61.68,2,3,,Pulmonary embolism,1,0,0
48,95.24,2,1,,Deep vein thrombosis,0,0,0
81,59,1,9,NOCTURIA,Drug interaction,0,0,0
57,44,2,1,HEADACHE,Hypersensitivity,0,0,0
3,15,1,17,NEOPLASM MALIGNANT,Febrile neutropenia,1,0,0
69,60,2,2,RENAL CELL CARCINOMA,Death,0,1,0
58,76,2,3,LOW DENSITY LIPOPROTEIN INCREASED,Type 2 diabetes mellitus,0,0,0
65,75.28,2,1,DEPRESSION,Feeling abnormal,0,0,0
80,63.8,2,8,PLASMA CELL MYELOMA,Invasive ductal breast carcinoma,0,0,0
65,60.77,2,3,ARTHRITIS,Chest pain,0,0,0
53,95.24,2,2,DEPRESSION,Fall,0,0,0
23,49.94,2,1,CONTRACEPTION,Pregnancy,0,0,0
69,54,2,4,PRODUCT USED FOR UNKNOWN INDICATION,Urinary incontinence,0,0,0
44,95.24,2,6,,Deep vein thrombosis,1,0,0
49,81.18,2,4,,Pulmonary embolism,1,0,0
66,69.39,1,5,,Pancreatic carcinoma stage IV,0,1,0
6,4.43,1,2,NEPHROGENIC DIABETES INSIPIDUS,Acute prerenal failure,0,0,0
20,55.96,2,7,,Pulmonary embolism,1,0,0
71,148.75,1,5,TYPE 2 DIABETES MELLITUS,Pancreatic carcinoma,1,1,0
62,58.96,2,6,GLUCOSE TOLERANCE IMPAIRED,Pancreatic carcinoma,1,1,0
42,74.83,2,4,,Pulmonary embolism,0,0,0
26,77.1,2,8,,Pulmonary embolism,1,0,0
83,88,1,10,HIATUS HERNIA,Weight decreased,0,0,0
44,94.79,2,3,,Transverse sinus thrombosis,1,0,0
33,78.01,2,1,,Pulmonary embolism,1,0,0
35,68.55,2,1,PAIN,Skin discolouration,0,0,0
27,56.69,2,2,,Pain,1,0,0
65,136,1,8,ATRIAL FIBRILLATION,Paraesthesia oral,0,0,0
19,68.27,2,4,PREMENSTRUAL SYNDROME,Pain in extremity,1,0,1
55,59.02,2,1,PRODUCT USED FOR UNKNOWN INDICATION,Heart rate irregular,1,0,0
52,53,1,3,INFECTION,Sepsis,0,1,0
72,76.3,1,7,RECTAL CANCER,Pilonidal cyst,0,0,1
36,96.15,2,7,,Chest pain,1,0,0
87,53.52,2,5,POLLAKIURIA,Drug effect decreased,0,0,0
41,77.98,2,6,,Anxiety,1,0,0
59,78.46,2,12,THYROID CANCER,Eating disorder,1,0,0
37,104.31,2,7,,Migraine,1,1,0
19,109,2,26,ATTENTION DEFICIT/HYPERACTIVITY DISORDER,Anxiety,1,0,0
29,72.56,2,14,,Cerebrovascular accident,1,0,0
49,126.98,2,1,BACK PAIN,Extra dose administered,0,0,0
48,103.86,2,29,,Thrombosis,1,0,0
32,108.84,2,4,,Pulmonary embolism,1,0,0
45,89.8,2,17,,Deep vein thrombosis,1,0,0
38,79.37,2,6,,General physical health deterioration,1,0,0
70,52,2,4,MYALGIA,Rash,0,0,0
31,55.33,2,1,TOOTHACHE,Inappropriate schedule of drug administration,0,0,0
4,16,1,11,NERVOUS SYSTEM DISORDER,Drug administered to patient of inappropriate age,0,0,1
32,101.13,2,6,,Deep vein thrombosis,1,0,0
86,81,1,1,ARTHRITIS,Drug ineffective,0,0,0
43,84,2,2,BREAST CANCER,Neutropenia,0,0,0
62,51,1,2,APLASTIC ANAEMIA,Anaemia,1,0,0
54,73,2,3,HEREDITARY ANGIOEDEMA,Retinal vein thrombosis,0,0,0
65,50,2,1,,Death,1,1,0
71,95,2,2,LOW DENSITY LIPOPROTEIN INCREASED,Type 2 diabetes mellitus,0,0,0
73,54,2,6,BLOOD TRIGLYCERIDES INCREASED,Arthritis,0,0,0
44,58,2,4,CARDIOVASCULAR EVENT PROPHYLAXIS,Type 2 diabetes mellitus,0,0,1
79,90,2,7,STAPHYLOCOCCAL INFECTION,Type 2 diabetes mellitus,0,0,0
69,73,2,8,CARDIOVASCULAR EVENT PROPHYLAXIS,Type 2 diabetes mellitus,0,0,0
72,77,1,4,ANAL CANCER,Disease progression,1,1,0
55,100,2,4,LOW DENSITY LIPOPROTEIN INCREASED,Type 2 diabetes mellitus,0,0,0
67,77,2,3,LOW DENSITY LIPOPROTEIN INCREASED,Type 2 diabetes mellitus,0,0,0
58,127,2,4,CARDIOVASCULAR EVENT PROPHYLAXIS,Type 2 diabetes mellitus,0,0,0
68,63,2,4,LOW DENSITY LIPOPROTEIN INCREASED,Type 2 diabetes mellitus,0,0,0
56,82.99,2,3,BLOOD CHOLESTEROL INCREASED,Type 2 diabetes mellitus,0,0,0
77,66,2,6,HYPOPARATHYROIDISM,Type 2 diabetes mellitus,0,0,0
48,57,2,8,BLOOD TRIGLYCERIDES INCREASED,Type 2 diabetes mellitus,0,0,0
61,64,1,1,DIABETES MELLITUS,Cardiac arrest,0,1,0
68,63,2,12,,Chillblains,0,0,0
61,70,1,1,PITUITARY-DEPENDENT CUSHING^S SYNDROME,Hyponatraemia,0,0,0
60,81.65,1,1,BLOOD TESTOSTERONE DECREASED,Cardiac arrest,1,1,0
35,97,2,4,PRODUCT USED FOR UNKNOWN INDICATION,Drug abuse,0,1,0
19,57,2,20,HYPOVITAMINOSIS,Forced expiratory volume decreased,1,0,0
54,72.5,2,8,LOW DENSITY LIPOPROTEIN INCREASED,Asthenia,0,0,0
87,56.1,1,7,CEREBROVASCULAR ACCIDENT PROPHYLAXIS,Gastrointestinal haemorrhage,1,1,0
56,92.1,1,5,ATRIAL FIBRILLATION,Upper gastrointestinal haemorrhage,1,0,0
41,149.69,1,2,CELLULITIS,Stevens-Johnson syndrome,1,0,1
54,83.92,1,1,SKIN COSMETIC PROCEDURE,Headache,0,0,0
54,54,2,1,FIBROMYALGIA,Nervousness,0,0,0
30,71,2,1,,Dyspnoea,0,0,0
72,78.5,1,2,MYELODYSPLASTIC SYNDROME,Pyelonephritis,1,0,0
3,16.78,1,1,CONSTIPATION,Cystitis,0,0,1
36,76.2,1,1,ACUTE TONSILLITIS,Swollen tongue,0,0,1
12,72.58,1,2,PAIN,Dyspnoea,1,0,0
46,62.14,2,1,ROSACEA,Flushing,0,0,0
47,106.4,1,3,RELAPSING-REMITTING MULTIPLE SCLEROSIS,Paralysis,0,0,0
54,61.24,2,1,ASTHMA,Cataract subcapsular,0,0,1
51,74.84,2,1,EXTERNAL EAR INFLAMMATION,Throat tightness,0,0,0
28,47,2,3,DEPRESSION,Haemorrhage in pregnancy,0,0,0
24,42,2,1,,Ectopic pregnancy,1,0,0
73,106.6,1,18,,Gastrointestinal haemorrhage,1,0,0
59,101.61,1,1,FATIGUE,Cerebrovascular accident,1,0,0
48,72.58,2,1,DEEP VEIN THROMBOSIS,Dizziness,0,0,0
34,154.2,1,5,GASTROOESOPHAGEAL REFLUX DISEASE,Umbilical hernia,0,0,0
35,86.18,1,1,UVEITIS,Nausea,0,0,0
0,3.16,2,4,,Congenital aural fistula,0,0,0
67,61.22,2,6,BLOOD TRIGLYCERIDES INCREASED,Type 2 diabetes mellitus,0,0,0
58,84.81,2,4,BLOOD TRIGLYCERIDES INCREASED,Type 2 diabetes mellitus,0,0,0
48,84,2,5,LOW DENSITY LIPOPROTEIN INCREASED,Type 2 diabetes mellitus,1,0,0
60,62,2,8,BLOOD TRIGLYCERIDES INCREASED,Type 2 diabetes mellitus,0,0,0
50,72,2,4,CARDIOVASCULAR EVENT PROPHYLAXIS,Type 2 diabetes mellitus,0,0,0
65,112,1,9,BLOOD CHOLESTEROL INCREASED,Small fibre neuropathy,0,0,0
71,65,2,2,GLAUCOMA,Deafness,0,0,0
60,55.4,2,9,NEOADJUVANT THERAPY,Rash generalised,1,0,0
41,45,2,24,ANTIFUNGAL PROPHYLAXIS,Cytomegalovirus test positive,1,1,0
57,65,2,3,HYPERTENSION,Nephrolithiasis,0,0,0
73,95.7,2,5,CHRONIC OBSTRUCTIVE PULMONARY DISEASE,Breast cancer,0,0,0
60,119.2,1,8,,Adrenal insufficiency,1,0,0
70,101.7,1,8,ANTICOAGULANT THERAPY,Loss of consciousness,1,0,0
71,63,2,1,CHRONIC OBSTRUCTIVE PULMONARY DISEASE,Cataract,0,0,0
57,104.76,1,27,,Death,0,1,0
28,62.59,2,1,CONTRACEPTION,Uterine perforation,1,0,0
19,73.16,1,2,ATTENTION DEFICIT/HYPERACTIVITY DISORDER,Increased appetite,0,0,0
67,98.9,2,9,BLOOD PRESSURE ABNORMAL,Coronary artery occlusion,1,0,0
40,50.5,2,20,SCLERODERMA ASSOCIATED DIGITAL ULCER,Oedema peripheral,1,0,0
26,90.7,2,4,CONTRACEPTION,Infertility female,1,0,0
25,97.51,2,9,MENORRHAGIA,Injury,1,0,0
36,90.7,2,13,GASTRITIS,Weight decreased,1,0,0
45,104,2,2,LOW DENSITY LIPOPROTEIN INCREASED,Type 2 diabetes mellitus,0,0,0
56,73,2,4,BLOOD CHOLESTEROL INCREASED,Neuralgia,0,0,0
59,70,2,6,MACULAR DEGENERATION,Type 2 diabetes mellitus,0,0,0
62,80,2,3,LOW DENSITY LIPOPROTEIN INCREASED,Type 2 diabetes mellitus,0,0,0
46,87.08,2,2,CARDIOVASCULAR EVENT PROPHYLAXIS,Type 2 diabetes mellitus,0,0,0
63,68,2,2,LOW DENSITY LIPOPROTEIN INCREASED,Type 2 diabetes mellitus,0,0,0
59,68,2,4,LOW DENSITY LIPOPROTEIN INCREASED,Type 2 diabetes mellitus,0,0,0
45,61,2,3,CARDIOVASCULAR EVENT PROPHYLAXIS,Type 2 diabetes mellitus,1,0,1
44,105,2,4,CARDIOVASCULAR EVENT PROPHYLAXIS,Type 2 diabetes mellitus,0,0,0
53,54,2,4,BLOOD TRIGLYCERIDES INCREASED,Type 2 diabetes mellitus,0,0,0
72,55,2,4,BLOOD CHOLESTEROL INCREASED,Type 2 diabetes mellitus,0,0,0
59,74,2,1,BLOOD CHOLESTEROL INCREASED,Type 2 diabetes mellitus,0,0,0
60,61.22,2,2,LOW DENSITY LIPOPROTEIN INCREASED,Type 2 diabetes mellitus,0,0,0
70,93,2,4,CARDIOVASCULAR EVENT PROPHYLAXIS,Type 2 diabetes mellitus,0,0,0
51,112,2,3,BLOOD CHOLESTEROL INCREASED,Type 2 diabetes mellitus,0,0,0
24,54,2,6,CROHN^S DISEASE,Sudden hearing loss,0,0,0
44,113.83,2,2,PULMONARY ARTERIAL HYPERTENSION,Tongue neoplasm malignant stage unspecified,1,0,0
45,69.5,2,7,CROHN^S DISEASE,Cholelithiasis,0,0,0
74,60.8,2,21,RHEUMATOID ARTHRITIS,Syncope,0,0,0
59,73.48,1,1,CROHN^S DISEASE,Scar,1,0,0
26,47.5,1,10,COLITIS,Herpes zoster,0,0,0
59,54.42,2,1,ANXIETY,Memory impairment,0,0,0
30,52.15,2,1,HEADACHE,Drug ineffective,0,0,0
63,44.44,2,10,PULMONARY ARTERIAL HYPERTENSION,Bronchitis,0,0,0
32,63.49,2,2,DEPRESSION,Dizziness,0,0,0
53,83.9,2,9,FIBROMYALGIA,Suicidal ideation,0,0,0
55,81.63,1,1,SMOKING CESSATION THERAPY,Dyspnoea,0,0,0
84,72.56,2,1,PAIN,Drug effect incomplete,0,0,0
52,79.37,2,2,HOT FLUSH,Chest pain,0,0,0
69,45.35,2,2,ANTIDEPRESSANT THERAPY,Bladder pain,0,0,0
43,108.84,2,2,NEUROPATHY PERIPHERAL,Pain in extremity,0,0,0
73,49.89,2,1,PAIN,Dysgeusia,0,0,0
52,87.08,2,1,DEPRESSION,Drug ineffective,0,0,0
21,127.89,2,1,,Urinary tract infection,1,0,0
47,113.4,1,3,INSOMNIA,Grand mal convulsion,0,0,0
83,43.31,2,2,BLOOD CHOLESTEROL DECREASED,Abdominal pain,0,0,0
46,73.5,1,1,BLOOD TESTOSTERONE DECREASED,Drug ineffective,0,0,0
15,67,1,1,,Renal failure acute,1,0,0
85,67,2,1,CHRONIC OBSTRUCTIVE PULMONARY DISEASE,Body height decreased,0,0,0
50,66,2,1,CHRONIC OBSTRUCTIVE PULMONARY DISEASE,Osteoarthritis,1,0,0
55,84.37,2,10,GASTROOESOPHAGEAL REFLUX DISEASE,Malaise,0,0,0
71,89.81,2,2,HYPERTENSION,Malaise,0,0,0
50,89.81,1,3,HYPOTHYROIDISM,Blood thyroid stimulating hormone increased,0,0,0
72,56.7,2,3,HEPATITIS C,Anaemia,0,0,0
36,87.09,2,7,HEADACHE,Anxiety,0,0,0
67,63.5,2,7,PARKINSON^S DISEASE,Dizziness,0,0,1
71,67.13,1,10,WOUND,Drug ineffective,1,0,0
63,83.46,2,1,DEPRESSION,Glucose tolerance impaired,0,0,0
17,37.8,2,4,PRODUCT USED FOR UNKNOWN INDICATION,Renal failure acute,1,0,0
25,54.43,2,1,ATTENTION DEFICIT/HYPERACTIVITY DISORDER,Product substitution issue,0,0,0
86,66,1,10,HYPERTENSION,Rash,0,0,1
24,117.94,1,1,ATTENTION DEFICIT/HYPERACTIVITY DISORDER,Drug ineffective,0,0,0
43,80,1,1,SMOKING CESSATION THERAPY,Malaise,1,0,1
58,105.24,2,2,GASTROOESOPHAGEAL REFLUX DISEASE,Dizziness,0,0,1
69,120,1,4,,Peritoneal cloudy effluent,0,0,0
26,86.18,2,1,DEPRESSION,Sleep terror,0,0,0
75,88.91,1,1,ANTICOAGULANT THERAPY,Dyspnoea,1,0,0
37,79.1,2,3,CHRONIC KIDNEY DISEASE,Fungal peritonitis,1,0,0
62,79.38,1,1,,Anuria,1,0,1
61,91,2,3,PLASMA CELL MYELOMA,Palmar-plantar erythrodysaesthesia syndrome,1,0,0
58,95.26,1,8,SLEEP DISORDER,Nausea,1,0,0
76,82.1,2,15,MUSCLE SPASMS,Vomiting,1,0,0
77,86,1,1,CHRONIC LYMPHOCYTIC LEUKAEMIA,Death,1,1,0
29,73.8,2,7,,Off label use,0,0,0
82,61.24,1,1,AMNESIA,Dyskinesia,0,0,0
57,86.18,1,1,URINARY TRACT INFECTION BACTERIAL,Hypoaesthesia,1,0,1
1,6.8,1,1,ASTHMA,Skin discolouration,1,0,1
78,76,1,11,PROSTATE CANCER,Haemoglobin decreased,0,0,0
60,113.4,1,2,FATIGUE,Cerebrovascular accident,1,0,0
24,80,2,2,COLITIS ULCERATIVE,Psychotic disorder,1,0,1
27,65.76,2,8,,Uterine perforation,1,0,0
66,68.04,1,1,,Dyspnoea,1,0,0
27,58.96,2,1,,Device dislocation,1,0,0
23,52.15,2,3,CONTRACEPTION,Uterine perforation,1,0,0
51,85,1,4,INTENTIONAL OVERDOSE,Intentional overdose,1,0,0
34,81.3,2,10,HODGKIN^S DISEASE,Hypotension,0,0,0
58,91,2,7,CARDIOVASCULAR EVENT PROPHYLAXIS,Glucose tolerance impaired,0,0,0
60,122.47,1,1,DRUG THERAPY,Cerebrovascular accident,0,0,1
66,57,2,2,CARDIOVASCULAR EVENT PROPHYLAXIS,Type 2 diabetes mellitus,0,0,0
35,97.07,2,1,CHAPPED LIPS,Lip swelling,0,0,0
64,71.66,2,2,DEPRESSION,Disorientation,0,0,0
60,59,2,2,LOW DENSITY LIPOPROTEIN INCREASED,Type 2 diabetes mellitus,0,0,0
16,95.6,1,14,CROHN^S DISEASE,Irritable bowel syndrome,1,0,0
17,72.5,2,19,INFLAMMATORY BOWEL DISEASE,Clostridium difficile infection,1,0,0
7,22.4,2,8,INFLAMMATORY BOWEL DISEASE,Inflammatory bowel disease,1,0,0
34,94,2,8,ACTH STIMULATION TEST,Chest discomfort,1,0,0
31,61.22,2,1,CONTRACEPTION,Uterine perforation,1,0,0
74,67,2,5,LOW DENSITY LIPOPROTEIN INCREASED,Type 2 diabetes mellitus,0,0,0
28,58.5,2,2,CONTRACEPTION,Pain,1,0,0
57,75,2,2,OVARIAN CANCER,Neutropenia,0,0,0
87,99,2,13,PAIN,Mental status changes,1,0,0
56,99.77,2,3,ARTHRITIS,Abdominal pain upper,0,0,0
27,60,2,2,DEPRESSION,Visual impairment,0,0,0
18,75,2,2,DYSMENORRHOEA,Pulmonary embolism,1,0,0
44,62.1,2,3,DEPRESSION,Paraesthesia,0,0,0
30,81.63,2,2,POSTPARTUM DEPRESSION,Drug screen false positive,0,0,0
12,45,2,1,MULTIPLE SCLEROSIS,Encephalitis,1,0,0
69,66.6,2,11,,Asthenia,1,0,0
62,71.66,2,2,DEPRESSION,Cerebrovascular accident,0,0,0
49,89,2,6,BLOOD TRIGLYCERIDES INCREASED,Type 2 diabetes mellitus,0,0,0
77,90.72,1,2,ANDROGEN REPLACEMENT THERAPY,Cerebrovascular accident,0,0,1
69,85.3,1,6,BACK PAIN,Dizziness,0,0,0
62,82,2,2,CARDIOVASCULAR EVENT PROPHYLAXIS,Type 2 diabetes mellitus,0,0,0
62,82.1,2,8,DIABETES MELLITUS,Nausea,0,1,0
15,38,2,12,SIDEROBLASTIC ANAEMIA,Agranulocytosis,0,0,0
68,87,2,1,PSORIASIS,Dementia Alzheimer^s type,0,0,0
82,81.18,1,2,OESOPHAGEAL DISORDER,Myocardial infarction,0,0,0
38,94,1,1,PSORIASIS,Diverticular perforation,1,0,0
57,66,2,2,CARDIOVASCULAR EVENT PROPHYLAXIS,Type 2 diabetes mellitus,0,0,0
72,45,2,3,PULMONARY HYPERTENSION,Respiratory failure,0,1,0
47,80,1,6,HYPERLIPIDAEMIA,Trigeminal palsy,0,0,0
30,82.09,2,2,,Device dislocation,0,0,0
71,94,2,13,ATRIAL FIBRILLATION,Atrial fibrillation,0,0,0
90,73,2,4,ULCER,Constipation,0,0,0
35,59,2,4,PYREXIA,Asthenia,1,0,0
18,59.88,1,3,ADDISON^S DISEASE,Drug effect decreased,0,0,0
77,81,1,10,BLADDER DISORDER,Disorientation,0,0,0
42,138.35,2,2,,Condition aggravated,0,0,0
29,68.03,2,9,CONTRACEPTION,Uterine perforation,1,0,0
87,46,1,9,NEPHROGENIC ANAEMIA,Pathological fracture,0,1,0
70,75.28,2,3,HYPERTONIC BLADDER,Pollakiuria,0,0,0
57,68.5,1,3,SMALL CELL LUNG CANCER,Cauda equina syndrome,1,0,0
5,3.35,1,3,,Pulmonary arterial hypertension,0,0,0
77,150,1,1,,Anaphylactic reaction,1,0,1
32,107.3,1,2,ANAESTHESIA,Pyrexia,1,0,0
84,56.8,2,9,CHRONIC OBSTRUCTIVE PULMONARY DISEASE,Addison^s disease,0,0,1
64,90,1,3,PRODUCT USED FOR UNKNOWN INDICATION,Pneumonia,1,0,0
61,105.9,1,6,,Non-alcoholic steatohepatitis,1,0,0
85,85.7,1,2,PULMONARY EMBOLISM,Gastric haemorrhage,1,0,0
55,82.3,2,19,,Breast cancer metastatic,0,0,0
84,69.1,2,13,CHRONIC OBSTRUCTIVE PULMONARY DISEASE,Blindness,0,0,0
57,71.4,1,2,,Pneumonia,1,0,0
50,93.6,1,1,DIABETES MELLITUS,Adverse event,0,0,0
57,64,2,2,DIABETIC RETINAL OEDEMA,Cardiac failure,1,0,0
63,71,2,20,BREAST CANCER,Pneumonia aspiration,1,1,0
3,7.5,2,1,BRONCHOSPASM,Pertussis,1,0,0
62,152.7,2,1,,Adverse event,0,0,0
67,40.37,2,3,,Abnormal behaviour,1,0,0
80,57.2,1,18,,Dyspnoea,0,0,0
59,88.2,1,1,MALIGNANT MELANOMA,Blood creatine phosphokinase increased,0,0,0
51,137,1,1,,Dizziness,0,0,0
11,30,1,9,INFLUENZA,Stevens-Johnson syndrome,1,0,0
59,74.5,1,1,,Rash,0,0,0
40,61.68,2,4,BRONCHITIS,Pain,0,0,0
34,45,2,2,H1N1 INFLUENZA,Multi-organ failure,0,1,0
43,99,1,1,BRONCHITIS,Anaphylactic shock,1,0,0
35,119.1,1,15,B PRECURSOR TYPE ACUTE LEUKAEMIA,Flushing,0,0,0
44,72.56,2,1,SMOKING CESSATION THERAPY,Drug ineffective,0,0,0
57,59.6,2,2,NEOPLASM,Dehydration,1,1,0
30,59.8,2,5,HYPERTENSION,Nephrogenic systemic fibrosis,0,0,1
75,85,1,17,PLASMA CELL MYELOMA,Asthenia,1,0,1
61,59,2,5,,Headache,0,0,0
72,128,1,2,,Anaphylactic shock,0,0,0
54,46,2,11,HIV INFECTION,Aphasia,0,0,0
52,90,2,3,BLOOD CHOLESTEROL ABNORMAL,Diabetic neuropathy,0,0,0
67,95.24,1,3,CONSTIPATION,Drug ineffective,0,0,0
63,66,1,1,PALLIATIVE CARE,Pneumocystis jirovecii infection,1,1,0
55,82,2,11,BLOOD PRESSURE,Hypothyroidism,0,0,0
14,58,2,1,,Torticollis,0,0,0
59,88,2,2,CARDIOVASCULAR EVENT PROPHYLAXIS,Type 2 diabetes mellitus,0,0,0
67,80,0,1,INDUCTION OF ANAESTHESIA,Pneumonia,0,1,0
62,70,2,2,LOW DENSITY LIPOPROTEIN INCREASED,Type 2 diabetes mellitus,0,0,0
87,55,2,15,,Local swelling,0,0,0
60,56,2,4,BLOOD CHOLESTEROL INCREASED,Type 2 diabetes mellitus,0,0,0
55,67,2,6,LOW DENSITY LIPOPROTEIN INCREASED,Type 2 diabetes mellitus,0,0,0
53,86.17,2,3,LOW DENSITY LIPOPROTEIN INCREASED,Type 2 diabetes mellitus,0,0,0
55,73,2,3,LOW DENSITY LIPOPROTEIN INCREASED,Type 2 diabetes mellitus,0,0,0
73,90.72,2,12,IMMUNODEFICIENCY,Seizure like phenomena,0,0,0
65,78.01,1,9,HYPERTENSION,Local swelling,0,0,0
75,65,2,6,LOW DENSITY LIPOPROTEIN INCREASED,Type 2 diabetes mellitus,0,0,0
88,54.42,2,2,INCONTINENCE,Cystitis,0,0,0
62,100,2,4,LOW DENSITY LIPOPROTEIN INCREASED,Type 2 diabetes mellitus,0,0,0
7,7.6,2,1,MYCOBACTERIUM ABSCESSUS INFECTION,Blood fibrinogen decreased,0,0,0
31,66,2,1,CHRONIC MYELOID LEUKAEMIA,Maternal exposure during pregnancy,0,0,0
77,108,1,44,PLASMA CELL MYELOMA,Myelodysplastic syndrome,0,1,0
49,80,2,7,BLOOD CHOLESTEROL INCREASED,Abdominal pain upper,0,0,1
62,48,2,2,BLOOD CHOLESTEROL INCREASED,Type 2 diabetes mellitus,0,0,0
52,72,2,2,MULTIPLE SCLEROSIS,Gamma-glutamyltransferase increased,0,0,0
56,70,2,4,CARDIOVASCULAR EVENT PROPHYLAXIS,Type 2 diabetes mellitus,0,0,0
77,64,2,4,CARDIOVASCULAR EVENT PROPHYLAXIS,Type 2 diabetes mellitus,0,0,0
54,86,2,3,CARDIOVASCULAR EVENT PROPHYLAXIS,Type 2 diabetes mellitus,0,0,0
57,76,1,9,PLASMA CELL MYELOMA,Hypersensitivity,1,0,0
62,81,2,7,BLOOD CHOLESTEROL INCREASED,Type 2 diabetes mellitus,0,0,0
38,90.7,2,6,CARDIOVASCULAR EVENT PROPHYLAXIS,Type 2 diabetes mellitus,0,0,0
34,82,1,2,CHILLS,Aphagia,0,0,0
69,62,2,4,BLOOD TRIGLYCERIDES INCREASED,Type 2 diabetes mellitus,0,0,0
62,68.27,2,1,HYPERTONIC BLADDER,Discomfort,0,0,0
63,75,2,4,LOW DENSITY LIPOPROTEIN INCREASED,Type 2 diabetes mellitus,0,0,0
65,63,2,3,LOW DENSITY LIPOPROTEIN INCREASED,Type 2 diabetes mellitus,0,0,0
62,61,2,4,BLOOD CHOLESTEROL INCREASED,Type 2 diabetes mellitus,0,0,0
48,100,2,9,DEPRESSION,Abdominal pain upper,0,0,1
80,45.35,2,3,,Drug ineffective,0,0,0
26,75,2,1,HEADACHE,Extra dose administered,0,0,0
48,134.69,1,1,,Drug ineffective,0,0,0
55,99.8,2,12,,Brain injury,0,0,0
57,91,1,4,SARCOIDOSIS,Mental disorder,0,0,0
82,54.88,2,9,,Malaise,0,0,0
32,68,1,10,NARCOLEPSY,Nephrolithiasis,0,0,0
71,100.4,2,14,NON-SMALL CELL LUNG CANCER,Dehydration,1,0,0
27,68.1,2,1,CONTRACEPTION,Vaginal haemorrhage,0,0,0
61,66.21,2,2,TYPE 2 DIABETES MELLITUS,Loss of consciousness,0,0,0
33,53.12,2,2,NARCOLEPSY,Fatigue,0,0,0
63,78,1,5,TYPE 2 DIABETES MELLITUS,Cardiac aneurysm,0,0,0
67,61,2,2,RHEUMATOID ARTHRITIS,Tinnitus,0,0,0
71,79.37,2,4,NOCTURIA,Drug effect delayed,0,0,0
1,10.9,2,10,ACUTE LYMPHOCYTIC LEUKAEMIA,Febrile neutropenia,1,0,0
71,82.9,1,21,,Pancreatic carcinoma,0,1,0
64,63,1,1,CHRONIC OBSTRUCTIVE PULMONARY DISEASE,Dyspnoea,0,0,0
23,77.1,2,6,VITAMIN D DEFICIENCY,Intracranial pressure increased,1,0,0
61,111,2,3,BLOOD CHOLESTEROL INCREASED,Type 2 diabetes mellitus,0,0,0
65,144,2,13,,Thyroid cancer,0,0,0
54,92.97,2,1,DEPRESSION,Cardiac disorder,0,0,0
62,99.77,2,20,MYELOFIBROSIS,Hospitalisation,1,0,0
16,58.11,1,3,CROHN^S DISEASE,C-reactive protein increased,1,0,0
39,55,1,2,COLORECTAL CANCER METASTATIC,General physical health deterioration,0,1,0
68,54.2,2,7,CEREBROVASCULAR ACCIDENT PROPHYLAXIS,Basal ganglia haemorrhage,1,0,0
67,74,2,7,PULMONARY EMBOLISM,Subdural haemorrhage,0,1,0
79,68.5,1,3,ATRIAL FIBRILLATION,Basal ganglia haemorrhage,1,0,1
65,72.58,2,3,CEREBROVASCULAR ACCIDENT PROPHYLAXIS,Brain death,1,1,0
89,122.47,1,14,CEREBROVASCULAR ACCIDENT PROPHYLAXIS,Gastrointestinal haemorrhage,1,0,0
44,66,2,1,CROHN^S DISEASE,Depression,0,0,0
74,81.65,1,4,COLITIS ULCERATIVE,Diverticulitis,1,0,0
43,108.7,2,4,CROHN^S DISEASE,Fistula,0,0,0
56,96,1,1,PSORIATIC ARTHROPATHY,Arterial occlusive disease,0,0,0
56,79.3,2,12,COLITIS ULCERATIVE,Appendicitis,1,0,0
42,64.41,2,2,PAIN,Drug withdrawal syndrome,0,0,0
94,88,1,6,PROSTATE CANCER,Metastasis,0,1,0
64,78,2,7,LOW DENSITY LIPOPROTEIN INCREASED,Type 2 diabetes mellitus,0,0,0
63,62,1,6,PROCEDURAL PAIN,Enterocolitis bacterial,1,0,0
57,59,2,4,CARDIOVASCULAR EVENT PROPHYLAXIS,Type 2 diabetes mellitus,0,0,1
27,82,1,2,CROHN^S DISEASE,Intestinal adenocarcinoma,0,0,0
67,80,1,2,TYPE 2 DIABETES MELLITUS,Metabolic acidosis,1,0,0
56,72,2,3,CARDIOVASCULAR EVENT PROPHYLAXIS,Visual impairment,0,0,0
51,63.49,2,4,PAIN,Hallucination,0,0,0
22,63.56,2,1,ORAL CONTRACEPTION,Metrorrhagia,0,0,0
78,72,1,19,,Hypoxic-ischaemic encephalopathy,1,0,0
73,50.34,2,19,,Cataract,1,0,0
5,80,2,2,DEPRESSION,Ventricular tachycardia,1,0,0
79,68.1,2,8,PSORIATIC ARTHROPATHY,Asthenia,1,0,0
69,52.3,2,7,,Oesophageal ulcer,1,0,0
52,61,2,1,CHRONIC OBSTRUCTIVE PULMONARY DISEASE,Heart rate irregular,0,0,0
49,45.4,2,2,CONTRACEPTION,Muscle spasms,0,0,0
1,.62,2,3,CROHN^S DISEASE,Patent ductus arteriosus,0,0,0
45,91,2,5,RELAPSING-REMITTING MULTIPLE SCLEROSIS,Anal abscess,1,0,0
65,112,1,8,HYPERTENSION,Cerebrovascular accident,0,0,0
72,74.83,2,4,NOCTURIA,Off label use,0,0,0
54,76.2,1,2,MULTIPLE SCLEROSIS,Disease progression,0,0,0
41,70,2,1,WRIST FRACTURE,Grand mal convulsion,0,0,0
37,97.16,2,2,CONTRACEPTION,Embedded device,0,0,0
26,59.9,2,2,LUNG INFECTION,Dyspnoea,0,0,0
6,25,2,6,,Asthenia,0,0,0
77,91,1,1,CHRONIC OBSTRUCTIVE PULMONARY DISEASE,Drug ineffective,0,0,0
66,116,2,10,ATRIAL FIBRILLATION,Swelling,0,0,0
69,67.12,2,2,PRODUCT USED FOR UNKNOWN INDICATION,Fluid retention,1,0,0
65,283,1,1,PULMONARY ARTERIAL HYPERTENSION,Oedema,0,0,0
73,83.9,2,2,URINARY INCONTINENCE,Application site swelling,0,0,0
56,84,2,2,LOW DENSITY LIPOPROTEIN INCREASED,Type 2 diabetes mellitus,0,0,0
56,106,2,12,HYPERTENSION,Type 2 diabetes mellitus,0,0,0
34,63.56,2,1,CONTRACEPTION,Device expulsion,0,0,0
63,84,1,13,,Leukocytosis,0,0,0
52,90.7,1,4,,Incorrect drug administration duration,1,0,0
57,113,1,7,GASTRIC CANCER,Atrial fibrillation,1,0,0
69,39.96,2,6,AMNESIA,Osteoporosis,0,0,0
71,78,1,7,HEPATITIS C,Asthenia,1,0,0
64,72,2,5,HYPERLIPIDAEMIA,Type 2 diabetes mellitus,0,0,0
22240,85,2,6,MAJOR DEPRESSION,Deep vein thrombosis,0,0,0
85,73.16,2,2,PRODUCT USED FOR UNKNOWN INDICATION,Urinary incontinence,0,0,0
18,65.83,2,3,POST COITAL CONTRACEPTION,Secretion discharge,0,0,0
64,99.7,1,15,CHRONIC LYMPHOCYTIC LEUKAEMIA,Neutropenia,1,0,0
6,18,2,1,OPHTHALMOLOGICAL EXAMINATION,Metabolic acidosis,1,0,0
32,93,2,1,CONTRACEPTION,Deep vein thrombosis,0,1,0
78,40,2,6,PULMONARY HYPERTENSION,Hypertension,1,0,0
77,58,1,5,HEPATOCELLULAR CARCINOMA,Hepatic failure,0,1,0
73,61.22,2,1,DRY EYE,Injury corneal,0,0,0
60,68.03,2,2,DEPRESSION,Multiple chemical sensitivity,0,0,0
1,9,2,3,INFANTILE SPASMS,Feeding disorder,1,0,0
65,85,1,5,,Painful respiration,1,0,0
54,52,2,3,KERATITIS,Palpitations,1,0,0
33,64.47,2,2,CONTRACEPTION,Device breakage,0,0,0
21,65,1,4,TESTICULAR SEMINOMA (PURE) STAGE III,Bronchopneumonia,0,0,0
51,60.32,1,3,NON-SMALL CELL LUNG CANCER,Death,0,1,0
56,104.42,1,4,PSORIASIS,Cardiomegaly,1,0,0
57,108,2,1,BREAST CANCER METASTATIC,General physical health deterioration,1,1,0
74,84,1,2,,Weight decreased,0,0,0
74,83,1,13,,Abdominal pain,1,1,0
65,117,2,1,ATRIAL FIBRILLATION,Foreign body,0,0,0
74,56.69,1,1,,Epistaxis,0,0,0
51,104.31,2,1,MYELOFIBROSIS,Increased appetite,0,0,0
64,78.78,1,4,MYELOFIBROSIS,Dry eye,0,0,0
72,90.9,1,11,MYELOFIBROSIS,Oedema peripheral,0,0,0
49,63.49,2,7,MYELOFIBROSIS,Paraesthesia,0,0,0
76,68.93,2,3,MYELOFIBROSIS,Blood uric acid increased,0,0,0
55,74.83,2,1,MYELOFIBROSIS,Drug dispensing error,0,0,0
62,121,2,5,HYPOTHYROIDISM,Oedema peripheral,1,0,0
78,56.69,2,5,MYELOFIBROSIS,Tooth loss,0,0,0
82,72.56,1,6,MYELOFIBROSIS,Diarrhoea,0,0,0
63,73.8,1,4,MYELOFIBROSIS,Splenectomy,0,0,0
74,61.22,2,15,MYELOFIBROSIS,Vision blurred,0,0,0
83,57.6,2,6,MYELOFIBROSIS,Haemoglobin decreased,0,0,0
63,59.41,2,4,MYELOFIBROSIS,Muscular weakness,0,0,0
80,67.57,2,3,MYELOFIBROSIS,Trigeminal neuralgia,0,0,0
75,55.33,2,4,MYELOFIBROSIS,Platelet count decreased,0,0,0
77,91.7,1,6,MYELOFIBROSIS,Gastrooesophageal reflux disease,0,0,0
34,60.32,1,8,LEUKAEMIA,Platelet count decreased,1,0,0
76,52.15,2,5,MYELOFIBROSIS,Hypoaesthesia,0,0,0
74,75.74,1,9,MYELOFIBROSIS,Dyspnoea exertional,0,0,0
67,62.59,2,12,MYELOFIBROSIS,Haemoglobin decreased,0,0,0
69,46.71,2,2,MYELOFIBROSIS,Platelet count abnormal,0,0,0
83,52.15,2,4,MYELOFIBROSIS,Dyspnoea exertional,0,0,0
84,79.37,2,2,MYELOFIBROSIS,Fatigue,0,0,0
61,90.7,2,11,MYELOFIBROSIS,Dyspnoea,0,0,0
80,57.82,2,1,MYELOFIBROSIS,Pain in extremity,0,0,0
49,110.78,2,11,,Gastritis,1,0,0
68,81.63,1,2,MYELOFIBROSIS,Diarrhoea,0,0,0
81,57.14,2,3,MYELOFIBROSIS,Epistaxis,0,0,0
76,80.8,1,2,MYELOFIBROSIS,Fatigue,0,0,0
70,66,1,1,,Seasonal allergy,0,0,0
63,57,2,11,MYELOFIBROSIS,Respiratory tract infection,0,0,0
0,2.54,2,5,RHEUMATOID ARTHRITIS,Premature baby,1,0,0
64,102,2,6,ACUTE MYELOID LEUKAEMIA,Enterocolitis haemorrhagic,1,0,0
66,59.68,2,11,CHRONIC MYELOMONOCYTIC LEUKAEMIA,Macular degeneration,0,0,0
67,64,1,6,RHEUMATOID ARTHRITIS,Oral herpes,0,0,0
82,95.24,1,4,MYELOFIBROSIS,Fatigue,0,0,0
74,68.03,1,2,MYELOFIBROSIS,Platelet count decreased,1,0,0
69,84,1,9,MYELOFIBROSIS,Arthralgia,0,0,0
77,68.93,1,10,MYELOFIBROSIS,Venous thrombosis limb,0,0,0
35,45,2,5,,Nausea,0,0,0
75,62.13,2,1,MYELOFIBROSIS,Fall,0,0,0
64,77.98,2,1,THROMBOSIS PROPHYLAXIS,Incision site haemorrhage,1,0,0
71,78.46,2,24,MYELOFIBROSIS,Pruritus generalised,0,0,0
64,63.94,2,1,MYELOFIBROSIS,Blood creatinine increased,0,0,0
0,7.5,1,6,PREMATURE BABY,Febrile convulsion,1,0,0
78,55.33,2,4,MYELOFIBROSIS,Stomatitis,0,0,0
67,90.7,1,2,MYELOFIBROSIS,Platelet count decreased,0,0,0
64,85.9,1,12,MYELOFIBROSIS,Haemoglobin decreased,0,0,0
28,48.58,2,1,CONTRACEPTION,Device expulsion,0,0,0
74,52.66,2,1,RHEUMATOID ARTHRITIS,Hernia,0,0,0
73,79.3,1,19,MYELOFIBROSIS,Thrombocytopenia,0,0,0
83,71.66,1,5,JANUS KINASE 2 MUTATION,Transfusion,1,0,0
64,73.92,1,15,MYELOFIBROSIS,Blood creatinine increased,0,0,0
84,67,2,7,MYELOFIBROSIS,Haemoglobin decreased,0,0,0
79,60,2,5,TUBERCULOSIS,Death,1,1,0
74,63.04,2,17,MYELOFIBROSIS,Syncope,0,0,0
74,68.48,1,2,MYELOFIBROSIS,Anaemia,0,0,0
70,63.04,2,7,MYELOFIBROSIS,Fall,0,0,0
66,91,1,1,CHRONIC OBSTRUCTIVE PULMONARY DISEASE,Increased upper airway secretion,0,0,0
81,58.96,2,13,MYELOFIBROSIS,Arthralgia,0,0,0
75,79.37,2,6,MYELOFIBROSIS,Alopecia,0,0,0
82,52.15,2,8,PULMONARY ARTERIAL HYPERTENSION,Diarrhoea,0,0,0
67,69.84,2,4,PRODUCT USED FOR UNKNOWN INDICATION,Application site burn,0,0,0
1,4,1,6,HYPERTENSION,Congenital hydronephrosis,0,0,0
63,140.59,2,12,PULMONARY ARTERIAL HYPERTENSION,Swelling,1,0,0
64,74.91,1,4,CROHN^S DISEASE,Dental caries,0,0,0
14,46.71,2,10,CYSTIC FIBROSIS,Cough,0,0,0
81,50,2,5,HYPERLIPIDAEMIA,Drug-induced liver injury,1,0,0
47,68,2,1,EAR INFECTION,Nausea,0,0,0
56,115.19,2,2,,Liver function test abnormal,0,0,0
72,85.28,1,6,TYPE 2 DIABETES MELLITUS,Urticaria,0,0,0
78,55.78,2,1,PULMONARY ARTERIAL HYPERTENSION,Peripheral swelling,0,0,0
13,49.7,1,2,CYSTIC FIBROSIS,Respiratory disorder,1,0,0
22,130.3,2,1,CONTRACEPTION,Abdominal pain lower,0,0,0
48,83,1,6,HIV INFECTION,Osteoporosis,1,0,0
29,62,2,2,PROPHYLAXIS AGAINST HIV INFECTION,Ageusia,0,0,1
65,112,1,9,HYPERTENSION,Cerebrovascular accident,0,0,0
70,82,2,1,PRODUCT USED FOR UNKNOWN INDICATION,Breast pain,0,0,0
76,54.42,1,1,MYELOFIBROSIS,Pain in extremity,0,0,0
63,62.59,2,4,MYELOFIBROSIS,Haemoglobin decreased,0,0,0
57,131.52,1,2,MYELOFIBROSIS,Diarrhoea,0,0,0
65,55.28,1,8,METASTASES TO CENTRAL NERVOUS SYSTEM,Bronchopulmonary aspergillosis,1,1,0
61,81.63,1,11,MYELOFIBROSIS,Platelet count decreased,0,0,0
85,72.56,2,7,MYELOFIBROSIS,Hyperphagia,0,0,0
64,74.92,2,16,MYELOFIBROSIS,Haemoglobin decreased,0,0,0
75,69.39,1,4,MYELOFIBROSIS,Asthenia,0,0,0
71,92.97,1,2,MYELOFIBROSIS,Anaemia,0,0,0
71,53.52,2,9,MYELOFIBROSIS,Blister,0,0,0
42,46,1,14,INFECTION,Injection site necrosis,0,0,0
60,42.63,2,2,MYELOFIBROSIS,Nausea,0,0,0
74,61.3,2,3,MYELOFIBROSIS,Haemoglobin decreased,0,0,0
87,75.74,1,14,MYELOFIBROSIS,Haemoglobin decreased,0,0,0
79,70,1,2,MYELOFIBROSIS,Anaemia,1,0,0
73,150.4,2,6,POLYCYTHAEMIA VERA,Constipation,0,0,0
77,61.68,2,9,MYELOFIBROSIS,Paraesthesia,0,0,0
51,83.5,2,4,RHEUMATOID ARTHRITIS,Transient ischaemic attack,1,0,0
71,143,2,1,MYELOFIBROSIS,Haemoglobin decreased,1,0,0
81,55,2,13,,Pruritus,0,0,0
51,88.53,1,2,CROHN^S DISEASE,Rotator cuff syndrome,0,0,0
64,86.6,2,21,ATRIAL FIBRILLATION,Abdominal pain,1,0,0
76,114,1,1,EMPHYSEMA,Incorrect route of drug administration,0,0,0
70,77.1,2,10,,Drug ineffective,0,0,0
76,88.89,1,11,MYELOFIBROSIS,Gastrooesophageal reflux disease,0,0,0
67,52.15,2,5,MYELOFIBROSIS,Ligament sprain,0,0,0
76,70.3,2,2,MYELOFIBROSIS,Palpitations,0,0,0
79,36.28,2,8,MYELOFIBROSIS,Rash,0,0,0
67,77.1,2,5,MYELOFIBROSIS,Anaemia,0,0,0
40,110,1,4,,"Hallucination, visual",0,0,0
81,58.95,2,19,POLYCYTHAEMIA VERA,Anaemia,0,0,0
83,74.38,1,4,MYELOFIBROSIS,Migraine,0,0,0
81,73.92,1,12,MYELOFIBROSIS,Epistaxis,0,0,0
84,83.91,1,5,ATRIAL FIBRILLATION,Haemorrhage intracranial,1,1,0
67,47.17,2,13,,Diarrhoea,0,0,0
63,70.3,2,13,ATRIAL FIBRILLATION,Mouth haemorrhage,1,0,0
25,66.21,2,1,,Surgery,0,0,0
63,74.83,1,1,MYELOFIBROSIS,Splenomegaly,0,0,0
86,77.55,1,8,MYELOFIBROSIS,Platelet count decreased,0,0,0
80,63.49,2,4,POLYCYTHAEMIA VERA,Anaemia,0,0,0
58,47.2,2,10,MYELOFIBROSIS,Platelet count decreased,0,0,0
51,71,2,16,INFECTION,Vaginal ulceration,1,0,0
48,99.77,2,2,,Vision blurred,0,0,0
74,73.47,2,12,MYELOFIBROSIS,Insomnia,0,0,0
64,88.89,1,9,MYELOFIBROSIS,Thrombocytopenia,0,0,0
71,114.29,1,1,MYELOFIBROSIS,Platelet count decreased,0,0,0
68,64.4,2,14,MYELOFIBROSIS,Fatigue,0,0,0
80,85.3,1,16,MYELOFIBROSIS,Pneumonia,0,0,0
65,106.12,1,11,MYELOFIBROSIS,Haematocrit decreased,0,0,0
74,97.05,1,2,,Dyspnoea,0,0,0
59,84.81,2,6,MYELOFIBROSIS,Fatigue,0,0,0
72,77.55,1,10,MYELOFIBROSIS,Thrombocytopenia,0,0,0
74,55.78,2,1,MYELOFIBROSIS,Bone pain,0,0,0
74,55.33,2,1,,Diarrhoea,0,0,0
60,76.19,2,9,MYELOFIBROSIS,Local swelling,0,0,0
68,56,2,6,MYELOFIBROSIS,Platelet count decreased,0,0,0
76,85.5,2,8,MYELOFIBROSIS,Platelet count decreased,0,0,0
55,65.76,2,5,MYELOFIBROSIS,Cough,0,0,0
73,76.19,2,4,MYELOFIBROSIS,Thrombocytopenia,0,0,0
80,60.32,1,13,MYELOFIBROSIS,Thrombocytopenia,0,0,0
52,75.28,2,1,MYELOFIBROSIS,Condition aggravated,0,0,0
46,163.44,1,3,BACK PAIN,Diabetes mellitus inadequate control,0,0,0
46,74.4,2,9,MYELOFIBROSIS,Hyperhidrosis,0,0,0
74,98.41,1,8,MYELOFIBROSIS,Haemoglobin decreased,0,0,0
75,103.86,1,11,MYELOFIBROSIS,Platelet count decreased,0,0,0
77,67.76,2,10,MYELOFIBROSIS,Eye infection,0,0,0
83,78.46,1,3,MYELOFIBROSIS,Dyspnoea,0,0,0
80,97.51,1,8,MYELOFIBROSIS,Haemoglobin decreased,1,0,0
81,55.78,2,5,POLYCYTHAEMIA VERA,Muscle spasms,0,0,0
74,68.93,1,2,MYELOFIBROSIS,Cough,0,0,0
70,71,1,4,MYELOFIBROSIS,Thrombocytopenia,0,0,0
67,74.38,2,14,MYELOFIBROSIS,Macular degeneration,0,0,0
88,64,1,8,CEREBROVASCULAR ACCIDENT PROPHYLAXIS,Lower gastrointestinal haemorrhage,0,0,0
57,72.4,1,15,MYELOFIBROSIS,Thrombocytopenia,0,0,0
70,84.4,1,7,MYELOFIBROSIS,Haemoglobin decreased,0,0,0
77,87.53,1,10,MYELOFIBROSIS,Colon neoplasm,0,0,0
78,79.82,1,8,MYELOFIBROSIS,Thrombocytopenia,0,0,0
82,68.48,1,8,MYELOFIBROSIS,Bone pain,0,0,0
77,48.53,2,10,MYELOFIBROSIS,Alopecia,0,0,0
81,80.73,1,4,MYELOFIBROSIS,Aspartate aminotransferase increased,0,0,0
60,59.86,2,4,,Skin ulcer,0,0,0
77,68.03,2,5,MYELOPROLIFERATIVE DISORDER,Rash,0,0,0
49,78.01,1,4,MYELOFIBROSIS,Blood pressure increased,0,0,0
80,74.83,1,2,MYELOFIBROSIS,White blood cell count decreased,0,0,0
38,88.44,2,5,MYELOFIBROSIS,Migraine,0,0,0
82,70.75,1,7,MYELOFIBROSIS,Anaemia,0,0,0
74,76.64,1,13,MYELOFIBROSIS,Dyspnoea,1,0,0
61,48.07,2,4,,Rash pruritic,0,0,0
73,71.5,1,8,MYELOFIBROSIS,White blood cell count increased,0,0,0
69,61.68,1,10,MYELOFIBROSIS,Anaemia,0,0,0
86,71.2,1,1,MYELOFIBROSIS,Hospice care,0,0,0
75,74.54,1,3,MYELOFIBROSIS,Increased appetite,0,0,0
86,70.3,1,11,MYELOFIBROSIS,Fall,0,0,0
66,67.5,2,7,MYELOFIBROSIS,Breast tenderness,0,0,0
54,115.65,1,8,MYELOFIBROSIS,Alanine aminotransferase increased,0,0,0
65,200,1,1,CHRONIC OBSTRUCTIVE PULMONARY DISEASE,Incorrect route of drug administration,0,0,0
77,68.03,2,6,,Increased appetite,0,0,0
59,69.39,2,6,MYELOFIBROSIS,Lactose intolerance,0,0,0
71,67.12,2,13,MYELOFIBROSIS,Haemoglobin decreased,0,0,0
77,80.73,2,2,MYELOFIBROSIS,Fluid retention,0,0,0
74,76.64,1,2,MYELOFIBROSIS,Fatigue,0,0,0
71,84.81,1,1,MYELOFIBROSIS,Nasopharyngitis,0,0,0
65,81.63,1,4,POLYCYTHAEMIA VERA,Abdominal discomfort,0,0,0
70,67.2,2,13,,Cellulitis,1,0,1
72,78.01,1,2,MYELOFIBROSIS,Disease progression,0,0,0
65,61.68,2,2,MYELOFIBROSIS,Nasopharyngitis,0,0,0
66,45.81,2,9,MYELOFIBROSIS,Hypertension,0,0,0
96,49.43,1,9,MYELOFIBROSIS,Haemoglobin decreased,0,0,0
70,78.01,1,14,MYELOFIBROSIS,Anaemia,0,0,0
80,88.44,1,17,MYELOFIBROSIS,Anaemia,0,0,0
68,126,2,10,MYELOFIBROSIS,Abdominal distension,0,0,0
80,105,1,1,MYELOFIBROSIS,Haemoglobin decreased,0,0,0
40,97.05,1,2,MYELOFIBROSIS,Insomnia,0,0,0
83,68.03,1,13,MYELOFIBROSIS,Weight decreased,0,0,0
69,97.96,1,16,MYELOFIBROSIS,Platelet count decreased,0,0,0
83,94.33,1,7,MYELOFIBROSIS,Skin irritation,0,0,0
82,64.85,1,3,MYELOFIBROSIS,Musculoskeletal pain,0,0,0
76,81.63,1,7,,Epistaxis,0,0,0
77,73.47,1,5,MYELOFIBROSIS,Haemoglobin decreased,0,0,0
71,69.84,1,19,MYELOFIBROSIS,Anaemia,0,0,0
74,83.45,1,2,MYELOFIBROSIS,Painful respiration,0,0,0
70,83,1,4,MYELOFIBROSIS,Anaemia,0,0,0
72,63.95,1,1,MYELOFIBROSIS,Feeling cold,0,0,0
79,76.19,2,1,MYELOFIBROSIS,Sinus disorder,0,0,0
84,54.4,2,2,MYELOFIBROSIS,Pain,0,0,0
57,50,2,5,HIV INFECTION,Diarrhoea,1,0,0
74,55.78,2,1,MYELOFIBROSIS,Abdominal pain upper,0,0,0
60,95.39,1,4,MYELOFIBROSIS,Splenomegaly,0,0,0
74,84.1,2,2,MYELOFIBROSIS,Irritable bowel syndrome,0,0,0
52,102.4,1,6,MYELOFIBROSIS,Fatigue,0,0,0
56,67.12,2,14,MYELOFIBROSIS,Somnolence,0,0,0
80,70.75,2,3,MYELOFIBROSIS,Asthenia,0,0,0
72,55.78,2,4,,Bone pain,0,0,0
86,49.43,2,2,MYELOFIBROSIS,Dehydration,0,0,0
20,77.55,2,1,CONTRACEPTION,Pain,0,0,0
72,45.35,2,2,MYELOFIBROSIS,Hypoaesthesia,0,0,0
74,63.49,2,17,MYELOFIBROSIS,Anaemia,0,0,0
97,60.65,2,1,DEMENTIA,Gastrointestinal haemorrhage,1,0,0
93,86.17,2,22,MYELOFIBROSIS,Tooth infection,0,0,0
49,66,1,15,PLASMA CELL MYELOMA,Rectal adenocarcinoma,0,0,0
69,96,1,5,,Gingival pain,0,0,0
66,120.18,1,9,MYELOFIBROSIS,Headache,0,0,0
73,86.1,1,22,ATRIAL FIBRILLATION,Rectal haemorrhage,1,0,0
25,79.4,2,7,HIV INFECTION,Pregnancy,1,0,0
46,85,1,3,,Electrocardiogram QT prolonged,0,0,0
70,56,1,1,COLON CANCER,Dyspnoea,0,0,0
19,38.55,2,1,,Anxiety,0,0,0
70,72.56,2,1,PRODUCT USED FOR UNKNOWN INDICATION,Gastrooesophageal reflux disease,1,0,0
57,60,2,1,COLORECTAL CANCER,Disease progression,0,0,0
64,70,2,4,COLORECTAL CANCER,Disease progression,0,0,0
85,85,2,6,HYPERPARATHYROIDISM SECONDARY,Urinary tract infection,0,0,0
59,80,2,9,CHRONIC HEPATITIS C,Drug interaction,0,0,0
56,80,1,4,,Pancytopenia,0,0,0
58,106.36,2,13,ASTHMA,Peripheral swelling,0,0,0
44,56,2,3,BREAST CANCER FEMALE,Colitis ulcerative,0,0,0
57,62,1,2,RENAL CANCER,Nausea,0,0,0
74,52,2,2,RHEUMATOID ARTHRITIS,Atelectasis,0,0,0
73,66.67,1,20,HEPATITIS C,Renal failure acute,1,0,0
47,111.5,2,20,BREAST CANCER,Malaise,1,1,0
26,72,1,2,SCHIZOPHRENIA,Hypotension,0,0,0
63,77.1,2,1,OSTEOPOROSIS POSTMENOPAUSAL,Kidney infection,0,0,0
45,59,2,2,BREAST CANCER,Disease progression,0,0,0
40,74,2,3,TAKAYASU^S ARTERITIS,Thrombocytopenia,1,0,0
59,70,2,2,COLORECTAL CANCER,Intestinal ulcer,1,0,0
74,64,2,8,ADENOCARCINOMA OF COLON,Respiratory failure,1,0,0
86,62,1,10,NEPHROGENIC ANAEMIA,Prostate cancer,0,0,0
54,81.64,2,2,HYPERCHOLESTEROLAEMIA,Back pain,1,0,1
63,110,2,8,PROPHYLAXIS,Fall,1,0,0
25,85,2,9,DIFFUSE LARGE B-CELL LYMPHOMA,Gastric ulcer,1,0,0
37,108.8,1,1,PSORIATIC ARTHROPATHY,Diverticulitis,0,0,0
41,50,2,3,PAIN,Pyrexia,0,0,0
69,69.84,2,21,COLITIS ULCERATIVE,Cervical spinal stenosis,0,0,0
55,57,2,1,MULTIPLE SCLEROSIS,Gait disturbance,1,0,0
1,3.99,1,5,PRODUCT USED FOR UNKNOWN INDICATION,Selective eating disorder,0,0,0
55,99,2,5,RHEUMATOID ARTHRITIS,Thrombophlebitis superficial,0,0,0
1,3.99,1,6,PRODUCT USED FOR UNKNOWN INDICATION,Cleft palate,0,0,0
60,106,1,13,RHEUMATOID ARTHRITIS,Cystitis,1,0,0
69,71,2,4,RHEUMATOID ARTHRITIS,Hemiplegia,1,0,1
51,84,2,1,ASTHMA,Paraesthesia,0,0,0
72,79.5,1,11,INTERNATIONAL NORMALISED RATIO ABNORMAL,Gastrointestinal haemorrhage,1,0,0
63,75,1,3,RHEUMATOID ARTHRITIS,Urinary incontinence,0,0,0
84,87.07,1,2,ATRIAL FIBRILLATION,Haematuria,0,0,0
50,79,2,5,,Pain,0,0,0
39,61.24,2,1,ULNAR NEURITIS,Crying,0,0,0
84,45,1,1,PAIN,Renal failure,0,1,0
59,70,2,2,,Ophthalmic herpes zoster,0,0,0
83,68.27,2,1,PULMONARY HYPERTENSION,Oxygen saturation decreased,1,1,0
56,83.45,2,1,,Apparent death,0,0,0
55,73,2,2,CARDIOVASCULAR EVENT PROPHYLAXIS,Type 2 diabetes mellitus,0,0,0
75,58.96,2,9,DEPRESSION,Cardiac flutter,0,0,0
85,98,1,2,,International normalised ratio increased,0,0,0
8,27.12,2,1,ATTENTION DEFICIT/HYPERACTIVITY DISORDER,Formication,0,0,0
75,71.2,2,17,NON-SMALL CELL LUNG CANCER,Fatigue,1,0,0
64,72,2,37,PROPHYLAXIS,Pancytopenia,1,0,0
61,85,1,1,,Nausea,1,0,0
79,75.5,1,8,ATRIAL FIBRILLATION,Headache,1,0,0
90,70,0,5,,Sleep disorder,0,0,0
71,68,2,17,ATRIAL FIBRILLATION,Fatigue,1,0,0
61,115,1,3,SOFT TISSUE INFECTION,Renal failure acute,1,0,0
64,58.51,1,2,SINUSITIS,Tendonitis,0,0,1
87,58.2,1,9,ATRIAL FIBRILLATION,Anaemia,1,0,0
74,56.25,2,1,,Pneumonia,1,0,0
80,63,2,5,BLOOD CHOLESTEROL,Yellow skin,1,0,1
57,54.48,2,3,GASTROOESOPHAGEAL REFLUX DISEASE,Pruritus generalised,0,0,0
34,113.5,1,1,GASTROOESOPHAGEAL REFLUX DISEASE,Rash erythematous,0,0,0
52,90.8,2,2,GASTROOESOPHAGEAL REFLUX DISEASE,Diarrhoea,0,0,0
70,60.84,2,3,GASTROOESOPHAGEAL REFLUX DISEASE,Drug ineffective,0,0,0
80,63.56,1,1,ANTACID THERAPY,Drug ineffective,0,0,0
53,83.99,1,2,GASTROOESOPHAGEAL REFLUX DISEASE,Drug ineffective,0,0,0
80,70,2,8,THERAPEUTIC SKIN CARE TOPICAL,Pruritus,0,0,0
45,151.9,1,2,THYROID CANCER METASTATIC,Pleural effusion,1,0,0
67,108,1,2,PSORIASIS,Hernia,0,0,0
66,98.2,1,1,PNEUMONIA,Swelling face,0,0,0
93,58.2,2,2,HAEMOCHROMATOSIS,Hallucination,0,0,0
88,88.8,1,2,HYPERTENSION,Dizziness,1,0,0
64,88.8,1,2,DRUG DEPENDENCE,Stupor,1,0,0
25,79,2,6,DEPRESSION,Pre-eclampsia,0,0,0
64,140.1,1,1,THROMBOSIS PROPHYLAXIS,Injection site rash,1,0,0
61,92.65,2,1,CHRONIC MYELOID LEUKAEMIA,Cerebrovascular accident,1,0,0
21,84,2,13,PRODUCT USED FOR UNKNOWN INDICATION,Bipolar I disorder,1,0,0
55,96.7,2,3,HER-2 POSITIVE BREAST CANCER,Neoplasm,0,0,0
60,54,2,4,BREAST CANCER,Infusion related reaction,1,0,0
68,97.4,1,1,ATRIAL FIBRILLATION,Haemoptysis,0,0,0
56,82.8,1,1,,Intestinal obstruction,0,0,0
69,58,2,2,PSORIASIS,Haemorrhage,0,0,0
72,91.5,2,4,ADENOCARCINOMA PANCREAS,Nausea,1,0,0
64,77.3,1,1,,Blindness unilateral,0,0,0
49,53.57,2,1,HYPERSENSITIVITY,Limb injury,0,0,0
76,89.89,1,1,HYPERSENSITIVITY,Extra dose administered,0,0,0
54,54.48,2,3,PRODUCT USED FOR UNKNOWN INDICATION,Depression,0,0,0
76,54.48,2,3,RHINORRHOEA,Dry mouth,0,0,0
77,90.8,2,2,SNEEZING,Drug effect decreased,0,0,0
43,78.09,1,2,SEASONAL ALLERGY,Drug ineffective,0,0,0
84,100.3,1,1,ANTACID THERAPY,Blood pressure increased,0,0,0
51,140,1,3,HERPES OPHTHALMIC,Therapeutic response changed,0,0,0
22,69,1,13,ANALGESIC THERAPY,Bone marrow failure,1,0,0
63,61.2,2,7,ASTHMA,Product quality issue,0,0,0
86,72.64,1,8,MALIGNANT HISTIOCYTOSIS,Fracture,0,0,1
1,3.85,1,5,PRODUCT USED FOR UNKNOWN INDICATION,Maternal drugs affecting foetus,0,0,0
71,90,2,3,TYPE 2 DIABETES MELLITUS,Cerebral ischaemia,0,0,0
68,42.22,2,8,PLASMA CELL MYELOMA,Blood calcium increased,1,0,0
71,87,2,15,TYPE 2 DIABETES MELLITUS,Faecaloma,1,0,0
75,77.18,1,1,SINUSITIS,Somnambulism,0,0,0
11,45.4,1,1,HYPERSENSITIVITY,Extra dose administered,0,0,0
57,104.42,1,1,HYPERSENSITIVITY,Extra dose administered,0,0,0
76,62.65,2,5,ANGIOEDEMA,Hypertension,0,0,0
73,46.27,2,8,CEREBROVASCULAR ACCIDENT PROPHYLAXIS,Bedridden,0,0,0
59,103,1,11,CEREBROVASCULAR ACCIDENT PROPHYLAXIS,Diarrhoea haemorrhagic,1,0,0
51,90.72,1,8,PULMONARY EMBOLISM,Nephrolithiasis,0,0,0
83,97.98,2,20,ATRIAL FIBRILLATION,Deep vein thrombosis,0,0,0
64,90,1,1,BLOOD CHOLESTEROL INCREASED,Muscle spasms,0,0,0
65,65,1,7,,Convulsion,0,0,0
68,76,2,2,NEUROMYELITIS OPTICA,Neuralgia,1,0,0
52,62,0,2,OVARIAN CANCER,Anaemia,0,0,0
30,54.42,2,1,CONTRACEPTION,Unintended pregnancy,0,0,0
78,51,2,3,OSTEOPOROSIS,Interstitial lung disease,0,0,0
81,62.65,2,1,HYPERSENSITIVITY,Joint swelling,0,0,0
69,90.8,1,1,RHINITIS ALLERGIC,Drug ineffective,0,0,0
52,70.37,2,1,HYPERSENSITIVITY,Drug ineffective,0,0,0
44,91.25,2,1,HYPERSENSITIVITY,Drug ineffective,0,0,0
51,70.37,2,2,,Dyspnoea,0,0,0
88,68.1,2,3,SINUSITIS,Wrong technique in drug usage process,0,0,0
3,14.53,1,1,PRODUCT USED FOR UNKNOWN INDICATION,Accidental exposure to product by child,0,0,0
79,74.91,2,13,HYPERSENSITIVITY,Expired drug administered,0,0,0
26,132.88,2,1,CONTRACEPTION,Incision site complication,0,0,0
81,50,2,5,HYPERLIPIDAEMIA,Hepatitis toxic,1,0,0
1,4.05,1,5,DEPRESSION,Maternal drugs affecting foetus,0,0,0
44,80.28,1,1,PRODUCT USED FOR UNKNOWN INDICATION,Diplopia,0,0,0
67,80,1,2,TYPE 2 DIABETES MELLITUS,Vomiting,1,0,0
32,128,2,5,HYPERTENSION,Oligohydramnios,0,0,0
60,55.4,2,11,LUNG ADENOCARCINOMA,Rash generalised,1,0,0
69,46.72,2,12,SCLERODERMA,Scleroderma,1,0,0
72,70,1,14,ANAEMIA,Malignant melanoma in situ,0,0,0
20,77.18,1,1,HYPERSENSITIVITY,Extra dose administered,0,0,0
52,86.18,1,1,OSTEOPOROSIS,Muscle rupture,0,0,0
48,77.18,1,1,HYPERSENSITIVITY,Fatigue,0,0,0
88,74,1,3,PRURITUS,Drug ineffective,0,0,0
27,53.12,2,1,HYPERSENSITIVITY,Drug ineffective,0,0,0
75,74.91,1,6,RHINITIS ALLERGIC,Sedation,0,0,0
25,65.83,2,1,HYPERSENSITIVITY,Extra dose administered,0,0,0
68,106.58,1,12,PRODUCT USED FOR UNKNOWN INDICATION,Cerebrovascular accident,1,0,1
80,46,2,9,DIABETES MELLITUS,Interstitial lung disease,1,0,0
37,62.59,2,4,BACK PAIN,Skin exfoliation,0,0,0
16,54.42,2,1,ABDOMINAL PAIN UPPER,Vomiting,0,0,0
57,50,2,6,PAIN,Renal impairment,1,0,0
70,156.46,1,17,CARDIAC DISORDER,Myocardial infarction,0,0,0
74,50,2,6,RHEUMATOID ARTHRITIS,Small cell lung cancer,1,1,0
59,80,2,5,,Pancytopenia,0,0,0
27,59.93,2,1,CONTRACEPTION,Device expulsion,0,0,0
81,76.15,1,6,PRODUCT USED FOR UNKNOWN INDICATION,Clostridium difficile colitis,0,0,0
66,65.76,2,10,HYPERTONIC BLADDER,Abdominal pain upper,0,0,0
49,82.63,1,1,RHINITIS ALLERGIC,Somnolence,0,0,0
79,85.35,1,1,HYPERSENSITIVITY,Drug ineffective,0,0,0
73,69.46,2,1,HYPERSENSITIVITY,Somnolence,0,0,0
70,77.18,2,4,HYPERSENSITIVITY,Somnolence,0,0,0
46,99.88,1,1,HYPERSENSITIVITY,Blood pressure increased,0,0,0
54,82,1,4,PRODUCT USED FOR UNKNOWN INDICATION,Self injurious behaviour,0,0,0
74,77,1,2,PREOPERATIVE CARE,Anaphylactic reaction,0,0,0
82,92.97,2,4,URINARY INCONTINENCE,Application site erythema,0,0,0
55,48.58,2,6,BREAKTHROUGH PAIN,Renal disorder,0,0,0
63,64,2,4,SINUSITIS,Circulatory collapse,1,0,0
72,135.1,1,2,HYPERSENSITIVITY,Constipation,0,0,0
32,97.51,2,6,,Deep vein thrombosis,1,0,0
25,79,2,6,DEPRESSION,Pre-eclampsia,0,0,0
40,68.03,2,10,,Pulmonary embolism,1,0,0
36,107.48,2,7,,Deep vein thrombosis,1,0,0
35,59.18,2,2,,Anxiety,0,0,0
34,117.1,2,8,,Pulmonary embolism,1,0,0
46,111,2,4,,Deep vein thrombosis,1,0,0
25,51.7,2,3,,Deep vein thrombosis,1,0,0
21,57.6,2,4,,Pulmonary embolism,1,0,0
24,93.88,2,1,CONTRACEPTION,Deep vein thrombosis,1,0,0
53,91,2,11,RENAL FAILURE CHRONIC,Acute myocardial infarction,0,1,0
43,74.97,2,3,,Deep vein thrombosis,1,0,0
52,94,1,6,,Abdominal pain upper,1,0,0
56,90.8,1,6,BACK PAIN,Drug ineffective,0,0,0
2,12,1,8,PRODUCT USED FOR UNKNOWN INDICATION,Respiratory distress,1,1,0
76,100,1,3,SURGERY,Myalgia,0,0,0
82,74.83,2,1,HYPERTONIC BLADDER,Pollakiuria,0,0,0
35,58.96,2,5,,Pulmonary embolism,1,0,0
24,65.35,2,7,,Pulmonary embolism,1,0,0
41,111,2,14,DYSMENORRHOEA,Pulmonary embolism,1,0,0
29,82.99,2,12,,Deep vein thrombosis,0,0,0
37,77.11,1,2,DRUG DEPENDENCE,Jaundice,1,0,0
63,80,1,1,PRODUCT USED FOR UNKNOWN INDICATION,Malignant melanoma,0,0,0
46,46,2,6,BREAST CANCER,Disease progression,0,0,0
2,13.17,1,1,PRODUCT USED FOR UNKNOWN INDICATION,Accidental exposure to product by child,0,0,0
78,83.99,2,11,HYPERSENSITIVITY,Extra dose administered,0,0,0
39,63.56,2,1,RHINITIS ALLERGIC,Drug ineffective,0,0,0
73,63.56,2,1,HYPERSENSITIVITY,Drug ineffective,0,0,0
79,61.29,2,1,SINUS DISORDER,Fatigue,0,0,0
30,60,1,2,RASH,Swelling face,0,0,0
77,70.31,2,8,CEREBROVASCULAR ACCIDENT PROPHYLAXIS,Cyst rupture,0,0,0
17,57.4,1,7,COLITIS,Colitis,1,0,0
21,61.3,1,9,INFLAMMATORY BOWEL DISEASE,Gastrointestinal stoma complication,1,0,0
15,44,1,4,,Acute psychosis,1,0,1
17,50.2,1,12,CROHN^S DISEASE,Crohn^s disease,1,0,0
69,93.9,1,1,RHEUMATOID ARTHRITIS,Herpes zoster,0,0,0
74,70,2,9,RHEUMATOID ARTHRITIS,Disseminated tuberculosis,1,0,0
58,86.17,2,4,URINARY INCONTINENCE,Application site irritation,0,0,0
90,50,1,9,PAIN,Eczema,1,0,0
61,95.34,2,1,HYPERSENSITIVITY,Somnolence,0,0,0
75,97.61,2,7,HYPERSENSITIVITY,Extra dose administered,0,0,0
29,97.61,2,2,RHINORRHOEA,Drug ineffective,0,0,0
67,68.1,2,2,HYPERSENSITIVITY,Nausea,0,0,0
43,83.54,1,1,PRODUCT USED FOR UNKNOWN INDICATION,Extra dose administered,0,0,0
45,73,1,1,CHRONIC MYELOID LEUKAEMIA,Chronic myeloid leukaemia,0,1,0
60,50,1,8,PRODUCT USED FOR UNKNOWN INDICATION,Electrocardiogram repolarisation abnormality,0,0,0
21,84,2,13,INSOMNIA,Attention deficit/hyperactivity disorder,1,0,0
66,39,2,1,CHRONIC MYELOID LEUKAEMIA,Pulse absent,0,1,0
73,58.97,2,3,,Memory impairment,1,0,0
23,48,2,4,,Unresponsive to stimuli,0,1,0
61,86,1,4,BONE SARCOMA,Epistaxis,0,0,0
58,90.8,2,6,BLOOD IMMUNOGLOBULIN G DECREASED,Ear infection,1,0,0
36,105.24,1,11,,Drug abuse,0,1,0
69,68,1,23,B-CELL LYMPHOMA,Neutropenic sepsis,1,0,0
64,47.17,2,6,PRODUCT USED FOR UNKNOWN INDICATION,Nephrogenic systemic fibrosis,0,0,0
41,88.53,2,2,CONTRACEPTION,Feeling hot,0,0,0
64,79.3,2,6,,Injury,1,0,0
60,96.6,1,4,TYPE 2 DIABETES MELLITUS,Pancreatic carcinoma stage IV,1,0,0
63,90.7,2,6,TYPE 2 DIABETES MELLITUS,Pancreatic carcinoma,1,1,0
53,50,2,4,TYPE 2 DIABETES MELLITUS,Nausea,1,0,0
53,158.73,1,4,TYPE 2 DIABETES MELLITUS,Cholecystitis,1,0,0
56,71.2,2,4,TYPE 2 DIABETES MELLITUS,Pancreatic carcinoma,1,0,0
39,56,1,1,CROHN^S DISEASE,Abscess,0,0,0
70,59.41,1,5,PARKINSON^S DISEASE,Akinesia,1,0,1
82,55,1,4,DEMENTIA ALZHEIMER^S TYPE,Memory impairment,0,0,0
42,56.69,2,1,SMOKING CESSATION THERAPY,Intervertebral disc protrusion,1,0,0
71,90.01,1,8,,Decreased appetite,1,1,0
8,26,1,5,GAUCHER^S DISEASE,Staphylococcus test positive,1,0,0
24,81.72,2,3,POST COITAL CONTRACEPTION,Urine abnormality,0,0,0
47,62.58,2,1,,Systemic lupus erythematosus,0,0,0
27,101,1,1,ANXIETY,Pneumonia,0,0,0
56,79.37,2,1,RHEUMATOID ARTHRITIS,Hypersensitivity,0,0,0
60,66,2,2,LOW DENSITY LIPOPROTEIN INCREASED,Type 2 diabetes mellitus,0,0,0
47,76.64,2,2,SMOKING CESSATION THERAPY,Pneumonia,0,0,0
71,75.5,1,5,ATRIAL FIBRILLATION,Abdominal pain upper,0,1,0
95,58.06,2,2,AGGRESSION,Somnolence,0,1,0
69,80.73,2,1,INCONTINENCE,Incorrect drug administration duration,0,0,0
63,70,1,3,,Endocarditis,1,0,0
63,107.05,2,1,HYPOTHYROIDISM,Product substitution issue,0,0,0
64,47.62,2,2,MULTIPLE SCLEROSIS,Clostridium difficile infection,1,0,0
44,93,1,4,HYPOVITAMINOSIS,Upper respiratory tract infection,1,0,0
75,58.05,1,4,,Pancreatic carcinoma,2,2,2
7,20.5,2,1,HYPOTHYROIDISM,Diarrhoea,0,0,0
59,83.9,2,3,LOW DENSITY LIPOPROTEIN INCREASED,Type 2 diabetes mellitus,0,0,0
32,90,2,1,URINARY TRACT INFECTION,Arthralgia,0,0,0
0,2.18,2,11,IMMUNOSUPPRESSANT DRUG THERAPY,Pulmonary artery atresia,1,0,0
18,103.42,2,1,,Metrorrhagia,0,0,0
25,99.77,1,1,HYPERSENSITIVITY,Underdose,0,0,0
66,63,2,6,BLOOD CHOLESTEROL INCREASED,Type 2 diabetes mellitus,0,0,0
43,68.03,2,4,LOW DENSITY LIPOPROTEIN INCREASED,Nephropathy,0,0,0
64,102,2,6,ASTHMA,Choking,0,0,0
60,116.1,2,5,HYPERSENSITIVITY,Memory impairment,0,0,0
63,63.5,2,3,CHRONIC OBSTRUCTIVE PULMONARY DISEASE,Drug dependence,0,0,0
55,92,1,7,HIV INFECTION,Inguinal hernia,1,0,0
56,77.18,1,1,SPINAL FUSION SURGERY,Drug screen negative,0,0,0
61,97.07,1,16,DEEP VEIN THROMBOSIS,Cerebral haemorrhage,1,1,0
65,92,1,14,TYPE 2 DIABETES MELLITUS,Renal cyst haemorrhage,1,0,0
19,98,2,2,,Drug ineffective,0,0,0
23,86.46,1,5,PRODUCT USED FOR UNKNOWN INDICATION,Substance abuse,0,1,0
59,82,1,5,HYPERTENSION,Joint swelling,0,0,1
83,79.83,1,2,PULMONARY ARTERIAL HYPERTENSION,Death,0,1,0
65,77.3,2,7,IRON OVERLOAD,Ulcer,0,0,0
35,80,1,2,RELAPSING-REMITTING MULTIPLE SCLEROSIS,Syncope,1,0,0
60,94.6,2,7,ISCHAEMIC HEART DISEASE PROPHYLAXIS,Depressed level of consciousness,1,0,0
72,75.4,2,3,PULMONARY ARTERIAL HYPERTENSION,Cystic fibrosis lung,0,0,0
59,74.5,1,4,ANTIVIRAL TREATMENT,Pancytopenia,0,0,0
46,108.86,1,7,MYOCARDIAL INFARCTION,Ulcer,0,0,0
36,77.18,2,1,CONTRACEPTION,Device dislocation,0,0,0
85,63.5,1,15,CARDIAC DISORDER,Red blood cell abnormality,0,0,0
59,81.65,2,2,HYPERTENSION,Urticaria,0,0,0
77,73.2,1,2,COR PULMONALE CHRONIC,Chronic obstructive pulmonary disease,0,1,0
38,64.5,2,3,COR PULMONALE CHRONIC,Cardiac failure,0,1,0
55,108.84,1,2,MULTIPLE SCLEROSIS,Cerebrovascular accident,1,0,0
64,61,1,5,NEUROMUSCULAR BLOCKADE REVERSAL,Pneumothorax,1,0,0
65,72.56,2,5,BLOOD CHOLESTEROL ABNORMAL,Type 2 diabetes mellitus,0,0,0
63,98,,6,BLOOD CHOLESTEROL INCREASED,Cerebrovascular accident,0,0,0
76,66.3,1,8,HYPERTENSION,Pneumonia,0,1,0
91,35,2,4,PNEUMONIA BACTERIAL,Interstitial lung disease,1,1,0
75,65,2,4,COR PULMONALE CHRONIC,Death,0,1,0
65,59.8,1,1,,Cerebral infarction,1,0,0
63,111,2,8,HYPERTENSION,Nausea,0,0,0
59,86,1,3,HYPERTENSION,Myocardial infarction,0,1,0
60,65.76,2,3,BLOOD CHOLESTEROL ABNORMAL,Type 2 diabetes mellitus,0,0,0
76,79.4,2,4,PULMONARY ARTERIAL HYPERTENSION,Staphylococcal infection,0,0,0
54,74.83,2,4,CARDIOVASCULAR EVENT PROPHYLAXIS,Type 2 diabetes mellitus,0,0,0
52,72.56,2,4,LOW DENSITY LIPOPROTEIN INCREASED,Type 2 diabetes mellitus,0,0,0
50,77,2,5,CARDIOVASCULAR EVENT PROPHYLAXIS,Type 2 diabetes mellitus,0,0,0
67,88,2,5,HYPERTENSION,Type 2 diabetes mellitus,0,0,0
73,52.16,2,4,TYPE 2 DIABETES MELLITUS,Rash maculo-papular,0,0,0
55,77.1,2,7,,Intentional drug misuse,0,0,1
52,100,1,13,,Transaminases increased,1,0,0
61,83.9,1,2,BLOOD CHOLESTEROL INCREASED,Arterial occlusive disease,0,0,0
88,62,2,6,PULMONARY EMBOLISM,Haematemesis,1,0,0
75,43.5,2,1,COLON CANCER METASTATIC,Feeling cold,1,0,1
47,60.2,2,4,OSTEOPOROSIS PROPHYLAXIS,Breast cancer,1,0,0
74,68.03,2,16,TYPE 2 DIABETES MELLITUS,Cataract,0,0,0
70,100,2,1,CHRONIC OBSTRUCTIVE PULMONARY DISEASE,Incorrect route of drug administration,0,0,0
73,75,2,5,PRODUCT USED FOR UNKNOWN INDICATION,Hypoaesthesia,0,0,0
60,174,1,7,ATRIAL FIBRILLATION,Atrial fibrillation,0,0,0
82,87,1,6,ATRIAL FIBRILLATION,Gastrointestinal haemorrhage,1,0,0
63,72.9,2,11,METASTATIC MALIGNANT MELANOMA,Intestinal perforation,1,0,0
23,77,2,20,NUTRITIONAL SUPPLEMENTATION,Genital infection fungal,0,0,0
73,82.5,2,1,,Hypocalcaemia,1,0,0
43,49.94,2,1,POST COITAL CONTRACEPTION,Menstruation irregular,0,0,0
54,85.9,1,1,,Neutrophil count decreased,1,0,0
66,50,2,22,HAEMATEMESIS,Sudden death,0,1,0
38,69,2,5,CHRONIC HEPATITIS C,Depression,0,0,0
68,104.5,1,2,,Haemorrhage,1,0,0
87,55,2,15,,Local swelling,0,0,0
68,87,2,2,SMOKING CESSATION THERAPY,Mood altered,0,0,0
53,118,2,4,CARDIOVASCULAR EVENT PROPHYLAXIS,Type 2 diabetes mellitus,0,0,0
38,85,2,2,CARDIOVASCULAR EVENT PROPHYLAXIS,Type 2 diabetes mellitus,0,0,0
46,86,2,2,CARDIOVASCULAR EVENT PROPHYLAXIS,Dizziness,0,0,0
52,68.03,2,2,LOW DENSITY LIPOPROTEIN INCREASED,Type 2 diabetes mellitus,0,0,0
55,73,2,6,CARDIAC DISORDER,Type 2 diabetes mellitus,0,0,0
64,45,2,2,NEUROENDOCRINE CARCINOMA,Death,0,1,0
76,90,1,13,DEMENTIA ALZHEIMER^S TYPE,Tremor,1,0,0
56,92.3,1,3,PULMONARY ARTERIAL HYPERTENSION,Arthralgia,1,0,0
56,84,1,6,CORONARY ARTERY DISEASE,Cervical spinal stenosis,1,0,0
73,52.7,0,3,PULMONARY ARTERIAL HYPERTENSION,Epistaxis,1,0,0
79,54.88,2,8,CHRONIC MYELOID LEUKAEMIA,Tendonitis,0,0,0
48,77,2,2,COR PULMONALE CHRONIC,Hypertension,1,0,0
21,84,2,13,DEPRESSION,Somnolence,1,0,0
58,88,2,3,OEDEMA PERIPHERAL,Arthralgia,1,1,0
62,100,2,5,CARDIOVASCULAR EVENT PROPHYLAXIS,Type 2 diabetes mellitus,0,0,0
56,82,2,6,BLOOD CHOLESTEROL INCREASED,Type 2 diabetes mellitus,0,0,0
62,82,1,1,CHRONIC OBSTRUCTIVE PULMONARY DISEASE,Incorrect route of drug administration,0,0,0
90,47.17,2,18,HYPERTONIC BLADDER,Somnolence,0,0,0
23,58.96,2,2,,Device deployment issue,0,0,0
78,68.04,2,4,HYPERTENSION,Oedema mouth,0,0,0
56,57,1,18,PROPHYLAXIS,Pyrexia,1,0,0
23,44,2,3,INJURY,Multiple injuries,1,0,0
44,80,1,1,PRODUCT USED FOR UNKNOWN INDICATION,Diplopia,0,0,0
1,3,2,4,DEPRESSION,Motor developmental delay,0,0,0
1,2,1,1,PANIC DISORDER,Small for dates baby,0,0,0
63,64,2,4,SINUSITIS,Circulatory collapse,1,0,0
72,102,1,10,DEPRESSION,Electrocardiogram QT prolonged,1,0,0
44,47,2,4,PRODUCT USED FOR UNKNOWN INDICATION,Somnambulism,0,0,0
80,81,1,2,ADJUSTMENT DISORDER WITH DEPRESSED MOOD,Alanine aminotransferase increased,0,0,0
61,52,2,3,,Anxiety,1,0,0
72,60.9,2,19,PANCREATIC NEUROENDOCRINE TUMOUR METASTATIC,Duodenal ulcer,1,0,0
33,70.82,2,1,CONTRACEPTION,Glucose tolerance test abnormal,0,0,0
28,72.19,2,1,CONTRACEPTION,Uterine leiomyoma,0,0,0
64,90,1,1,BLOOD CHOLESTEROL INCREASED,Muscle spasms,0,0,0
43,93.52,2,1,CONTRACEPTION,Device expulsion,0,0,0
74,61.22,2,6,,Pneumonia,0,0,0
72,50.3,2,10,GASTRIC NEOPLASM,Oedema peripheral,1,0,0
59,77.98,2,1,URINARY INCONTINENCE,Application site burn,0,0,0
5,19,1,1,BONE MARROW CONDITIONING REGIMEN,Acute lymphocytic leukaemia recurrent,0,1,0
62,60.33,2,1,RENAL FAILURE CHRONIC,Dialysis,1,0,0
36,64,2,1,CROHN^S DISEASE,Loss of consciousness,0,0,0
60,52,2,2,CHRONIC OBSTRUCTIVE PULMONARY DISEASE,Eye disorder,0,0,0
43,118,2,1,CHRONIC OBSTRUCTIVE PULMONARY DISEASE,Incorrect route of drug administration,0,0,0
73,68,2,1,PRODUCT USED FOR UNKNOWN INDICATION,Incorrect route of drug administration,0,0,0
38,74,1,12,BONE MARROW CONDITIONING REGIMEN,Pancytopenia,1,0,0
72,44.9,2,5,MYOCARDIAL INFARCTION,VIIth nerve paralysis,0,0,0
57,81,2,2,CARDIOVASCULAR EVENT PROPHYLAXIS,Type 2 diabetes mellitus,0,0,0
44,68,2,4,BLOOD CHOLESTEROL INCREASED,Type 2 diabetes mellitus,0,0,0
61,70,2,2,CARDIOVASCULAR EVENT PROPHYLAXIS,Type 2 diabetes mellitus,0,0,0
70,57.6,2,2,LOW DENSITY LIPOPROTEIN INCREASED,Type 2 diabetes mellitus,0,0,0
59,87,2,2,LOW DENSITY LIPOPROTEIN INCREASED,Type 2 diabetes mellitus,0,0,0
54,52,2,3,CARDIOVASCULAR EVENT PROPHYLAXIS,Type 2 diabetes mellitus,0,0,0
54,123,2,3,LOW DENSITY LIPOPROTEIN INCREASED,Type 2 diabetes mellitus,0,0,0
38,68,2,2,CARDIOVASCULAR EVENT PROPHYLAXIS,Type 2 diabetes mellitus,0,0,0
55,85,2,2,CARDIOVASCULAR EVENT PROPHYLAXIS,Type 2 diabetes mellitus,0,0,0
16,122,1,1,GRAND MAL CONVULSION,Epilepsy,0,0,0
51,107,2,3,CARDIOVASCULAR EVENT PROPHYLAXIS,Renal neoplasm,0,0,0
39,78,2,5,LUNG CARCINOMA CELL TYPE UNSPECIFIED RECURRENT,Dyspnoea,1,0,0
72,128,1,4,GASTROINTESTINAL SURGERY,Anaphylactic shock,0,0,0
31,61,2,2,MAJOR DEPRESSION,Hallucination,0,0,0
31,68.04,1,2,BRAIN INJURY,Convulsion,0,0,0
84,56.4,2,15,CHRONIC LYMPHOCYTIC LEUKAEMIA,Febrile neutropenia,1,0,0
69,66.8,2,13,CHRONIC LYMPHOCYTIC LEUKAEMIA,Haemolysis,1,0,0
69,162,1,1,REFRACTORY ANAEMIA WITH AN EXCESS OF BLASTS,Acute myeloid leukaemia,0,1,0
10,40,1,2,,Renal failure acute,0,0,0
69,76.36,1,6,HODGKIN^S DISEASE,Cough,0,0,0
27,36.5,2,5,IRON DEFICIENCY ANAEMIA,Atrial flutter,1,0,0
53,72.1,2,2,LOW DENSITY LIPOPROTEIN INCREASED,Type 2 diabetes mellitus,0,0,0
59,81.65,2,3,NUTRITIONAL SUPPLEMENTATION,Palpitations,0,0,0
52,98,2,3,LOW DENSITY LIPOPROTEIN INCREASED,Hepatic steatosis,0,0,0
51,100.23,,3,LOW DENSITY LIPOPROTEIN INCREASED,Type 2 diabetes mellitus,0,0,0
61,57,2,9,BLOOD TRIGLYCERIDES INCREASED,Type 2 diabetes mellitus,0,0,0
65,119,1,2,HYPERTENSION,Angioedema,1,0,0
72,69.75,2,4,THYROID CANCER,Fatigue,0,1,0
80,74.84,2,2,,Neutrophil count decreased,1,0,0
53,80,2,2,LOW DENSITY LIPOPROTEIN INCREASED,Type 2 diabetes mellitus,0,0,0
64,56.75,1,4,CROHN^S DISEASE,Intestinal stenosis,1,0,0
77,51.9,1,9,PRODUCT USED FOR UNKNOWN INDICATION,Acute respiratory distress syndrome,0,1,0
18,36.9,2,3,,Myelodysplastic syndrome,0,0,0
66,104.7,1,2,,Dizziness,1,0,0
8,25.8,2,4,,Acute myeloid leukaemia,1,0,0
68,53.7,2,2,,Hyponatraemia,0,0,0
62,70.6,1,6,NEUROPATHY PERIPHERAL,Diarrhoea,1,0,1
86,77.11,2,1,OSTEOPOROSIS PROPHYLAXIS,Bone marrow failure,1,1,1
70,48.6,2,2,LUNG NEOPLASM MALIGNANT,Anuria,1,0,0
56,35.8,2,7,DIABETES MELLITUS,Renal failure,1,0,0
68,53.9,2,3,SARCOMA,Ejection fraction decreased,1,0,1
67,74.84,2,6,NASOPHARYNGITIS,Swelling,0,1,0
56,82.7,2,4,PRODUCT USED FOR UNKNOWN INDICATION,Affect lability,0,0,0
40,55.9,2,6,THROMBOCYTOSIS,Pneumonia,1,0,0
39,102.15,2,3,CROHN^S DISEASE,Ligament sprain,0,0,0
80,64.85,2,1,INCONTINENCE,Dizziness,0,0,0
39,105,1,1,ARRHYTHMIA PROPHYLAXIS,Post procedural haemorrhage,0,0,0
0,.8,2,3,HIV INFECTION,Acute hepatic failure,0,1,0
71,55.84,2,2,ARTHRITIS,Medical device complication,1,0,0
84,62.3,2,1,ARRHYTHMIA PROPHYLAXIS,Haemorrhage,0,0,0
73,90.8,1,2,PSORIASIS,Gastric cancer stage IV,0,1,0
15,61.24,1,5,ACNE CYSTIC,Acne cystic,0,0,0
67,94,2,5,BREAST CANCER METASTATIC,Pleural effusion,1,1,0
11,27.3,2,4,INFLUENZA,Epilepsy,1,0,0
48,108.84,1,10,,Peripheral swelling,0,0,0
85,69.4,1,15,VEIN DISORDER,Erythema,0,0,0
42,80,1,4,MALARIA PROPHYLAXIS,Dermatitis bullous,0,0,0
47,107,1,7,NEUROPATHY PERIPHERAL,Drug ineffective,0,0,0
89,63,2,7,NON-SMALL CELL LUNG CANCER,Ejection fraction decreased,0,0,0
73,117.48,2,5,INCONTINENCE,Vision blurred,0,0,0
64,79.38,1,10,BLOOD CHOLESTEROL INCREASED,Rash erythematous,0,0,0
63,83.9,2,1,ATRIAL FIBRILLATION,Drug ineffective,0,0,0
58,78.2,1,9,GASTRIC CANCER,Haematemesis,1,0,0
70,93.9,1,4,GASTROOESOPHAGEAL CANCER,Lower respiratory tract infection,1,0,0
60,55.4,2,11,LUNG ADENOCARCINOMA,Swelling face,1,0,0
58,66.23,2,8,VITRECTOMY,Dyspepsia,0,0,0
79,60.77,2,4,HYPERTENSION,Chest pain,0,0,0
56,67.5,2,2,PRODUCT USED FOR UNKNOWN INDICATION,Ovarian cancer,1,0,1
39,85,2,8,CONVULSION,Hypokalaemia,1,0,0
57,113,1,7,GASTRIC CANCER,Pneumonitis,1,0,0
65,42.3,2,28,,Cellulitis,1,0,0
79,51.71,2,1,URINARY TRACT INFECTION,Faecal incontinence,1,0,1
57,77.1,2,1,FIBROMYALGIA,Drug ineffective,0,0,0
56,71,2,6,CARDIOVASCULAR EVENT PROPHYLAXIS,Type 2 diabetes mellitus,0,0,0
73,88.45,1,1,HORMONE THERAPY,Cough,0,0,0
58,79,2,2,CARDIOVASCULAR EVENT PROPHYLAXIS,Type 2 diabetes mellitus,0,0,0
69,78.01,2,3,,Cataract,0,0,0
26,63.5,2,2,DEPRESSION,Dizziness,0,0,0
61,62.34,2,24,PANCREATIC CARCINOMA,Dehydration,1,0,0
64,86.17,2,4,,Abdominal pain upper,0,0,0
65,69.85,2,1,COUGH,Chronic obstructive pulmonary disease,0,0,0
29,59,2,1,CROHN^S DISEASE,Nephrotic syndrome,1,0,0
59,97.05,2,7,ANTICOAGULANT THERAPY,Forced vital capacity decreased,1,0,0
24,69.85,2,1,MALARIA PROPHYLAXIS,Gastric ulcer,0,0,0
54,82,2,2,CARDIOVASCULAR EVENT PROPHYLAXIS,Type 2 diabetes mellitus,0,0,0
79,59,2,2,WHEEZING,Wheezing,0,0,0
20,57,2,1,COLITIS ULCERATIVE,Diarrhoea haemorrhagic,1,0,0
56,68,1,8,,Small intestinal obstruction,1,0,0
55,58,1,7,CROHN^S DISEASE,Incisional drainage,0,0,0
43,51,2,17,RELAPSING-REMITTING MULTIPLE SCLEROSIS,Ileus,1,0,0
42,99.77,2,4,COUGH,Hypersensitivity,0,0,0
79,82,2,6,BLOOD CHOLESTEROL INCREASED,Type 2 diabetes mellitus,0,0,0
75,100,1,4,RENAL CANCER,Dehydration,1,0,0
63,97.51,2,3,LOW DENSITY LIPOPROTEIN INCREASED,Type 2 diabetes mellitus,0,0,0
47,69.8,1,20,PERIPHERAL VASCULAR DISORDER,Peripheral vascular disorder,1,0,0
56,47.62,2,1,,Hypersensitivity,0,0,0
58,79.82,2,7,PRODUCT USED FOR UNKNOWN INDICATION,Therapeutic response unexpected,0,0,0
57,68.03,2,7,CHRONIC OBSTRUCTIVE PULMONARY DISEASE,Productive cough,0,0,0
28,50,2,1,HYPERTENSION,Coronary artery occlusion,1,0,0
51,83.9,1,9,GAIT DISTURBANCE,Transient ischaemic attack,1,0,0
52,49.89,1,6,EXPOSURE TO RADIATION,Mobility decreased,0,0,1
73,81.63,2,3,ARTHRITIS,Drug ineffective,0,0,0
75,50,2,1,NON-SMALL CELL LUNG CANCER,Malignant neoplasm progression,1,0,0
30,80,2,5,ASTHMA,Breast cancer,0,0,0
55,97.05,2,1,PULMONARY HYPERTENSION,Pulmonary hypertension,1,0,0
49,102.04,1,1,ARTHRITIS,Diarrhoea,0,0,0
78,42.5,2,17,PULMONARY HYPERTENSION,Depressed level of consciousness,1,1,0
46,85,1,3,PRODUCT USED FOR UNKNOWN INDICATION,Electrocardiogram QT prolonged,0,0,0
78,83.9,2,3,RENAL CELL CARCINOMA,Platelet count decreased,0,0,0
52,106,2,2,PRODUCT USED FOR UNKNOWN INDICATION,Paraesthesia,0,0,0
97,61,2,1,DEMENTIA,Gastrointestinal haemorrhage,1,0,0
53,54.42,2,2,MENORRHAGIA,Pain,0,0,0
71,88,1,4,HYPERTENSION,Loss of proprioception,0,0,0
59,65.76,2,3,HYPERTHYROIDISM,Drug hypersensitivity,0,0,0
69,96,1,5,PRODUCT USED FOR UNKNOWN INDICATION,Gingival swelling,0,0,0
55,68.27,2,4,POLLAKIURIA,Application site pain,0,0,0
32,128,2,5,HYPERTENSION,Oligohydramnios,0,0,0
77,70,2,6,JOINT INJURY,Femur fracture,0,0,0
70,58.5,2,2,SMOKING CESSATION THERAPY,Nausea,0,0,0
72,58,2,3,BREAST CANCER METASTATIC,Death,1,1,0
71,54,2,7,PULMONARY ARTERIAL HYPERTENSION,Melaena,0,0,0
25,57.2,2,1,CONTRACEPTION,Vulvovaginal pain,0,0,0
65,47,1,4,ACQUIRED EPIDERMOLYSIS BULLOSA,Pulmonary oedema,0,1,0
68,41,2,4,BIPOLAR DISORDER,Diverticulitis,0,0,0
13,54.42,1,2,ADDISON^S DISEASE,Nausea,0,0,0
49,83,1,3,ANTIVIRAL PROPHYLAXIS,Drug interaction,0,0,0
41,101,1,3,HEADACHE,Poor quality drug administered,0,0,0
87,66.7,1,4,,Cerebral haemorrhage,0,1,0
6,3.35,2,3,PRODUCT USED FOR UNKNOWN INDICATION,Hypertension,1,0,0
58,60.32,2,5,NEURALGIA,Drug ineffective,0,0,0
52,90.8,2,6,ASTHMA,Asthma,0,0,0
14,53,2,25,CYSTIC FIBROSIS,Infective pulmonary exacerbation of cystic fibrosis,1,0,0
68,57,2,4,OSTEOARTHRITIS,Syncope,1,0,0
61,77.1,1,1,,Transplant failure,1,0,0
66,69.85,2,4,PRODUCT USED FOR UNKNOWN INDICATION,Dyspnoea,0,0,0
47,73,1,5,PRODUCT USED FOR UNKNOWN INDICATION,Blindness unilateral,0,0,0
21,56.3,2,2,CONTRACEPTION,Device dislocation,0,0,0
68,79,1,6,PSORIASIS,Therapeutic response decreased,1,0,0
30,88.9,2,7,ABDOMINAL PAIN,Drug interaction,1,0,0
63,100,2,5,,Pruritus,0,0,0
67,85,2,5,RHEUMATOID ARTHRITIS,Renal failure,1,1,0
51,74,1,6,GENERAL ANAESTHESIA,Coronary artery disease,1,0,0
68,52.2,2,13,,Pyelonephritis,0,0,0
63,68.03,2,5,LOW DENSITY LIPOPROTEIN INCREASED,Type 2 diabetes mellitus,0,0,0
53,63.49,2,2,CARDIOVASCULAR EVENT PROPHYLAXIS,Type 2 diabetes mellitus,0,0,0
61,63.56,2,11,RHEUMATOID ARTHRITIS,Bladder prolapse,0,0,0
60,64,2,3,POSTOPERATIVE ANALGESIA,Nightmare,0,0,0
56,112,2,2,LOW DENSITY LIPOPROTEIN INCREASED,Type 2 diabetes mellitus,0,0,0
21,84,2,1,PRODUCT USED FOR UNKNOWN INDICATION,Anxiety,0,0,0
53,56,1,15,COLITIS ULCERATIVE,Drug ineffective,1,0,0
35,97,2,6,PRODUCT USED FOR UNKNOWN INDICATION,Toxicity to various agents,0,1,0
54,48,2,2,CARDIOVASCULAR EVENT PROPHYLAXIS,Type 2 diabetes mellitus,0,0,0
53,118,1,3,HEPATITIS C,Thrombosis,1,0,0
87,83.9,2,13,OSTEOPOROSIS POSTMENOPAUSAL,Blood pressure abnormal,1,0,0
46,45.4,2,9,VITAMIN SUPPLEMENTATION,Abdominal pain,1,0,0
13,50,2,3,,Pulmonary haemorrhage,0,1,0
84,45.81,2,1,OSTEOPOROSIS POSTMENOPAUSAL,Hip fracture,1,1,0
74,76.4,2,4,BREAST CANCER,Atrial fibrillation,0,0,0
62,77,2,2,LOW DENSITY LIPOPROTEIN INCREASED,Neuropathy peripheral,0,0,0
54,86,2,2,LOW DENSITY LIPOPROTEIN INCREASED,Type 2 diabetes mellitus,0,0,0
53,59,2,2,CARDIOVASCULAR EVENT PROPHYLAXIS,Type 2 diabetes mellitus,0,0,0
67,83,1,7,INSOMNIA,Paranoia,0,0,0
56,68,2,2,LOW DENSITY LIPOPROTEIN INCREASED,Type 2 diabetes mellitus,0,0,1
17,42,1,5,JUVENILE IDIOPATHIC ARTHRITIS,Pyrexia,1,0,0
66,73.47,1,3,CHRONIC OBSTRUCTIVE PULMONARY DISEASE,Drug dose omission,0,0,0
21,70,1,4,SUICIDE ATTEMPT,Intentional overdose,0,0,0
79,84.1,2,17,HEPATITIS C,Bradycardia,1,0,0
66,54,2,11,BREAST CANCER METASTATIC,Leukopenia,0,1,0
65,72.6,1,16,GASTROOESOPHAGEAL REFLUX DISEASE,International normalised ratio abnormal,1,0,0
66,114.41,1,4,PLASMA CELL MYELOMA,Foot fracture,0,0,0
81,65,1,1,DEMENTIA ALZHEIMER^S TYPE,Pancreatic carcinoma,1,1,0
83,80,2,3,HYPERTENSION,Pulmonary embolism,1,1,0
38,93,2,1,PSORIASIS,Abdominal pain lower,0,0,0
28,76,2,3,RHEUMATOID ARTHRITIS,Back pain,0,0,0
76,65,2,14,PRODUCT USED FOR UNKNOWN INDICATION,Capillary leak syndrome,1,0,0
71,77.1,2,1,HEADACHE,Back disorder,0,0,0
74,120,1,13,,Agitation,1,0,0
80,74,2,12,NEURALGIA,Fall,1,0,0
59,70,2,7,CEREBRAL INFARCTION,Renal infarct,1,0,1
63,49.9,2,3,CARDIAC FLUTTER,Transient ischaemic attack,0,0,0
68,86,2,2,PRODUCT USED FOR UNKNOWN INDICATION,Ankle fracture,0,0,0
55,61.8,2,2,CARDIAC FAILURE ACUTE,Malignant glioma,1,0,0
58,65,1,5,CHRONIC LYMPHOCYTIC LEUKAEMIA,Renal failure acute,1,1,0
83,88,1,10,HIATUS HERNIA,Weight decreased,0,0,0
73,45.9,1,4,,Cytomegalovirus infection,1,0,0
26,60,2,1,NUCLEAR MAGNETIC RESONANCE IMAGING BRAIN,Dyspnoea,0,0,0
48,107.95,1,1,APPENDICECTOMY,Insomnia,1,0,0
47,73,1,5,,Hypotension,0,0,0
34,70.37,2,1,CONTRACEPTION,Device expulsion,0,0,0
40,99.78,1,3,DEPRESSION,Memory impairment,0,0,1
26,87.62,2,1,CONTRACEPTION,Device breakage,0,0,0
28,61.29,2,1,CONTRACEPTION,Device breakage,0,0,0
41,70.37,2,3,POST COITAL CONTRACEPTION,Nausea,0,0,0
30,88.53,2,1,CONTRACEPTION,Pelvic pain,0,0,0
66,56.24,2,4,OSTEOARTHRITIS,Meniscus injury,0,0,0
66,78.92,2,1,HYPERTENSION,Musculoskeletal stiffness,0,0,0
58,82.54,2,1,FIBROMYALGIA,Lung neoplasm malignant,0,0,0
47,104,1,6,,Dizziness,0,0,0
26,67,1,1,PHARYNGITIS,Mental impairment,0,0,0
18,43.13,2,1,POST COITAL CONTRACEPTION,Menstruation irregular,0,0,0
64,60.8,2,5,CHRONIC OBSTRUCTIVE PULMONARY DISEASE,Dyspnoea,1,0,0
39,96,2,6,PITUITARY TUMOUR BENIGN,Skin hypopigmentation,0,0,0
71,113,1,9,,Cough,0,0,0
45,70.3,2,4,DIABETIC NEUROPATHY,Pain,0,0,0
65,71,2,12,TYPE 2 DIABETES MELLITUS,Foot fracture,1,0,0
62,62.6,2,3,MIGRAINE,Drug eruption,0,0,0
67,59.8,1,9,TYPE 2 DIABETES MELLITUS,Loss of consciousness,0,0,0
77,97.5,1,38,HYPERURICAEMIA,Cardiac failure congestive,1,0,0
83,88,1,10,HIATUS HERNIA,Weight decreased,0,0,0
67,80,1,2,TYPE 2 DIABETES MELLITUS,Pulmonary oedema,1,0,0
44,49,2,9,PROPHYLAXIS,Respiratory failure,0,0,0
49,92.51,1,14,,Depressed mood,0,0,0
56,81.4,1,3,MANTLE CELL LYMPHOMA,Neuralgia,0,0,1
35,129,2,6,PSORIASIS,Staphylococcal sepsis,1,0,0
49,79.1,1,3,HIV INFECTION,Diabetes mellitus,1,0,0
24,54.48,2,1,CONTRACEPTION,Device expulsion,0,0,0
23,63.56,2,3,POST COITAL CONTRACEPTION,Menstruation irregular,0,0,0
41,113.38,2,6,POLLAKIURIA,Pollakiuria,0,0,0
66,84,1,3,,Hyperhidrosis,0,0,0
34,71,1,1,PSORIASIS,Generalised tonic-clonic seizure,0,0,0
20,81.72,1,4,PSORIASIS,Lipase increased,1,0,0
86,70,2,11,GLAUCOMA,Anaphylactic reaction,0,1,0
20,68.27,2,7,CONTRACEPTION,Metrorrhagia,0,0,0
31,106,1,1,PSORIASIS,Pneumothorax spontaneous,1,0,0
71,77.1,2,1,PROCEDURAL PAIN,Migraine,0,0,0
32,45.35,2,2,PULMONARY HYPERTENSION,Intentional drug misuse,0,0,0
30,49.4,2,6,MIGRAINE,Migraine,0,0,0
55,57,1,10,DIABETES MELLITUS,Drug eruption,1,0,0
75,48.12,2,15,COLITIS ULCERATIVE,Skin lesion,0,0,0
56,56.7,2,4,MIGRAINE,Nasal dryness,0,0,0
92,44.45,2,4,INFLAMMATORY BOWEL DISEASE,Confusional state,0,0,1
79,59.4,1,2,PLASMA CELL MYELOMA,Death,1,1,0
60,69.84,2,3,MENOPAUSAL SYMPTOMS,Product quality issue,0,0,0
61,96.2,1,2,HORMONE REPLACEMENT THERAPY,Weight increased,0,0,0
87,72.56,2,1,ARTHRITIS,Drug ineffective,0,0,0
75,97.5,1,2,,Drug hypersensitivity,0,0,0
52,56.69,2,3,SMOKING CESSATION THERAPY,Drug intolerance,0,0,0
47,100,1,1,HYPOGONADISM MALE,Blood test abnormal,0,0,0
56,104.31,2,2,FIBROMYALGIA,Epistaxis,0,0,0
80,71.2,2,1,HYPERTENSION,Hypoacusis,0,0,0
87,72.56,2,1,OSTEOARTHRITIS,Hypotension,0,0,0
47,62.58,2,16,,Liver disorder,0,0,0
44,88.44,2,2,PANIC ATTACK,Drug ineffective,0,0,0
60,60,1,7,ACUTE MYOCARDIAL INFARCTION,Granulocytopenia,1,0,0
69,61,1,4,ATRIAL FIBRILLATION,Lacunar infarction,0,0,0
67,77,1,13,,Swelling,0,0,1
78,65.8,1,4,PRODUCT USED FOR UNKNOWN INDICATION,Embolic stroke,0,0,0
76,65,2,5,5Q MINUS SYNDROME,Haemarthrosis,1,0,0
80,110,1,5,ATRIAL FIBRILLATION,Cerebrovascular accident,0,0,1
67,65,2,2,CHRONIC OBSTRUCTIVE PULMONARY DISEASE,Anxiety,0,0,0
54,63.5,2,4,MIGRAINE,Hypothyroidism,0,0,0
52,68,2,5,MIGRAINE,Thirst,0,0,0
82,93.9,2,28,CHRONIC OBSTRUCTIVE PULMONARY DISEASE,Fall,1,0,0
65,79.55,1,2,AMYOTROPHIC LATERAL SCLEROSIS,Cardiac arrest,0,1,0
63,88,1,13,PLASMA CELL MYELOMA,Squamous cell carcinoma of the hypopharynx,0,0,0
80,68.27,2,8,NOCTURIA,Overdose,0,0,0
53,100,1,7,PSORIASIS,Oropharyngeal pain,1,0,0
31,58,2,2,CONTRACEPTION,Caesarean section,0,0,0
53,104,2,1,SELECTIVE IGG SUBCLASS DEFICIENCY,Bronchitis,0,0,0
31,79.9,2,3,CONTRACEPTION,Device expulsion,0,0,0
60,99.77,2,2,DIABETIC NEUROPATHY,Pain,0,0,0
26,101.59,1,1,ANXIETY,Feeling abnormal,0,0,0
71,79.37,2,5,RHEUMATOID ARTHRITIS,Myalgia,0,0,0
62,43.08,2,2,MIGRAINE,Intentional drug misuse,0,0,0
33,77.1,2,1,SMOKING CESSATION THERAPY,Irritability,0,0,0
46,61.22,2,2,IRRITABLE BOWEL SYNDROME,Drug ineffective for unapproved indication,0,0,0
67,135,2,3,DIABETIC NEUROPATHY,Malaise,0,0,0
49,167.8,1,9,,Pain,0,0,0
73,70.3,2,3,PAIN,Hypertension,0,0,0
63,96.6,2,1,RHEUMATOID ARTHRITIS,Blood pressure increased,0,0,0
46,99.8,1,4,,Erectile dysfunction,0,0,0
43,68.03,2,1,ANXIETY,Product quality issue,0,0,0
70,58.05,2,4,BLOOD CHOLESTEROL INCREASED,Drug ineffective,0,0,0
73,70.3,2,1,PAIN,Drug ineffective,0,0,0
46,61.22,2,2,IRRITABLE BOWEL SYNDROME,Heart rate increased,0,0,0
48,99.77,1,6,BLOOD CHOLESTEROL INCREASED,Drug hypersensitivity,0,0,0
57,57.6,2,1,,Skin ulcer,0,0,0
59,57.14,2,12,,Adrenal insufficiency,0,0,0
65,63.49,1,2,BLOOD CHOLESTEROL ABNORMAL,Drug ineffective,0,0,0
77,50,2,3,CHRONIC OBSTRUCTIVE PULMONARY DISEASE,Pneumonia,1,0,0
53,109.6,1,16,PLASMA CELL MYELOMA,Myelodysplastic syndrome,0,0,1
47,67.19,2,7,PAIN,Erythema,0,0,0
64,59,2,6,HYPERTENSION,Coronary artery occlusion,1,0,0
56,81.6,2,8,GASTROOESOPHAGEAL REFLUX DISEASE,Blood pressure abnormal,0,0,0
20,113.83,2,1,DEPRESSION,Cardiac disorder,0,0,0
49,136.05,1,1,SMOKING CESSATION THERAPY,Drug ineffective,0,0,0
60,90.7,2,3,MAJOR DEPRESSION,Heart rate increased,0,0,0
8,8,1,1,PUPILS UNEQUAL,Hypoperfusion,1,0,0
43,56.69,2,1,BACK PAIN,Drug ineffective,0,0,0
73,52.61,2,1,VULVOVAGINAL DRYNESS,Dementia,0,0,0
51,113.4,2,1,OSTEOARTHRITIS,Dyspnoea,1,0,0
62,86.17,1,1,ERECTILE DYSFUNCTION,Headache,0,0,0
44,60.58,2,10,FIBROMYALGIA,Asthma,0,0,0
59,99,1,3,MYELODYSPLASTIC SYNDROME,Respiratory failure,1,1,0
34,72.64,2,8,CROHN^S DISEASE,Aspiration,0,1,0
33,81.27,2,5,CROHN^S DISEASE,Abdominal pain,0,0,0
80,73,2,3,FLATULENCE,Dizziness,0,0,0
90,41.7,1,4,PRODUCT USED FOR UNKNOWN INDICATION,Drug effect incomplete,0,0,0
74,118,1,3,ASTHMA,Pneumonia,0,0,0
69,60,1,4,HYPERTONIC BLADDER,Urinary retention,1,0,0
82,58,2,9,PROPHYLAXIS,Disseminated intravascular coagulation,0,1,0
64,53.57,2,3,PARKINSON^S DISEASE,Somnolence,0,0,0
53,90.6,1,13,PROSTATE CANCER,Herpes simplex,1,0,0
93,46,2,8,ATRIAL FIBRILLATION,Gastrointestinal haemorrhage,0,1,0
32193,60,1,2,MYOCARDIAL INFARCTION,Coronary artery occlusion,1,0,0
69,61,1,5,PLASMA CELL MYELOMA,Pyrexia,1,0,0
64,69.9,2,1,NON-SMALL CELL LUNG CANCER,Malignant neoplasm progression,0,1,0
47,68.1,2,3,PSORIASIS,Respiratory tract congestion,0,0,0
7,6.6,1,8,GASTROOESOPHAGEAL REFLUX DISEASE,Lower respiratory tract infection,1,0,0
46,64,2,3,MULTIPLE SCLEROSIS,Alopecia,0,0,0
58,82,2,2,PRODUCT USED FOR UNKNOWN INDICATION,Thrombocytopenia,0,0,0
49,78,1,7,METASTASES TO BONE,Hypocalcaemia,1,0,0
44,62,2,14,DIFFUSE LARGE B-CELL LYMPHOMA,Febrile neutropenia,1,0,0
51,52,2,8,RHEUMATOID ARTHRITIS,Breast cancer in situ,0,0,0
56,80,1,4,ANTIVIRAL TREATMENT,Drug interaction,0,0,0
63,52,2,1,COLON CANCER,Carcinoembryonic antigen increased,0,0,0
23,66.74,1,10,GLIOBLASTOMA,Visual impairment,0,0,0
46,79,1,4,ANTIVIRAL TREATMENT,Drug interaction,0,0,0
61,64.47,2,1,PRODUCT USED FOR UNKNOWN INDICATION,Cerebrovascular accident,0,0,0
47,76.4,2,14,BREAST CANCER METASTATIC,Pain,0,0,1
53,72,1,27,,Oxygen saturation decreased,1,0,0
50,75,1,3,ANTIVIRAL TREATMENT,Drug interaction,0,0,0
81,81,1,2,IMMUNOGLOBULIN G4 RELATED SCLEROSING DISEASE,Lung disorder,1,0,0
21,80,1,3,DEPRESSION,Altered state of consciousness,0,0,0
85,58,1,10,NEPHROGENIC ANAEMIA,Haemoglobin decreased,1,0,0
52,74.46,2,9,ASTHMA,Anaphylactic reaction,0,0,0
71,58,2,3,COLORECTAL CANCER,Nausea,0,0,0
68,70,1,1,COLORECTAL CANCER,Nausea,0,0,0
44,70,2,9,BREAST CANCER METASTATIC,Chills,0,0,0
67,71,2,6,RHEUMATOID ARTHRITIS,Aortic dissection,0,1,0
71,50,2,10,NEPHROGENIC ANAEMIA,Malignant melanoma of eyelid,1,0,0
73,75,2,3,CHRONIC OBSTRUCTIVE PULMONARY DISEASE,Dyspnoea,0,0,0
78,83,2,7,,Spinal pain,0,0,0
33,90,2,1,CHRONIC OBSTRUCTIVE PULMONARY DISEASE,Disorientation,0,0,0
76,93,2,1,CHRONIC OBSTRUCTIVE PULMONARY DISEASE,Anxiety,0,0,0
68,80,1,6,CHRONIC OBSTRUCTIVE PULMONARY DISEASE,Panic attack,0,0,0
78,88,1,2,CHRONIC OBSTRUCTIVE PULMONARY DISEASE,Lung infection,0,0,0
79,69,1,2,EMPHYSEMA,Fatigue,0,0,0
77,73,2,8,,Accidental exposure to product,0,0,0
70,77.98,2,2,HYPERTONIC BLADDER,Application site erythema,0,0,0
70,76,1,2,CHRONIC OBSTRUCTIVE PULMONARY DISEASE,Blood urine present,0,0,0
64,96.6,2,3,HYPERTONIC BLADDER,Condition aggravated,0,0,0
82,90.25,2,3,HYPERTONIC BLADDER,Condition aggravated,0,0,0
77,68,2,2,ATRIAL FIBRILLATION,Cataract,0,0,0
82,57,2,9,ATRIAL FIBRILLATION,Dizziness,0,0,0
45,82.99,2,2,HYPERTONIC BLADDER,Lymphadenopathy,0,0,0
69,93,1,4,ATRIAL FIBRILLATION,Throat irritation,0,0,0
68,101,2,1,CHRONIC OBSTRUCTIVE PULMONARY DISEASE,Incorrect route of drug administration,0,0,0
78,113,1,2,CHRONIC OBSTRUCTIVE PULMONARY DISEASE,Dyspnoea,0,0,0
83,45,2,1,CHRONIC OBSTRUCTIVE PULMONARY DISEASE,Incorrect route of drug administration,0,0,0
61,61,1,5,CHRONIC OBSTRUCTIVE PULMONARY DISEASE,Neck injury,0,0,0
71,55,1,5,TYPE 2 DIABETES MELLITUS,Colon cancer,1,0,0
46,60.84,2,2,CONTRACEPTION,Device dislocation,0,0,0
52,91,2,1,EMPHYSEMA,Incorrect route of drug administration,0,0,0
24,68.1,2,1,POST COITAL CONTRACEPTION,Exposure during pregnancy,0,0,0
66,39,2,1,CHRONIC OBSTRUCTIVE PULMONARY DISEASE,Incorrect route of drug administration,0,0,0
48,167.98,2,1,CONTRACEPTION,Device dislocation,0,0,0
19,83.54,2,1,POST COITAL CONTRACEPTION,Exposure during pregnancy,0,0,0
55,67.19,2,1,CONTRACEPTION,Device breakage,0,0,0
32,57.66,2,2,CONTRACEPTION,Device dislocation,0,0,0
51,120,1,4,CHRONIC OBSTRUCTIVE PULMONARY DISEASE,Impetigo,0,0,0
454,77,2,11,ANGINA PECTORIS,Cardiac arrest,1,0,0
79,60,1,3,PROSTATE CANCER,Chest pain,0,0,0
89,68,2,18,ISCHAEMIC HEART DISEASE PROPHYLAXIS,Hypersensitivity,0,0,0
34,83,1,9,NUCLEAR MAGNETIC RESONANCE IMAGING ABDOMINAL,Nephrogenic systemic fibrosis,0,0,1
31,38,2,1,NUCLEAR MAGNETIC RESONANCE IMAGING,Dysphagia,0,0,0
81,82,2,2,CONSTIPATION,Drug dependence,0,0,0
81,74,2,2,ISCHAEMIC HEART DISEASE PROPHYLAXIS,Aphagia,0,0,0
52,69,2,3,NUCLEAR MAGNETIC RESONANCE IMAGING BRAIN,Dyspnoea,0,0,0
24,81.63,2,3,,Embedded device,1,0,0
23,74.83,2,1,CONTRACEPTION,Drug ineffective,1,0,0
26,77,2,2,MENORRHAGIA,Ovarian cyst,1,0,0
41,129.25,2,4,CONTRACEPTION,Injury,1,0,0
24,72.56,2,5,CONTRACEPTION,Uterine perforation,1,0,0
31,72.56,2,1,CONTRACEPTION,Uterine perforation,0,0,0
28,90.7,2,2,CONTRACEPTION,Uterine perforation,0,0,0
25,79,2,6,CONTRACEPTION,Uterine perforation,0,0,0
23,68.03,2,5,CONTRACEPTION,Uterine perforation,0,0,0
27,81.18,2,8,CONTRACEPTION,Device dislocation,1,0,0
27,77.98,2,8,HEADACHE,Dysmenorrhoea,1,0,0
24,62.13,2,4,,Abdominal pain,1,0,1
24,68.27,2,4,,Medical device discomfort,1,0,0
29,95.24,2,1,CONTRACEPTION,Depression,1,0,0
22,58.96,2,3,CONTRACEPTION,Uterine perforation,1,0,0
27,63.49,2,6,,Pain,1,0,0
23,88.44,2,1,CONTRACEPTION,Depression,1,0,0
53,56.69,2,14,ANALGESIC THERAPY,Incorrect drug administration duration,0,0,0
26,50,2,2,CONTRACEPTION,Pain,1,0,0
29,56.69,2,1,CONTRACEPTION,Uterine perforation,1,0,0
65,58.96,2,1,TOOTHACHE,Drug ineffective,0,0,0
66,84.81,1,1,PAIN IN EXTREMITY,Incorrect drug administration duration,0,0,0
26,75.28,2,1,CONTRACEPTION,Ectopic pregnancy with contraceptive device,1,0,0
22,45.35,2,3,CONTRACEPTION,Injury,0,0,0
24,66,2,3,,Vaginal haemorrhage,1,0,0
23,49.89,2,1,MENORRHAGIA,Injury,1,0,0
40,90.7,2,2,CONTRACEPTION,Uterine perforation,0,0,0
31,58.5,2,1,CONTRACEPTION,Injury,1,0,0
37,92.97,2,10,CONTRACEPTION,Uterine perforation,0,0,0
54,61,2,9,MULTIPLE SCLEROSIS,Myocardial infarction,1,0,0
71,57,2,3,,Chest discomfort,0,0,1
57,49,2,2,GAIT DISTURBANCE,Retinal vein thrombosis,0,0,0
80,47.7,2,2,PRODUCT USED FOR UNKNOWN INDICATION,Deafness,0,0,0
17,83.9,2,1,CONTRACEPTION,Abdominal tenderness,0,0,0
68,120.64,2,13,INCONTINENCE,Application site pruritus,0,0,0
67,65,1,7,,Anaphylactic shock,0,0,0
24,69.85,2,2,MALARIA PROPHYLAXIS,Gastric ulcer,0,0,0
25,79,2,6,DEPRESSION,Pre-eclampsia,0,0,0
25,79,2,6,DEPRESSION,Exposure during pregnancy,0,0,0
66,55,1,3,ONYCHOMYCOSIS,Pancreatitis,1,0,0
1,3.99,0,6,PRODUCT USED FOR UNKNOWN INDICATION,Cleft palate,0,0,0
52,79,1,11,PLASMA CELL MYELOMA,Malignant melanoma,0,0,0
16,57,1,5,EPILEPSY,Somnolence,0,0,0
16,45.35,2,3,CONTRACEPTION,Secretion discharge,0,0,0
69,72.1,1,56,PRODUCT USED FOR UNKNOWN INDICATION,Asthenia,1,1,0
46,94,2,15,CONVULSION,Status epilepticus,1,0,0
18,77,1,2,PRODUCT USED FOR UNKNOWN INDICATION,Convulsion,0,0,0
46,99,1,24,,Vision blurred,0,0,0
51,78,1,1,VARICOSE VEIN,Diarrhoea,0,0,0
0,3.99,1,7,PRODUCT USED FOR UNKNOWN INDICATION,Cleft palate,0,0,0
77,76,2,5,CEREBROVASCULAR ACCIDENT PROPHYLAXIS,Anaemia,0,0,0
84,92,1,8,CEREBROVASCULAR ACCIDENT PROPHYLAXIS,Pulmonary embolism,0,1,0
70,79,2,9,EMBOLISM VENOUS,Subacute hepatic failure,1,1,0
30,88.9,2,7,ABDOMINAL PAIN,Hypoaesthesia,1,0,0
79,96.16,1,2,PROSTATE CANCER,Infection,1,0,0
54,62,2,6,OVARIAN CANCER,Pancytopenia,1,0,0
41,105.24,1,2,SCHIZOPHRENIA,"Hallucination, auditory",0,0,0
65,106.14,1,10,PROSTATE CANCER,Bone neoplasm,0,0,0
61,39,2,21,OVARIAN CANCER STAGE III,Lung disorder,1,0,0
31,72,1,5,CROHN^S DISEASE,Atrial fibrillation,1,0,0
54,72,2,4,ANTIVIRAL TREATMENT,Drug interaction,0,0,0
66,83,1,7,Hepatitis C,Toxic skin eruption,2,2,2
53,68.9,2,1,RHEUMATOID ARTHRITIS,Rectal ulcer,1,0,0
59,75,1,4,ANTIVIRAL TREATMENT,Drug interaction,0,0,0
38,172.79,2,21,ASTHMA,Asthma,1,0,0
18,63.39,0,2,,Device difficult to use,0,0,0
55,68.03,2,1,RHEUMATOID ARTHRITIS,Oral surgery,0,0,1
57,74.5,2,4,HYPERPARATHYROIDISM SECONDARY,Somnolence,1,0,0
39,53.52,2,3,CONTRACEPTION,Weight increased,0,0,0
69,61,2,1,RHEUMATOID ARTHRITIS,Deep vein thrombosis,1,0,0
57,77.56,1,27,PROPHYLAXIS,Influenza like illness,1,0,0
50,99,1,6,COLORECTAL CANCER,Disease progression,0,0,0
35,40,2,3,,Intentional overdose,1,0,0
45,55,2,2,MULTIPLE SCLEROSIS,Face oedema,1,0,0
50,51,2,6,MULTIPLE SCLEROSIS,Procedural pain,1,0,0
84,61,1,2,RHEUMATOID ARTHRITIS,Shock,1,1,0
79,47,2,8,BEHAVIOURAL AND PSYCHIATRIC SYMPTOMS OF DEMENTIA,Grand mal convulsion,1,0,0
66,75,2,2,DRUG ABUSE,Self injurious behaviour,1,0,0
73,75,1,8,THROMBOSIS PROPHYLAXIS,Shock haemorrhagic,1,0,1
68,75,1,8,COLITIS ULCERATIVE,Hypersensitivity vasculitis,1,0,0
43,65,2,2,PRODUCT USED FOR UNKNOWN INDICATION,Self injurious behaviour,0,0,0
67,68,2,2,LOW DENSITY LIPOPROTEIN INCREASED,Type 2 diabetes mellitus,0,0,0
62,82,2,2,LOW DENSITY LIPOPROTEIN INCREASED,Neuropathy peripheral,0,0,1
42,72.5,2,2,CARDIOVASCULAR EVENT PROPHYLAXIS,Type 2 diabetes mellitus,0,0,1
58,86,2,3,CARDIOVASCULAR EVENT PROPHYLAXIS,Type 2 diabetes mellitus,0,0,0
50,60,2,3,CARDIOVASCULAR EVENT PROPHYLAXIS,Type 2 diabetes mellitus,0,0,0
57,79.8,2,2,LOW DENSITY LIPOPROTEIN INCREASED,Type 2 diabetes mellitus,0,0,0
74,65.7,2,3,CARDIOVASCULAR EVENT PROPHYLAXIS,Type 2 diabetes mellitus,0,0,0
23,49.7,2,2,,Intentional self-injury,1,0,0
28,105,1,5,PRODUCT USED FOR UNKNOWN INDICATION,Disturbance in attention,0,0,0
50,88.45,2,3,,Unresponsive to stimuli,1,0,0
41,65,2,8,,Invasive ductal breast carcinoma,1,0,0
71,97.96,2,1,PSORIASIS,Exostosis,0,0,1
60,83,2,1,MULTIPLE SCLEROSIS,Fatigue,0,0,0
47,56,2,3,BREAST CANCER,Pain,0,0,0
83,61,1,4,,Dyshidrotic eczema,1,0,0
58,74,1,2,RENAL CANCER METASTATIC,Asthenia,0,0,0
19,133.33,2,1,,Haemorrhage,0,0,0
48,77,,4,ANTIVIRAL TREATMENT,Drug interaction,0,0,0
60,101.58,2,8,HIV INFECTION,Pneumonia,0,0,0
76,68.03,2,5,CEREBROVASCULAR ACCIDENT,Chest pain,1,0,0
78,40,2,2,OSTEOPOROSIS,Urinary tract infection,0,0,0
29,70.75,2,3,CONTRACEPTION,Device breakage,0,0,0
75,79.8,2,14,OSTEOPOROSIS POSTMENOPAUSAL,Coagulopathy,1,0,0
68,45,2,1,PSORIASIS,Arthritis,0,0,1
64,69,2,100,Product used for unknown indication,Coma,1,2,2
77,86,1,10,PSORIASIS,Syncope,1,0,0
81,79.83,1,5,CEREBROVASCULAR ACCIDENT PROPHYLAXIS,Hepatitis acute,0,0,0
14,52.1,2,1,COLITIS ULCERATIVE,Colitis ulcerative,1,0,0
52,74,1,2,PSORIASIS,Prostatic operation,0,0,0
80,47.4,2,9,CROHN^S DISEASE,Cholelithiasis,1,0,0
56,69.85,1,5,CROHN^S DISEASE,Infusion related reaction,1,0,0
67,63,1,6,METASTATIC GASTRIC CANCER,Sudden death,0,1,0
54,65,2,3,OVARIAN CANCER,Tendon pain,0,0,1
38,137.4,1,1,HAEMOPHILIA,Obesity,1,0,0
44,57,2,3,MULTIPLE SCLEROSIS,Neurofibromatosis,0,0,0
61,68.03,2,1,NASOPHARYNGITIS,Choking,0,0,0
52,100,1,13,PRODUCT USED FOR UNKNOWN INDICATION,Transaminases increased,1,0,0
72,75.5,1,6,MYELOFIBROSIS,Haematological malignancy,0,0,0
49,92.97,2,3,PRODUCT USED FOR UNKNOWN INDICATION,Venous thrombosis limb,0,0,0
72,75.28,2,9,HYPERTONIC BLADDER,Pruritus,0,0,0
56,42.85,2,16,CANCER PAIN,Disease progression,0,1,0
53,65,1,6,,Drug ineffective,0,0,0
37,51,2,6,,Chronic graft versus host disease,0,0,0
25,48,2,1,ORAL CONTRACEPTION,Cerebral ischaemia,0,0,0
19,43.08,2,3,DYSMENORRHOEA,Back pain,1,0,0
11,33,1,2,CROHN^S DISEASE,Hepatitis,1,0,0
73,104.31,2,6,DYSPEPSIA,Gastrointestinal haemorrhage,0,0,0
42,91,2,5,RHEUMATOID ARTHRITIS,Weight increased,0,0,0
57,80,1,1,HAEMATURIA,Dysentery,0,0,0
0,3.89,1,3,EPILEPSY,Limb reduction defect,0,0,0
79,75,1,6,ATRIAL FIBRILLATION,Coronary bypass thrombosis,1,0,0
31,60,1,3,TYPE 2 DIABETES MELLITUS,Suicide attempt,1,0,0
52,78,2,7,PRODUCT USED FOR UNKNOWN INDICATION,Arthralgia,1,0,0
57,68,2,3,HYPERSENSITIVITY,Depressed level of consciousness,0,0,0
0,2.29,2,3,EPILEPSY,Fallot^s tetralogy,0,0,0
0,3,2,5,EPILEPSY,Ventricular septal defect,0,0,0
0,3.46,2,4,EPILEPSY,Craniosynostosis,0,0,0
80,113,1,8,ISCHAEMIC HEART DISEASE PROPHYLAXIS,Haemorrhagic diathesis,0,0,0
42,40,2,27,GASTROINTESTINAL DISORDER,Melaena,1,1,0
30,88.9,2,7,PRODUCT USED FOR UNKNOWN INDICATION,Muscular weakness,1,0,0
63,47.9,2,3,SCHIZOPHRENIA,Hypothermia,1,0,0
26,48,2,10,DEPRESSION,Respiratory failure,1,0,0
72,83.54,1,7,HALLUCINATION,Activities of daily living impaired,0,0,1
57,51,2,12,COLORECTAL CANCER METASTATIC,Neuropathy peripheral,1,0,0
0,3,1,4,EPILEPSY,Congenital ureteric anomaly,0,0,0
86,45,2,6,ATRIAL FIBRILLATION,Gastrointestinal haemorrhage,1,0,0
57,60,2,1,PRODUCT USED FOR UNKNOWN INDICATION,Transaminases increased,1,0,0
74,64,1,14,PRODUCT USED FOR UNKNOWN INDICATION,Atrial fibrillation,1,1,0
80,58,1,29,MYELODYSPLASTIC SYNDROME,Hyperkalaemia,0,0,0
78,146.48,1,1,ATRIAL FIBRILLATION,Cataract operation,1,0,0
66,94,1,7,COLORECTAL CANCER METASTATIC,Cerebral ischaemia,1,0,0
57,56.69,1,2,MALIGNANT MELANOMA,Loss of consciousness,0,0,0
71,50.5,2,13,BIPOLAR DISORDER,Parkinsonism,0,0,0
67,86,1,13,ACUTE CORONARY SYNDROME,Urosepsis,1,0,0
64,122,1,9,PRODUCT USED FOR UNKNOWN INDICATION,Pancreatitis acute,1,0,1
64,66,1,4,SQUAMOUS CELL CARCINOMA OF HEAD AND NECK,Respiratory failure,1,1,0
57,68,2,8,BLOOD CHOLESTEROL INCREASED,Type 2 diabetes mellitus,0,0,0
67,84.8,1,4,ARTHRITIS,Aortic aneurysm,1,0,0
64,83.45,2,1,NERVOUS SYSTEM DISORDER,Arthropathy,0,0,0
49,74,2,2,LOW DENSITY LIPOPROTEIN INCREASED,Type 2 diabetes mellitus,0,0,0
64,91.61,,4,CARDIOVASCULAR EVENT PROPHYLAXIS,Type 2 diabetes mellitus,0,0,0
85,72.56,2,2,DEPRESSION,Heart rate increased,1,1,0
32,72.19,2,1,CONTRACEPTION,Menorrhagia,0,0,0
54,65,2,36,HYPOGLOBULINAEMIA,Syncope,0,0,0
68,56.69,2,5,BLOOD TRIGLYCERIDES INCREASED,Type 2 diabetes mellitus,0,0,0
48,84,2,2,LOW DENSITY LIPOPROTEIN INCREASED,Type 2 diabetes mellitus,0,0,0
55,68.03,2,3,CARDIOVASCULAR EVENT PROPHYLAXIS,Type 2 diabetes mellitus,0,0,0
51,71.2,2,2,LOW DENSITY LIPOPROTEIN INCREASED,Type 2 diabetes mellitus,0,0,0
54,59,2,2,LOW DENSITY LIPOPROTEIN INCREASED,Type 2 diabetes mellitus,0,0,0
53,86,2,3,LOW DENSITY LIPOPROTEIN INCREASED,Type 2 diabetes mellitus,0,0,0
36,82.09,2,12,,Pulmonary embolism,1,0,0
27,60.77,2,9,,Pulmonary embolism,1,0,0
40,129,2,7,,Deep vein thrombosis,1,0,0
17,107.94,2,2,,Pulmonary embolism,1,0,0
46,80.1,2,13,,Pulmonary embolism,1,0,0
23,63.95,2,3,,Pulmonary embolism,1,0,0
32,90.7,2,1,,Vena cava thrombosis,1,0,0
39,60.32,2,4,MULTIPLE SCLEROSIS,Sexually transmitted disease,0,0,0
66,85.81,1,9,PLASMA CELL MYELOMA,Cardiovascular disorder,1,0,0
36,58,2,1,GAUCHER^S DISEASE,Placenta accreta,1,0,0
51,80,1,1,HOUSE DUST ALLERGY,Fatigue,0,0,0
65,62,1,34,MULTIPLE SCLEROSIS,Multiple sclerosis relapse,1,0,0
59,68,1,2,APLASTIC ANAEMIA,Hyperglycaemia,1,0,0
25,79,2,6,DEPRESSION,Pre-eclampsia,0,0,0
56,82,2,7,CARDIOVASCULAR EVENT PROPHYLAXIS,Type 2 diabetes mellitus,0,0,0
47,115.32,1,6,BLOOD TESTOSTERONE DECREASED,Cardiac murmur,0,0,0
53,54,2,5,BLOOD TRIGLYCERIDES INCREASED,Fatigue,0,0,0
63,60,1,4,HEPATITIS C,Subileus,1,0,0
69,85.35,2,11,PLASMA CELL MYELOMA,Eating disorder,1,0,0
69,100,2,14,CARDIOVASCULAR EVENT PROPHYLAXIS,Type 2 diabetes mellitus,0,0,0
45,116,2,5,HYPERLIPIDAEMIA,Type 2 diabetes mellitus,0,0,0
82,70,2,12,OSTEOPOROSIS,Fall,0,0,0
75,88,1,3,CHRONIC OBSTRUCTIVE PULMONARY DISEASE,Full blood count decreased,1,0,0
60,54,2,4,CHRONIC OBSTRUCTIVE PULMONARY DISEASE,Pneumonia,1,0,0
81,100,1,1,RESTLESS LEGS SYNDROME,Hospitalisation,0,0,0
77,117,1,3,TYPE 2 DIABETES MELLITUS,Oesophageal adenocarcinoma,1,1,0
49,82,1,6,EPITHELIOID MESOTHELIOMA,Nephrotic syndrome,1,1,0
77,65,2,7,HYPERTENSION,Hypochloraemia,1,0,0
53,75.6,1,12,,Torsade de pointes,0,1,0
50,70.8,1,6,TYPE 2 DIABETES MELLITUS,Angina pectoris,1,0,0
9,7.6,1,4,EPILEPSY,Diet refusal,1,0,0
33,57.2,2,1,CONTRACEPTION,Arthralgia,0,0,0
21,54.48,2,1,CONTRACEPTION,Metrorrhagia,0,0,0
70,52,1,4,RHEUMATOID ARTHRITIS,Urinary tract infection,1,0,0
20,48,2,2,NASAL CONGESTION,Depressed level of consciousness,0,0,0
56,102,2,3,,Herpes zoster,1,0,0
43,81,2,3,BLOOD TRIGLYCERIDES INCREASED,Type 2 diabetes mellitus,0,0,0
60,85.71,,2,LOW DENSITY LIPOPROTEIN INCREASED,Blindness,0,0,0
68,80.36,1,1,PLASMA CELL MYELOMA,Toxicity to various agents,0,0,0
29,62,2,5,ANXIETY DISORDER,Anogenital warts,0,0,0
68,84,2,3,LOW DENSITY LIPOPROTEIN INCREASED,Type 2 diabetes mellitus,0,0,0
40,104.3,2,4,CARDIOVASCULAR EVENT PROPHYLAXIS,Type 2 diabetes mellitus,0,0,0
75,85.71,2,5,BLOOD CHOLESTEROL ABNORMAL,Type 2 diabetes mellitus,0,0,0
68,78.5,,2,CARDIOVASCULAR EVENT PROPHYLAXIS,Type 2 diabetes mellitus,0,0,0
60,77.18,1,13,PLASMA CELL MYELOMA,Diabetes mellitus,1,0,0
64,97.52,2,9,PRODUCT USED FOR UNKNOWN INDICATION,Pneumonia,0,0,0
53,45.35,2,4,SMOKING CESSATION THERAPY,Hepatitis C,0,0,0
30,51.25,2,1,CONTRACEPTION,Metastatic choriocarcinoma,1,0,1
61,53.07,2,4,HEPATITIS C,Hypothyroidism,0,0,0
50,72,2,6,TYPE 2 DIABETES MELLITUS,Swelling face,0,0,0
52,66,2,1,CHRONIC OBSTRUCTIVE PULMONARY DISEASE,Incorrect route of drug administration,0,0,0
69,68.5,1,6,LYMPHOCYTIC LEUKAEMIA,Pain,1,0,0
30,60.38,2,1,CONTRACEPTION,Device expulsion,0,0,0
14,64.1,2,1,NEUROBORRELIOSIS,Respiratory distress,0,0,0
47,73,1,5,PRODUCT USED FOR UNKNOWN INDICATION,Blindness unilateral,1,0,0
65,95.26,1,3,TYPE 2 DIABETES MELLITUS,Weight decreased,0,0,0
59,79.37,2,5,,Arthropathy,0,0,0
40,76.27,2,2,POST COITAL CONTRACEPTION,Headache,0,0,0
22,95.24,2,1,CONTRACEPTION,Uterine perforation,0,0,0
14,49,,4,TYPE 1 DIABETES MELLITUS,Drug ineffective,1,0,0
35,98.41,2,4,MENORRHAGIA,Device expulsion,0,0,0
14,49,1,1,TYPE 1 DIABETES MELLITUS,Drug ineffective,1,0,0
57,115.91,1,3,RENAL FAILURE CHRONIC,Chest pain,1,0,0
61,73,2,3,CARDIOVASCULAR EVENT PROPHYLAXIS,Type 2 diabetes mellitus,0,0,0
42,42,1,4,SCHIZOPHRENIA,Schizophrenia,1,0,0
43,79,2,2,,Completed suicide,0,1,0
77,45.36,2,2,CROHN^S DISEASE,Fall,1,0,0
38,57,2,1,CROHN^S DISEASE,Pancreatitis,1,0,0
17,61,2,5,CROHN^S DISEASE,Female genital tract fistula,1,0,0
42,84.81,2,8,PULMONARY ARTERIAL HYPERTENSION,Back pain,0,0,0
68,103.51,1,3,PERITONEAL DIALYSIS,Myocardial infarction,1,0,0
73,64,1,2,DYSPEPSIA,Drug ineffective,0,0,0
35,77.1,1,1,SMOKING CESSATION THERAPY,Hypersensitivity,0,0,0
84,68,1,2,PERITONEAL DIALYSIS,Death,0,1,0
47,76.64,2,1,SMOKING CESSATION THERAPY,Nightmare,0,0,0
70,68,2,9,PSORIATIC ARTHROPATHY,Fall,1,0,0
84,63,2,2,HYPERTENSION,Tremor,0,0,0
76,54.42,1,1,ARTHRALGIA,Arthralgia,0,0,0
57,125.62,2,20,DEPRESSION,Malaise,0,0,0
55,76.64,1,4,RENAL CELL CARCINOMA,Rash generalised,0,0,0
78,99.3,1,4,TYPE 2 DIABETES MELLITUS,Hypoglycaemia,1,0,0
23,83.9,2,2,CONTRACEPTION,Implant site rash,0,0,0
37,91.61,2,5,INSULIN RESISTANCE,Papillary thyroid cancer,0,0,0
52,90.7,2,2,DIABETES MELLITUS,Cholecystitis,1,0,0
61,74.83,2,6,RHEUMATOID ARTHRITIS,Dizziness,0,0,0
49,136.5,1,1,SMOKING CESSATION THERAPY,Arthropod bite,0,0,0
74,86.17,1,1,ERECTILE DYSFUNCTION,Gastrooesophageal reflux disease,0,0,0
79,82.54,1,4,CARDIAC DISORDER,Heart rate irregular,0,0,0
59,49.89,2,2,ARTHRALGIA,Local swelling,0,0,0
74,113,1,5,,Asthenia,1,0,0
52,86.17,2,14,RENAL CANCER,Pyrexia,0,0,0
77,86.17,1,1,URINARY INCONTINENCE,Vision blurred,0,0,0
70,78,1,11,HYPERTENSION,Ankle fracture,0,0,0
58,72.56,1,1,ERECTILE DYSFUNCTION,Drug ineffective,0,0,0
50,41.27,2,1,GASTROOESOPHAGEAL REFLUX DISEASE,Sciatica,0,0,0
42,81.63,2,3,HEADACHE,Drug hypersensitivity,0,0,0
21,67.19,2,1,POST COITAL CONTRACEPTION,Pelvic pain,0,0,0
61,107,1,2,,Drug ineffective,0,0,0
56,59.86,2,2,HOT FLUSH,Cardiac disorder,0,0,0
36,80,1,5,,Intentional overdose,0,0,0
23,62.59,2,1,,Medical device removal,0,0,0
62,108.96,2,11,RHEUMATOID ARTHRITIS,Haemoglobin decreased,1,0,0
47,63.5,2,3,,Middle insomnia,0,0,0
88,55.78,2,1,NEUROPATHY PERIPHERAL,Somnolence,0,0,0
36,69.84,1,1,BACK PAIN,Arthralgia,0,0,0
81,86.17,1,7,ARTHRALGIA,Drug hypersensitivity,0,0,0
44,81.63,2,5,CARDIOVASCULAR EVENT PROPHYLAXIS,Type 2 diabetes mellitus,0,0,0
94,45.35,2,1,OSTEOARTHRITIS,Dizziness,0,0,0
53,125,1,3,SMOKING CESSATION THERAPY,Dysgeusia,0,0,0
71,86.17,1,1,SMOKING CESSATION THERAPY,Diabetes mellitus,0,0,0
61,54.42,2,1,SMOKING CESSATION THERAPY,Flatulence,0,0,0
47,96.15,2,1,SMOKING CESSATION THERAPY,Mood swings,0,0,0
42,90.7,2,1,SMOKING CESSATION THERAPY,Suicidal ideation,0,0,0
63,65.3,2,4,MYELITIS TRANSVERSE,Somnolence,0,0,0
63,65.3,2,4,MYELITIS TRANSVERSE,Weight increased,0,0,0
84,72.56,2,2,DEPRESSION,Hip fracture,0,0,0
46,93,1,8,SMOKING CESSATION THERAPY,Abnormal dreams,0,0,0
59,83.9,1,2,CONVULSION,Drug ineffective,0,0,0
59,83.9,1,1,DEPRESSION,Convulsion,0,0,0
64,68,2,3,ARNOLD-CHIARI MALFORMATION,Drug ineffective,0,0,0
75,68.03,2,9,TRIGEMINAL NEURALGIA,Visual impairment,0,0,0
82,67.57,1,1,METASTASES TO BONE,Prostate cancer metastatic,0,1,0
56,68.49,2,1,,Drug hypersensitivity,0,0,0
36,54.42,2,1,CONTRACEPTION,Product quality issue,0,0,0
63,49.89,2,3,CARDIOVASCULAR EVENT PROPHYLAXIS,Blood pressure abnormal,0,0,0
65,84,1,9,CEREBROVASCULAR ACCIDENT PROPHYLAXIS,Lumbar spinal stenosis,1,0,0
72,113.5,2,8,SELECTIVE IGG SUBCLASS DEFICIENCY,Erythema,0,0,0
51,66.5,2,2,RENAL FAILURE CHRONIC,Peritoneal dialysis complication,1,0,0
16,5.7,1,5,ANTIVIRAL PROPHYLAXIS,Dyspnoea,1,0,0
28,89,1,2,TYPE IIA HYPERLIPIDAEMIA,Skin burning sensation,0,0,0
87,103,2,9,PSEUDOMONAS INFECTION,Pneumonia,1,0,0
81,99,1,17,HYPERTENSION,Pyrexia,1,0,0
54,61.22,1,9,HIV INFECTION,Cholecystitis,1,0,0
75,83.5,2,43,BLOOD PRESSURE ABNORMAL,Colitis ischaemic,1,0,0
59,100,1,6,HYPERCHOLESTEROLAEMIA,Cough,0,0,0
31,68,1,1,HIV INFECTION,Suicidal ideation,0,0,0
72,72.11,2,13,PRODUCT USED FOR UNKNOWN INDICATION,Application site urticaria,0,0,0
87,55,2,15,,Local swelling,0,0,0
65,45.2,2,5,,Toxic skin eruption,1,0,0
82,118,2,2,CARDIOVASCULAR EVENT PROPHYLAXIS,Type 2 diabetes mellitus,0,0,0
68,75,2,5,GLAUCOMA,Visual acuity reduced,0,0,0
45,147.39,,3,LOW DENSITY LIPOPROTEIN INCREASED,Chest pain,0,0,0
60,75,2,3,CARDIOVASCULAR EVENT PROPHYLAXIS,Blindness,0,0,0
62,74,2,1,EMPHYSEMA,Incorrect route of drug administration,0,0,0
85,50,1,6,PRODUCT USED FOR UNKNOWN INDICATION,Pancreatitis acute,0,0,0
2,1.9,1,4,PREMATURE BABY,Dyspnoea,1,0,0
58,74,2,7,PRODUCT USED FOR UNKNOWN INDICATION,Pyelonephritis,1,0,0
64,93.07,1,8,PANCREATECTOMY,Device dislocation,0,0,0
22,61.68,2,2,,Emotional distress,1,0,0
33,54.42,2,1,CONTRACEPTION,Device dislocation,1,0,0
32,68.03,2,8,CONTRACEPTION,Embedded device,0,0,0
28,55.78,2,1,CONTRACEPTION,Injury,0,0,0
29,65.31,2,4,CONTRACEPTION,Genital haemorrhage,1,0,0
26,77.98,2,1,CONTRACEPTION,Uterine perforation,1,0,1
26,57.6,2,9,INSOMNIA,Anxiety,1,0,0
25,120.18,2,14,CONTRACEPTION,Uterine perforation,1,0,0
23,62,2,2,CONTRACEPTION,Injury,1,0,0
31,70.75,2,5,CONTRACEPTION,Device dislocation,1,0,0
31,72.64,2,1,CONTRACEPTION,Device expulsion,0,0,0
37,117.91,2,1,CONTRACEPTION,Pelvic pain,0,0,0
74,68.03,2,7,GASTROOESOPHAGEAL REFLUX DISEASE,Trigeminal neuralgia,1,0,0
56,88,2,3,LOW DENSITY LIPOPROTEIN INCREASED,Type 2 diabetes mellitus,0,0,0
61,77,2,6,HYPERTENSION,Muscular weakness,0,0,0
52,82.55,2,3,CARDIOVASCULAR EVENT PROPHYLAXIS,Type 2 diabetes mellitus,0,0,0
57,77,2,5,LOW DENSITY LIPOPROTEIN INCREASED,Weight increased,0,0,0
79,55,2,8,MENINGITIS BACTERIAL,Meningitis bacterial,0,1,1
71,59.41,2,2,SMOKING CESSATION THERAPY,Nausea,0,0,0
65,53.97,2,10,PAIN,Cardiac disorder,0,0,0
30,107.48,2,1,,Device breakage,0,0,0
84,47.17,2,11,DIABETIC NEUROPATHY,Drug ineffective,0,0,0
73,53.97,2,10,PAIN,Gastric disorder,0,0,0
66,79,2,4,BLOOD CHOLESTEROL INCREASED,Low density lipoprotein increased,0,0,0
60,92.97,2,5,MAJOR DEPRESSION,Migraine,0,0,0
44,99.77,2,5,FIBROMYALGIA,Arthralgia,0,0,0
49,58.96,2,1,HEADACHE,Hypersensitivity,0,0,0
91,63.39,2,6,BLADDER DISORDER,Vision blurred,0,0,0
73,89.3,2,3,DEPRESSION,Weight decreased,0,0,0
73,89.3,2,5,DEPRESSION,Blood glucose increased,0,0,0
49,58.96,2,1,HEADACHE,Hypersensitivity,0,0,0
81,75.74,1,1,PROCEDURAL PAIN,Drug dependence,0,0,0
82,86.17,1,5,DIABETIC NEUROPATHY,Neuropathy peripheral,0,0,0
52,66.67,2,3,ARTHRALGIA,Rash generalised,0,0,0
20,72.56,2,2,FIBROMYALGIA,Drug ineffective,0,0,0
92,71.2,2,3,HORMONE REPLACEMENT THERAPY,Nausea,0,0,0
35,113.38,2,2,DEPRESSION,Intentional drug misuse,0,0,0
22,54.42,2,1,CONTRACEPTION,Pain,1,0,0
31,92.97,1,2,DEPRESSION,Weight decreased,0,0,0
42,72.56,2,1,CONTRACEPTION,Uterine perforation,1,0,0
17,71.2,2,3,,Menstruation irregular,1,0,0
40,79.37,2,1,CONTRACEPTION,Pain,0,0,0
21,51.7,2,1,CONTRACEPTION,Device misuse,0,0,0
55,52.2,2,4,CONSTIPATION,Bradycardia,0,0,0
30,77.98,2,1,CONTRACEPTION,Uterine perforation,1,0,1
46,104.31,2,4,,Pain,1,0,0
21,84,2,12,PRODUCT USED FOR UNKNOWN INDICATION,Bipolar I disorder,1,0,0
22,56.69,2,2,POSTPARTUM DEPRESSION,Infertility female,0,0,0
73,77,1,3,CHRONIC OBSTRUCTIVE PULMONARY DISEASE,Bladder cancer,1,0,0
86,52,2,3,CHRONIC OBSTRUCTIVE PULMONARY DISEASE,Aortic aneurysm,1,0,0
22,69,1,15,TONSILLITIS,Pancytopenia,0,0,0
31,61.22,2,1,CONTRACEPTION,Injury,0,0,0
25,70,1,2,VOMITING,Drug withdrawal syndrome,0,0,0
21,95,1,2,CROHN^S DISEASE,Lymphopenia,0,0,0
18,49.49,2,1,CONTRACEPTION,Pelvic pain,0,0,0
16,6.7,2,6,ANTIVIRAL PROPHYLAXIS,Lung infection,0,0,0
80,70.82,2,9,MYELOFIBROSIS,Anaemia,1,0,0
49,46.4,2,5,MIGRAINE,Drug ineffective,1,0,0
28,53.52,2,1,CONTRACEPTION,Balance disorder,1,0,1
28,72.56,2,6,,Uterine perforation,1,0,0
84,76.2,2,21,PLASMA CELL MYELOMA,Limb injury,0,0,0
35,96.15,2,5,CONTRACEPTION,Uterine perforation,1,0,0
34,77.1,2,3,SMOKING CESSATION THERAPY,Malaise,0,0,0
47,98,1,15,PRODUCT USED FOR UNKNOWN INDICATION,Chronic graft versus host disease,1,0,0
81,61.4,2,11,PRODUCT USED FOR UNKNOWN INDICATION,Blindness,0,0,0
14,48,2,1,PRODUCT USED FOR UNKNOWN INDICATION,Brain neoplasm,0,0,0
65,68.2,2,4,PRODUCT USED FOR UNKNOWN INDICATION,Blister,1,0,0
76,84,1,1,URINARY RETENTION,Anuria,0,0,0
45,65,2,4,DEPRESSION,Accidental overdose,1,0,0
70,85.9,2,10,THROMBOSIS PROPHYLAXIS,Death,0,1,0
44,85,1,2,SCHIZOPHRENIA,Pyrexia,1,0,0
9,18,2,10,,Cerebrovascular accident,1,0,0
77,88.2,1,1,BENIGN PROSTATIC HYPERPLASIA,Prostate cancer,0,0,0
76,72,1,19,DIURETIC THERAPY,Pneumonia,1,0,0
60,71,1,12,METASTATIC RENAL CELL CARCINOMA,Haemoglobin decreased,0,0,0
78,62,1,25,,Respiratory failure,1,1,0
73,49.4,2,19,CLEAR CELL RENAL CELL CARCINOMA,Rhabdomyolysis,1,0,0
58,85.26,2,4,RHEUMATOID ARTHRITIS,Disorientation,1,0,0
21,58.11,2,1,CONTRACEPTION,Pelvic pain,0,0,0
72,76,1,3,HIV INFECTION,Dysarthria,1,0,0
58,97.5,2,17,RHEUMATOID ARTHRITIS,Atrial fibrillation,0,0,0
52,55.7,2,1,MALIGNANT MELANOMA,Basal cell carcinoma,0,0,0
61,107,1,5,ATRIAL FIBRILLATION,Pneumonia,1,0,0
75,38.5,2,7,GASTROOESOPHAGEAL REFLUX DISEASE,Extradural haematoma,1,1,0
24,56.69,2,2,MENORRHAGIA,Uterine perforation,1,0,0
71,59.86,2,8,RHEUMATOID ARTHRITIS,Gait disturbance,0,0,0
70,60.2,1,10,CEREBROVASCULAR ACCIDENT PROPHYLAXIS,Cerebral haemorrhage,1,0,0
81,58.06,2,12,CEREBROVASCULAR ACCIDENT PROPHYLAXIS,Headache,0,0,0
79,121,1,2,ATRIAL FIBRILLATION,Gastrointestinal haemorrhage,1,0,0
80,63.6,2,17,,Cystitis haemorrhagic,1,0,0
22,97.51,2,1,CONTRACEPTION,Embedded device,1,0,0
79,63,1,9,ATRIAL FIBRILLATION,Intra-abdominal haematoma,1,0,0
89,41.73,2,2,ATRIAL FIBRILLATION,Tubulointerstitial nephritis,0,0,0
56,56,2,5,DEPRESSION,Drug interaction,0,0,0
61,79.37,2,5,,Ill-defined disorder,0,0,0
78,30,2,6,HYPERURICAEMIA,Bile duct cancer,0,1,0
77,72,2,7,ARTHRITIS,Drug ineffective,0,0,0
60,83.9,2,1,ARTHRITIS,Incorrect drug administration duration,0,0,0
27,68.93,1,2,PSORIASIS,Adverse drug reaction,0,0,0
40,75,2,7,PERITONEAL DIALYSIS,Hypoglycaemia,0,0,0
43,75,1,2,MULTIFOCAL MOTOR NEUROPATHY,Thrombosis,0,0,0
54,58,2,4,ATROPHIC VULVOVAGINITIS,Ear infection,1,0,0
66,73,2,5,,Pneumonia,1,0,0
27,98.89,1,3,CROHN^S DISEASE,Intestinal haemorrhage,1,0,0
76,113.38,2,3,FIBROMYALGIA,Swelling face,0,0,0
58,98,2,4,LOW DENSITY LIPOPROTEIN INCREASED,Type 2 diabetes mellitus,0,0,0
18,67.19,2,1,POST COITAL CONTRACEPTION,Menstruation delayed,0,0,0
21,84,2,12,PRODUCT USED FOR UNKNOWN INDICATION,Bipolar I disorder,1,0,0
86,58,2,4,ANALGESIC THERAPY,Blood pressure increased,0,0,0
55,75,2,2,LOW DENSITY LIPOPROTEIN INCREASED,Type 2 diabetes mellitus,0,0,0
50,67,2,6,LOW DENSITY LIPOPROTEIN INCREASED,Type 2 diabetes mellitus,0,0,0
69,74.38,2,21,PRODUCT USED FOR UNKNOWN INDICATION,Fall,1,0,0
127,5,2,8,PREMATURE BABY,Respiratory rate increased,1,0,0
57,117,2,4,BLOOD CHOLESTEROL INCREASED,Type 2 diabetes mellitus,0,0,0
31,60,1,5,,Myoglobin urine present,1,0,0
69,74.84,2,4,BLOOD PRESSURE INCREASED,Loss of bladder sensation,0,0,0
72,73,2,20,HYPERCHOLESTEROLAEMIA,Renal failure,1,0,0
52,66,2,2,CROHN^S DISEASE,Thrombocytosis,0,0,0
37,72.64,2,7,CROHN^S DISEASE,Impaired gastric emptying,1,0,0
38,71,2,6,CERVIX CARCINOMA RECURRENT,Abdominal pain,0,0,1
41,68,2,3,SPINAL ANAESTHESIA,Delayed recovery from anaesthesia,1,0,0
43,68.03,2,4,LOW DENSITY LIPOPROTEIN INCREASED,Type 2 diabetes mellitus,0,0,0
73,54,1,12,,Depressed level of consciousness,1,0,0
20,76,2,1,DEPRESSION,Mydriasis,0,0,0
13,50,2,3,HEADACHE,Pulmonary haemorrhage,0,1,0
47,90.25,2,5,BLOOD CHOLESTEROL ABNORMAL,Type 2 diabetes mellitus,0,0,0
8,27.21,2,1,HYPERSENSITIVITY,Overdose,0,0,0
57,79.37,2,28,PULMONARY ARTERIAL HYPERTENSION,Death,0,1,0
1,3.71,1,3,CROHN^S DISEASE,Atrial septal defect,0,0,0
58,81.18,2,2,PRODUCT USED FOR UNKNOWN INDICATION,Gastric haemorrhage,0,0,0
86,68,1,3,BENIGN PROSTATIC HYPERPLASIA,Alanine aminotransferase increased,1,0,0
36,77,2,5,CARDIOVASCULAR EVENT PROPHYLAXIS,Type 2 diabetes mellitus,0,0,0
55,70.75,2,4,CARDIOVASCULAR EVENT PROPHYLAXIS,Type 2 diabetes mellitus,0,0,0
63,66,2,3,BLOOD CHOLESTEROL INCREASED,Type 2 diabetes mellitus,0,0,0
1,2.59,2,4,PROPHYLAXIS OF NEURAL TUBE DEFECT,Atrial septal defect,0,0,0
92,44,2,4,INFLAMMATORY BOWEL DISEASE,"Hallucinations, mixed",0,0,1
24,70,2,1,MALARIA PROPHYLAXIS,Gastric ulcer,0,0,0
59,77.1,2,8,PRODUCT USED FOR UNKNOWN INDICATION,Colitis,1,0,0
64,72.56,2,6,HYPERTONIC BLADDER,Unevaluable event,0,0,0
66,58,2,4,RHEUMATOID ARTHRITIS,Cardiac arrest,0,1,0
56,113.95,1,4,PSORIASIS,Gastric disorder,1,0,0
57,92,2,2,CARDIOVASCULAR EVENT PROPHYLAXIS,Type 2 diabetes mellitus,0,0,0
50,70.3,2,1,ENDOMETRIAL HYPERPLASIA,Hypertension,0,0,0
77,93,2,1,,Alopecia areata,0,0,0
69,77.1,2,4,LOW DENSITY LIPOPROTEIN INCREASED,Hypertension,0,0,0
82,50.79,2,4,INCONTINENCE,Burning sensation,0,0,0
58,67.12,1,5,ISCHAEMIC HEART DISEASE PROPHYLAXIS,Myocardial infarction,0,0,0
68,106.58,2,6,BLADDER DISORDER,Bladder spasm,0,0,0
61,76.19,2,6,DIABETES MELLITUS,Blood glucose increased,0,0,0
17,88.53,2,1,POST COITAL CONTRACEPTION,Menstruation delayed,0,0,0
41,63.5,2,3,DEPRESSION,Hypoaesthesia,0,0,0
60,99.77,2,1,DIABETIC NEUROPATHY,Blood potassium increased,0,0,0
80,58.96,2,5,OSTEOARTHRITIS,Off label use,0,0,0
65,81.63,2,9,BLOOD CHOLESTEROL INCREASED,Muscle spasms,0,0,0
35,68,1,23,HEPATITIS C,Bacterial sepsis,0,1,0
71,93,1,4,ACUTE CORONARY SYNDROME,Pancreatic carcinoma,1,1,0
82,82.99,2,1,MICTURITION URGENCY,Urinary tract infection,0,0,0
85,70.3,2,5,BLOOD CHOLESTEROL INCREASED,Muscle spasms,0,0,0
51,65.76,2,4,DIABETIC NEUROPATHY,Drug ineffective,0,0,0
1,2,1,5,EPILEPSY,Congenital anomaly,1,0,0
66,113,2,1,FIBROMYALGIA,Drug ineffective,0,0,0
69,79.37,1,2,BACK PAIN,Renal disorder,0,0,0
51,95,2,4,FIBROMYALGIA,Joint injury,0,0,0
40,47.22,2,2,CROHN^S DISEASE,Intestinal stenosis,1,0,0
71,79,2,1,CHRONIC OBSTRUCTIVE PULMONARY DISEASE,Dyspnoea,0,0,0
41,44.9,2,4,DEPRESSION,Meniscus injury,0,0,0
34,60.38,2,1,CONTRACEPTION,Pelvic pain,0,0,0
70,76.3,1,11,PROPHYLAXIS,Agranulocytosis,1,0,0
56,42,2,6,UTERINE CANCER,Flushing,1,0,0
73,73.8,1,22,LYMPHOMA,Chondrocalcinosis pyrophosphate,1,0,0
44,49.89,2,1,DEPRESSION,Cerebrovascular accident,0,0,0
53,63,2,3,BLOOD CHOLESTEROL INCREASED,Type 2 diabetes mellitus,0,0,0
57,142.86,1,3,DIABETIC NEUROPATHY,Neuropathy peripheral,0,0,0
65,79.37,1,6,,Libido decreased,0,0,0
37,101.13,1,3,MONONEUROPATHY,Electromyogram abnormal,0,0,0
63,65.31,2,4,MYELITIS TRANSVERSE,Drug ineffective,0,0,0
25,79,2,6,DEPRESSION,Pre-eclampsia,0,0,0
21,84,2,12,PRODUCT USED FOR UNKNOWN INDICATION,Depression,1,0,0
76,100,1,3,SURGERY,Myalgia,0,0,0
21,84,2,12,PRODUCT USED FOR UNKNOWN INDICATION,Bipolar I disorder,1,0,0
65,75,1,7,RECTAL CANCER,Purpura,0,0,0
52,60,1,5,HEPATITIS C,Neutropenia,0,0,0
33,60,2,5,NASOPHARYNGITIS,Renal impairment,1,0,0
60,50.85,2,17,RHEUMATOID ARTHRITIS,Visual impairment,0,0,0
58,59.02,2,6,BRONCHITIS,Oedema mouth,1,0,0
74,67.19,2,18,CROHN^S DISEASE,Biliary tract disorder,1,0,0
49,83,2,5,PSORIASIS,Erythema,0,0,0
15,64,1,4,MULTIPLE SCLEROSIS,Blood alkaline phosphatase increased,0,0,0
57,70,2,1,MULTIPLE SCLEROSIS,Multiple sclerosis relapse,1,0,0
56,187,1,11,HIV INFECTION,Anaemia,0,0,0
37,90.7,2,1,MULTIPLE SCLEROSIS,Central nervous system lesion,0,0,0
26,60,2,2,LUNG INFECTION,Dyspnoea,0,0,0
30,65,2,1,HELICOBACTER INFECTION,Psychotic disorder,1,0,0
68,120,2,11,RHEUMATOID ARTHRITIS,Pneumonitis,0,1,0
64,62,2,3,PRODUCT USED FOR UNKNOWN INDICATION,Nausea,0,0,1
27,48,2,4,CROHN^S DISEASE,Anal fistula,1,0,0
70,60.9,2,30,HYPERTENSION,Tobacco user,1,1,0
48,102.5,1,31,,Weight increased,0,0,0
59,75,1,4,,Pancytopenia,0,0,0
9,28,2,1,GROWTH HORMONE DEFICIENCY,Laryngitis,0,0,0
44,85,2,4,EPILEPSY,Daydreaming,0,0,0
27,68.1,2,1,POST COITAL CONTRACEPTION,Menstruation irregular,0,0,0
6,22,2,13,EPILEPSY,Acute respiratory failure,0,1,0
70,57,2,3,ASTHMA,Viral infection,0,0,0
45,55,2,1,UTERINE LEIOMYOMA,Carcinoid tumour,1,0,0
85,45,2,7,CEREBROVASCULAR ACCIDENT PROPHYLAXIS,Colon cancer,1,0,0
67,95.69,1,3,ERECTILE DYSFUNCTION,Blood pressure decreased,0,0,0
53,95.24,1,9,ERECTILE DYSFUNCTION,Drug effect delayed,0,0,0
57,98,1,11,CEREBROVASCULAR ACCIDENT PROPHYLAXIS,Cholangitis acute,1,0,0
46,77,1,5,FACTOR IX DEFICIENCY,Incision site haemorrhage,0,0,0
66,91,2,15,IMMUNOSUPPRESSION,Toxicity to various agents,0,0,0
61,61,2,5,ANKYLOSING SPONDYLITIS,Musculoskeletal stiffness,1,0,0
62,47.22,2,18,CROHN^S DISEASE,Volvulus,1,0,0
29,131.52,2,1,PRODUCT USED FOR UNKNOWN INDICATION,Blood glucose increased,1,0,0
32,63,2,2,ANKYLOSING SPONDYLITIS,Ingrowing nail,1,0,0
22,104.31,2,1,CONTRACEPTION,Device expulsion,0,0,0
62,82.99,1,14,HYPOAESTHESIA,Nephrogenic systemic fibrosis,0,0,1
40,58,2,1,PSORIATIC ARTHROPATHY,Artery dissection,0,0,0
60,67,1,2,PRODUCT USED FOR UNKNOWN INDICATION,Cardiac arrest,0,1,0
56,80,1,4,RHEUMATOID ARTHRITIS,Large intestine perforation,0,0,0
42,90,1,7,,Renal failure acute,1,0,0
60,84.4,1,9,PRODUCT USED FOR UNKNOWN INDICATION,Pleuritic pain,1,0,0
87,60.32,1,1,OSTEOPENIA,Paraplegia,0,0,0
55,83,1,10,,Transient ischaemic attack,0,0,0
75,66,2,4,PSORIASIS,Hepatic function abnormal,0,0,0
63,78,2,21,,Depression,0,0,0
55,53,1,34,,Decreased appetite,1,0,1
21,80,1,2,DEPRESSION,Altered state of consciousness,0,0,0
84,67,1,1,,Orthostatic hypotension,0,0,0
22,10.63,2,8,,Cell death,1,0,0
26,64.6,2,10,,Agranulocytosis,1,0,0
32,78,1,3,GENERAL ANAESTHESIA,Circulatory collapse,0,0,0
80,88,1,6,,Deep vein thrombosis,1,0,0
45,46,2,3,RHEUMATOID ARTHRITIS,Pneumonia,0,0,0
45,49,2,6,COLON CANCER METASTATIC,Urinary tract obstruction,0,0,0
48,70.1,2,1,PRODUCT USED FOR UNKNOWN INDICATION,Rectal cancer stage IV,0,1,0
30,52,2,4,SYSTEMIC SCLERODERMA,Pyrexia,0,1,0
76,129.71,1,17,TYPE 2 DIABETES MELLITUS,Drug ineffective,0,0,0
33,86,2,2,,Asthenia,0,0,0
69,90,1,10,COLORECTAL CANCER METASTATIC,Thrombosis in device,1,0,0
58,64,1,8,B-CELL LYMPHOMA,Ophthalmic herpes simplex,0,0,0
13,46,1,6,NIEMANN-PICK DISEASE,Convulsion,0,0,0
61,95,1,3,HYPERCHOLESTEROLAEMIA,Influenza like illness,0,0,0
63,64,1,14,RECTAL CANCER RECURRENT,Rectal cancer,0,1,0
71,59,2,4,PRODUCT USED FOR UNKNOWN INDICATION,Vitreous detachment,0,0,0
45,73,1,4,RENAL TRANSPLANT,Kidney transplant rejection,1,0,0
60,85,1,4,ONCHOCERCIASIS,Musculoskeletal disorder,1,0,0
67,56,2,20,IMMUNODEFICIENCY COMMON VARIABLE,Oedema,0,0,0
73,80,1,1,CATARACT,Cataract operation,0,0,0
23,58.96,2,1,CONTRACEPTION,Depression,0,0,0
65,78,1,1,GLIOBLASTOMA,Thrombocytopenia,0,1,0
15,44.44,2,1,CONTRACEPTION,Menstruation irregular,0,0,0
17,68.27,2,1,CONTRACEPTION,Dyspareunia,0,0,0
23,54.42,2,2,CONTRACEPTION,Erythema,0,0,0
59,66.74,2,6,RHEUMATOID ARTHRITIS,Ear infection,0,0,0
73,89,1,10,ACUTE CORONARY SYNDROME,Metastases to liver,1,1,0
76,42,2,17,,Abdominal pain,1,1,0
35,71,2,3,PRODUCT USED FOR UNKNOWN INDICATION,Deep vein thrombosis,1,0,0
46,52,2,5,RHEUMATOID ARTHRITIS,Arthropathy,0,0,0
65,112,1,9,BLOOD CHOLESTEROL INCREASED,Small fibre neuropathy,0,0,0
21,84,2,12,PRODUCT USED FOR UNKNOWN INDICATION,Bipolar I disorder,1,0,0
39,76,2,2,PRODUCT USED FOR UNKNOWN INDICATION,Vomiting,1,0,0
64,62,2,3,PRODUCT USED FOR UNKNOWN INDICATION,Nausea,0,0,1
1,3.64,1,3,DEPRESSION,Patent ductus arteriosus,0,0,0
58,77.98,1,1,NECK PAIN,Abdominal pain upper,0,0,0
81,53,2,6,HIV INFECTION,Myocarditis,1,1,0
49,59.47,2,16,FIBROMYALGIA,Peripheral swelling,1,0,0
64,89,1,6,RHEUMATOID ARTHRITIS,Myocardial infarction,1,0,0
61,63,2,1,PRODUCT USED FOR UNKNOWN INDICATION,Cerebrovascular accident,0,0,0
71,70,1,20,INFLAMMATION,Cardio-respiratory arrest,1,1,0
65,5.2,2,1,OSTEOPOROSIS,Hypersensitivity,0,0,0
77,79.4,2,7,HYPERTENSION,Ulcer,0,0,0
60,71.5,1,19,,Cardiac failure,1,0,0
62,94,2,6,PLASMA CELL MYELOMA,Plasma cell myeloma,1,1,0
52,68,2,5,MULTIPLE SCLEROSIS,Pre-existing condition improved,0,0,0
86,83,2,1,CONFUSIONAL STATE,Anaemia,1,0,0
53,98,1,4,EPILEPSY,Pulmonary embolism,1,0,0
52,65,2,2,,Suicide attempt,1,0,0
73,85,1,3,MYELODYSPLASTIC SYNDROME,Cervical vertebral fracture,1,1,0
75,69.4,2,1,OSTEOPOROSIS,Joint swelling,0,0,0
39,80,2,1,GLYCOGEN STORAGE DISEASE TYPE II,Back injury,1,0,0
60,61.24,1,1,,Arthralgia,0,0,0
41,48.54,2,1,EPILEPSY,Suicidal ideation,0,0,0
26,77.11,2,1,GENERALISED ANXIETY DISORDER,Anxiety,0,0,0
61,77.11,2,1,ANXIETY,Nausea,0,0,0
57,103.42,2,1,RESTLESS LEGS SYNDROME,Neck pain,0,0,0
56,86.18,2,1,FIBROMYALGIA,Product substitution issue,0,0,0
78,74.84,1,1,CHRONIC OBSTRUCTIVE PULMONARY DISEASE,Device occlusion,0,0,0
43,72.56,2,18,MULTIPLE SCLEROSIS RELAPSE,Glaucoma,0,0,0
6,19.05,1,1,ATTENTION DEFICIT/HYPERACTIVITY DISORDER,Disturbance in attention,0,0,0
43,95,1,1,ESSENTIAL THROMBOCYTHAEMIA,Aortic valve incompetence,0,0,0
69,90.72,1,1,HEADACHE,Drug ineffective,0,0,0
75,69.4,2,1,BLADDER DISORDER,Oropharyngeal pain,0,0,0
46,64.85,2,2,HYPERSOMNIA,Feeling abnormal,0,0,0
74,69.4,2,1,BLOOD CHOLESTEROL INCREASED,Myalgia,0,0,0
82,61.24,2,1,URINARY TRACT INFECTION,Hypertension,1,0,1
44,60,2,2,BREAST CANCER,Cardiac failure,0,0,0
59,53.07,2,1,OSTEOPENIA,Fall,1,0,1
37,90,1,1,INFLUENZA,Nightmare,0,0,0
70,68.49,2,1,DEPRESSION,Hyperhidrosis,0,0,0
57,120.2,1,2,CARDIOVERSION,Diarrhoea,0,0,1
84,73,1,6,KNEE ARTHROPLASTY,Local swelling,1,0,0
83,85,1,11,THROMBOSIS PROPHYLAXIS,Pulmonary embolism,1,0,0
62,61.24,2,2,CARDIAC OPERATION,Throat tightness,0,0,0
83,72.58,2,13,CARDIAC ASSISTANCE DEVICE USER,Blood potassium increased,0,0,0
45,133,2,8,PULMONARY EMBOLISM,Therapeutic product ineffective,1,0,0
41,77.11,1,1,INFECTED CYST,Headache,0,0,0
65,81.65,2,1,DEEP VEIN THROMBOSIS,Dyspnoea,1,0,0
74,80,1,3,,Infective exacerbation of chronic obstructive airways disease,1,0,0
63,71.67,2,1,VASCULAR GRAFT,Diplopia,0,0,0
67,83.92,2,1,SKIN DISCOLOURATION,Influenza like illness,0,0,0
40,61.24,2,1,LOCAL ANAESTHESIA,Vision blurred,0,0,0
73,63.5,1,1,PROSTATE CANCER,Back pain,1,0,0
61,58.06,2,1,SKIN WRINKLING,Brow ptosis,0,0,0
31,90.95,2,1,DRY SKIN PROPHYLAXIS,Application site rash,0,0,0
70,90,1,10,CEREBROVASCULAR ACCIDENT PROPHYLAXIS,Deep vein thrombosis,1,0,0
86,65,1,8,THROMBOSIS PROPHYLAXIS,Cerebral infarction,1,0,0
55,61.24,2,1,BLOOD CHOLESTEROL INCREASED,Pain in extremity,0,0,0
65,133.81,1,1,BLOOD TESTOSTERONE DECREASED,Laziness,0,0,1
67,78,1,12,PROSTATE CANCER METASTATIC,Vomiting,1,0,0
53,95.26,1,1,,Cataract,0,0,1
73,80,1,10,CEREBROVASCULAR ACCIDENT PROPHYLAXIS,Brain stem stroke,1,0,0
64,68,2,5,HIP SURGERY,Thrombocytosis,0,0,0
35,74.84,1,1,ANXIETY,Restlessness,0,0,0
54,84,1,1,PRODUCT USED FOR UNKNOWN INDICATION,Self injurious behaviour,0,0,0
53,54.43,2,1,NEURALGIA,Dizziness,1,0,0
55,72,1,20,SCHIZOPHRENIA,Water intoxication,1,0,0
37,78,1,3,INTENTIONAL SELF-INJURY,Self injurious behaviour,0,0,0
41,60,2,6,SELF INJURIOUS BEHAVIOUR,Intentional self-injury,0,0,0
56,83.92,1,1,DRY EYE,Corneal abrasion,0,0,0
65,100,1,3,HYPERLIPIDAEMIA,Immune-mediated necrotising myopathy,1,0,0
53,76,1,7,HEPATITIS C,Blood pressure fluctuation,0,0,0
30,90.72,2,1,,Vomiting,1,0,0
13,50,2,1,GROWTH HORMONE DEFICIENCY,Systemic lupus erythematosus,0,0,0
56,64.86,2,1,,Blood glucose decreased,0,0,0
87,55,2,8,PRODUCT USED FOR UNKNOWN INDICATION,Diarrhoea haemorrhagic,0,0,0
54,74,2,1,HER-2 POSITIVE BREAST CANCER,Chest pain,0,0,1
32,57.61,2,1,EPILEPSY,Mental disorder,0,0,0
76,72.56,2,9,HYPERTONIC BLADDER,Skin irritation,0,0,0
41,70.31,2,1,ROSACEA,Burning sensation,0,0,0
10,35.38,1,1,CONSTIPATION,Gastrooesophageal reflux disease,0,0,0
63,171,2,3,ARTHRITIS,Gastritis,0,0,0
51,63.96,2,1,URINARY TRACT INFECTION,Arthralgia,0,0,0
38,77.11,2,1,MIGRAINE,Contusion,0,0,1
77,86.17,1,1,URINARY INCONTINENCE,Drug ineffective,0,0,0
63,65.76,2,1,SMOKING CESSATION THERAPY,Abnormal dreams,0,0,0
55,55.78,2,4,,Intentional product misuse,0,0,0
46,70.3,2,1,BLOOD CHOLESTEROL INCREASED,Nausea,0,0,0
73,95.26,2,5,HYPERTENSION,Arthralgia,0,0,1
67,70.75,2,3,RESTLESS LEGS SYNDROME,Drug ineffective for unapproved indication,0,0,0
69,115.19,2,3,ATRIAL FIBRILLATION,Insomnia,0,0,0
47,97,2,2,DEPRESSION,Pain,0,0,0
46,77.1,2,2,,Nervousness,0,0,0
54,83.9,1,2,SMOKING CESSATION THERAPY,Insomnia,0,0,0
62,62.59,2,3,GASTROOESOPHAGEAL REFLUX DISEASE,Incorrect product storage,0,0,0
64,87.08,2,2,OSTEOARTHRITIS,Neck pain,0,0,0
33,108,2,3,FIBROMYALGIA,Therapeutic response changed,0,0,0
58,126.98,2,2,FIBROMYALGIA,Weight increased,0,0,0
92,65.76,2,1,,Drug ineffective,0,0,0
54,62.59,2,4,SMOKING CESSATION THERAPY,Abdominal discomfort,0,0,0
84,63.49,2,2,HYPERTENSION,Chondrocalcinosis pyrophosphate,0,0,0
89,62.6,2,21,SINUSITIS,Tendon rupture,0,0,1
62,56,1,3,COLORECTAL CANCER,Vomiting,0,0,0
24,45,1,6,,Gastrointestinal dilation procedure,1,0,0
75,68,2,8,TRIGEMINAL NEURALGIA,Drug ineffective,0,0,0
56,68.49,2,20,,Diarrhoea,0,0,0
52,133.3,1,4,,Viral infection,0,0,0
42,157.8,1,7,ARTHRALGIA,Scrotal abscess,1,0,0
90,62,2,1,ATRIAL FIBRILLATION,Asthenia,0,0,0
68,101,1,1,CEREBROVASCULAR ACCIDENT PROPHYLAXIS,Arthralgia,0,0,0
60,66.2,2,4,PSORIATIC ARTHROPATHY,Electrocardiogram abnormal,0,0,0
17624,54,2,6,PROPHYLAXIS,Hepatitis fulminant,1,0,0
3,15,1,5,CROHN^S DISEASE,Pneumonia,1,0,0
58,73,2,7,RHEUMATOID ARTHRITIS,Cutaneous vasculitis,0,0,0
20,59.02,2,1,POST COITAL CONTRACEPTION,Menstruation irregular,0,0,0
60,97.52,1,2,,Product formulation issue,0,0,0
61,56.69,2,7,PORPHYRIA,Blood pressure increased,0,0,0
45,99,1,3,PSORIASIS,Arthropathy,0,0,0
71,65.77,2,33,NEUROPATHY PERIPHERAL,Neuropathy peripheral,0,0,0
31,92.97,2,1,DYSMENORRHOEA,Dysgeusia,0,0,0
16,72.56,2,1,DYSMENORRHOEA,Headache,0,0,0
85,81.63,2,4,ARTHRITIS,Drug ineffective,0,0,0
77,72.56,1,1,PAIN IN EXTREMITY,Drug ineffective,0,0,0
62,63.04,2,4,ANALGESIC THERAPY,Drug ineffective,0,0,0
82,81.18,1,3,ARTHRITIS,Dyspepsia,0,0,0
20,57.2,1,1,CROHN^S DISEASE,Rectal haemorrhage,1,0,0
48,83.14,2,11,TYPE 2 DIABETES MELLITUS,Stress,1,0,0
45,90.72,2,5,MIGRAINE,Migraine,0,0,0
58,71.6,1,6,CANCER PAIN,Small cell lung cancer,0,1,0
43,60,2,2,HER-2 POSITIVE BREAST CANCER,Chest discomfort,0,0,0
50,65.83,2,13,CROHN^S DISEASE,Uterine haemorrhage,1,0,0
82,44.91,2,3,TOOTH INFECTION,Urticaria,0,0,0
52,54.88,2,3,COR PULMONALE CHRONIC,Pulmonary arterial hypertension,1,0,0
58,74.84,2,2,HYPERTENSION,Rash,0,0,0
81,68.04,1,1,ABDOMINAL DISCOMFORT,Chest pain,0,0,1
19,48.53,2,1,CONTRACEPTION,Metrorrhagia,0,0,0
27,83.9,2,1,CONTRACEPTION,Emotional distress,1,0,0
33,54.42,2,2,COLON CANCER,Rash,0,0,0
59,58.7,1,1,HEAD AND NECK CANCER,Death,0,1,0
58,70.75,2,6,COLON CANCER METASTATIC,Malaise,0,0,0
66,70.75,1,1,THROAT CANCER,Rash,0,0,0
87,59.86,1,9,TONGUE NEOPLASM MALIGNANT STAGE UNSPECIFIED,Fatigue,0,0,0
53,81.65,2,6,OSTEOPOROSIS,Pain in extremity,0,0,1
82,62.58,1,7,LIP SQUAMOUS CELL CARCINOMA,Rash,0,0,0
57,75,2,8,PAIN,Hypersensitivity,0,0,0
88,67,2,1,ARTHRITIS,Incorrect drug administration duration,0,0,0
25,52.15,2,1,CONTRACEPTION,Embedded device,1,0,0
64,77.1,1,1,BLADDER CANCER,Rash,0,0,0
66,87.53,1,4,RECTAL CANCER,Skin fissures,0,0,0
57,80.27,1,1,COLORECTAL CANCER,Rash pruritic,0,0,0
69,61.22,1,1,HEAD AND NECK CANCER,Infusion related reaction,1,0,0
73,82.99,1,2,,Rash,0,0,0
25,58,2,2,CONTRACEPTION,Injury,0,0,0
78,47.17,2,3,,Intentional product misuse,0,0,0
31,56.24,2,1,DYSMENORRHOEA,Drug ineffective,0,0,0
69,101.58,2,7,LUNG NEOPLASM,White blood cell count decreased,0,0,0
43,115,1,4,INFLAMMATION,Drug ineffective,0,0,0
68,70,2,3,EPILEPSY,Breast cancer,0,0,0
48,108.86,2,9,GASTROOESOPHAGEAL REFLUX DISEASE,Abdominal pain upper,0,0,0
32,52.61,2,4,,Incorrect drug administration duration,0,0,0
82,52.62,2,8,ATRIAL FIBRILLATION,Vomiting,0,0,1
31,70,2,1,CONTRACEPTION,Abortion spontaneous,0,0,0
72,95.26,2,6,HYPERTENSION,Musculoskeletal stiffness,0,0,1
65,70,1,3,COR PULMONALE CHRONIC,Right ventricular failure,1,0,0
68,73.94,2,4,BIPOLAR DISORDER,Bone pain,0,0,1
68,75.28,1,2,COLON CANCER,Acne pustular,0,0,0
89,76.19,1,10,HEAD AND NECK CANCER,Loss of consciousness,0,1,0
55,81.63,1,2,NEOPLASM MALIGNANT,Rash,0,0,0
51,83.44,1,3,COLON CANCER STAGE IV,Rash,0,0,0
64,61.22,2,1,LYMPHOMA,Rash pustular,0,0,0
49,90.25,1,6,COLON CANCER,Dermatitis acneiform,0,0,0
48,109.97,1,16,HEAD AND NECK CANCER,Rash,0,0,0
70,66.66,2,1,COLON CANCER,Nail bed inflammation,0,0,0
63,69.76,1,3,ADENOCARCINOMA OF COLON,Hypomagnesaemia,0,0,0
69,97.5,1,15,LUNG NEOPLASM MALIGNANT,Rash,0,0,0
76,113.83,1,3,COLON CANCER,Rash,0,0,0
45,71.65,2,1,,Tachycardia,0,0,0
64,73.48,1,12,BLOOD CHOLESTEROL INCREASED,Muscle injury,0,0,0
53,79.36,2,6,COLON CANCER,Skin disorder,0,0,0
58,92.51,1,1,,Skin disorder,0,0,0
76,104.31,1,4,COLON CANCER,Rash,0,0,0
62,51.25,2,1,COLON CANCER,Fatigue,0,0,0
69,74.83,1,1,HEPATIC CANCER,Rash erythematous,0,0,0
54,65,1,26,,Somnolence,0,1,0
34,39,2,76,PROPHYLAXIS AGAINST GRAFT VERSUS HOST DISEASE,Thrombotic microangiopathy,1,0,0
21,107.6,2,4,CONTRACEPTION,Pelvic pain,0,0,0
84,77.11,1,2,AMMONIA INCREASED,Nausea,0,0,0
60,81,1,1,LIVER TRANSPLANT,Adenocarcinoma of colon,0,0,0
65,48.99,2,15,OSTEOPOROSIS,Poor quality sleep,0,0,0
74,61.36,2,4,COR PULMONALE CHRONIC,Renal failure,1,0,0
55,61.69,2,2,RASH,Rash,0,0,0
39,75,1,1,TESTIS CANCER,Pyrexia,0,0,0
43,102.94,2,5,,Mania,0,0,0
75,68.04,1,18,CANCER PAIN,Gait disturbance,0,0,0
46,80.92,1,20,ACUTE MYELOID LEUKAEMIA,Myocarditis,0,0,0
57,49.43,1,5,THROAT CANCER,Skin disorder,0,0,0
43,74.83,1,1,SQUAMOUS CELL CARCINOMA OF HEAD AND NECK,Acne,0,0,0
66,101.13,1,4,THROAT CANCER,Asthenia,0,0,0
56,104,1,1,MALIGNANT MELANOMA,Hypertension,0,0,0
66,58.96,2,4,HEPATIC CANCER,Onychoclasis,0,0,0
45,63.04,2,1,COLON CANCER,Dermatitis acneiform,0,0,0
59,55.33,1,6,THROAT CANCER,Rash,0,0,0
58,105.67,2,1,LUNG NEOPLASM MALIGNANT,Acne,0,0,0
73,74.37,1,1,COLORECTAL CANCER METASTATIC,Rash,0,0,0
60,134.69,1,3,COLORECTAL CANCER METASTATIC,Rash,0,0,0
66,63.94,1,4,METASTASES TO LIVER,Pyrexia,1,0,0
65,68.27,2,4,URINARY INCONTINENCE,Application site bruise,0,0,0
57,149.66,1,3,COLORECTAL CANCER,Rash,0,0,0
72,39,2,5,COLON CANCER,Malignant neoplasm progression,0,0,0
82,72.11,2,1,MASS,Feeling abnormal,0,0,0
75,58.5,1,5,THROAT CANCER,Rash,0,0,0
87,64,1,1,GASTROOESOPHAGEAL REFLUX DISEASE,Nausea,0,0,0
55,92,2,15,CROHN^S DISEASE,Spinal osteoarthritis,0,0,0
61,67,1,4,COLITIS ULCERATIVE,Infusion related reaction,0,0,0
31,54.48,2,1,POST COITAL CONTRACEPTION,Nausea,0,0,0
48,74,2,5,RHEUMATOID ARTHRITIS,Movement disorder,0,0,0
26,57.2,2,2,CONTRACEPTION,Device expulsion,0,0,0
26,66,2,3,CONTRACEPTION,Uterine perforation,0,0,0
27,93.42,2,5,CONTRACEPTION,Uterine perforation,1,0,0
64,80.72,2,2,,Cardiac ablation,0,0,0
35,120.18,2,3,,Device issue,1,0,0
36,79.37,2,1,CONTRACEPTION,Emotional distress,1,0,0
27,77,2,6,,Depression,0,0,0
74,50.8,2,4,OSTEOPOROSIS,Dizziness,0,0,1
65,76.66,2,1,DYSPNOEA,Abnormal dreams,0,0,0
72,56.2,2,5,RHEUMATOID ARTHRITIS,Bladder transitional cell carcinoma,1,0,0
4,17.23,2,2,COUGH,Febrile convulsion,0,0,0
75,44,1,7,ACQUIRED HAEMOPHILIA,Shock haemorrhagic,0,1,0
59,76.66,1,4,BLOOD CHOLESTEROL,Pruritus,1,0,1
63,92.97,1,4,TYPE 2 DIABETES MELLITUS,Hepatic cancer metastatic,0,0,0
69,65.77,1,14,POLLAKIURIA,Urinary retention,0,0,0
69,97.52,2,6,RASH PAPULAR,Precancerous skin lesion,0,0,0
41,129.25,1,4,COLON CANCER,Rash pustular,0,0,0
63,72.56,1,4,COLON CANCER METASTATIC,Skin toxicity,0,0,0
67,69.39,2,1,COLON CANCER,Dry skin,0,0,0
70,52.15,2,2,SQUAMOUS CELL CARCINOMA,Dry skin,0,0,0
62,94.33,1,16,SQUAMOUS CELL CARCINOMA,Erythema,0,0,0
32,65,2,8,,Uterine perforation,1,0,0
54,90.27,1,3,KNEE ARTHROPLASTY,Ecchymosis,1,0,0
43,58.96,1,5,TONGUE NEOPLASM MALIGNANT STAGE UNSPECIFIED,Staphylococcal skin infection,1,0,0
57,71.65,1,2,,Rash papular,0,0,0
56,121.08,1,1,COLON CANCER,Rash,0,0,0
45,61.68,1,1,HEAD AND NECK CANCER,Vomiting,0,0,0
77,94.33,1,8,LYMPHOMA,Pyrexia,0,0,0
54,163.26,1,2,COLON CANCER,Rash pustular,0,0,0
87,63.49,1,2,SQUAMOUS CELL CARCINOMA,Rash,0,0,0
46,65.76,2,11,,Acne,0,0,0
73,97.96,1,24,COLORECTAL CANCER,Rash,0,0,0
80,77.1,1,2,COLON CANCER,Rash,0,0,0
56,97.96,2,1,COLON CANCER METASTATIC,Acne,0,0,0
52,100.13,2,23,COLORECTAL CANCER METASTATIC,Malignant neoplasm progression,1,1,0
68,126.98,1,4,COLON CANCER,Device related infection,1,0,0
61,52,2,1,EMPHYSEMA,Incorrect route of drug administration,0,0,0
65,45.2,2,9,MULTIPLE SCLEROSIS,Slow response to stimuli,0,0,0
30,123.36,2,6,ANXIETY,Device issue,1,0,0
69,70,2,1,CHRONIC OBSTRUCTIVE PULMONARY DISEASE,Incorrect route of drug administration,0,0,0
13,43,,7,CHRONIC SINUSITIS,Encephalitis,1,0,0
46,122.47,1,8,EX-TOBACCO USER,Depression,0,0,1
52,82,2,2,COLON CANCER,Alopecia,0,0,0
81,63.5,2,3,COR PULMONALE CHRONIC,Death,0,1,0
73,64.03,1,19,METASTATIC SQUAMOUS CELL CARCINOMA,Infusion related reaction,1,0,0
64,40.7,2,13,,Flushing,0,0,0
59,68.03,1,1,HEAD AND NECK CANCER METASTATIC,Malignant neoplasm progression,0,1,0
65,62.6,2,4,DEPRESSION,Movement disorder,0,0,0
75,102,1,8,SQUAMOUS CELL CARCINOMA OF LUNG,Hypersensitivity,0,0,0
59,69.39,1,4,SQUAMOUS CELL CARCINOMA,Chest discomfort,0,0,0
63,66.85,1,1,LUNG NEOPLASM MALIGNANT,Malignant neoplasm progression,0,1,0
60,102.04,2,1,RECTAL CANCER,Hypoaesthesia,0,0,0
69,143,1,3,RECTAL CANCER,Diarrhoea,0,0,0
73,116.1,1,10,SQUAMOUS CELL CARCINOMA,Infusion related reaction,0,0,0
65,102.04,1,4,SQUAMOUS CELL CARCINOMA,Headache,0,0,0
81,76.19,1,1,BONE CANCER,Rash,0,0,0
83,113.38,1,8,,Rash,0,0,0
50,81.19,1,8,INFECTION,Diarrhoea,1,0,0
81,65.45,2,1,PULMONARY ARTERIAL HYPERTENSION,Death,0,1,0
58,104,1,25,RECTAL CANCER,Anaphylactic reaction,1,0,0
68,94,1,3,TONSIL CANCER,Anaphylactic reaction,1,0,0
51,88.9,2,14,COLON CANCER RECURRENT,Neutropenia,0,0,0
75,36.28,2,1,THROAT CANCER,Malignant neoplasm progression,0,1,0
77,75,1,11,COLORECTAL CANCER,Cardiac arrest,0,1,0
83,72.56,1,4,ANAL NEOPLASM,Rash pruritic,0,0,0
53,87.07,2,1,COLON CANCER STAGE IV,Skin disorder,0,0,0
71,56,2,1,ACUTE MYELOID LEUKAEMIA,Skin toxicity,0,0,1
79,57,1,3,PSORIASIS,Death,0,1,0
62,73.6,1,2,PULMONARY ARTERIAL HYPERTENSION,Death,0,1,0
48,106,1,13,,Drug dispensing error,0,0,0
41,47,2,1,GAUCHER^S DISEASE,Abortion spontaneous,0,0,0
79,71.4,2,2,PULMONARY ARTERIAL HYPERTENSION,Death,0,1,0
76,70.3,2,1,BLOOD CHOLESTEROL DECREASED,Myalgia,0,0,0
50,108,2,1,FIBROMYALGIA,Hangnail,0,0,0
72,46,2,15,CROHN^S DISEASE,Subileus,1,0,0
72,59,2,9,PNEUMONIA,Oxygen saturation decreased,0,0,0
54,81.81,1,3,,Death,0,1,0
42,78,1,13,MIXED CONNECTIVE TISSUE DISEASE,Pulmonary hypertension,0,1,0
45,88.91,2,2,PRIMARY IMMUNODEFICIENCY SYNDROME,Meningitis aseptic,1,0,1
26,34.8,2,45,BONE MARROW CONDITIONING REGIMEN,Venoocclusive liver disease,1,1,0
33,92.97,1,13,PAIN,Leukopenia,1,0,0
67,105,1,1,RECTAL CANCER,Dyspnoea,1,0,0
55,54.89,2,1,BRONCHITIS,Tendon pain,0,0,0
64,52.16,2,1,OPEN ANGLE GLAUCOMA,Eye infection,0,0,0
62,88.91,2,1,OROPHARYNGEAL PAIN,Pain,0,0,1
63,65,2,1,MULTIPLE SCLEROSIS,Escherichia sepsis,1,0,0
11,10.89,2,1,OTITIS MEDIA,Vomiting projectile,0,0,0
37,72.58,2,1,DEPRESSION,Dyspnoea,0,0,0
42,57.61,2,2,ABDOMINAL PAIN UPPER,Renal failure,1,0,1
52,88.45,1,1,POST-TRAUMATIC HEADACHE,Skin wrinkling,0,0,1
44,54.43,2,1,MIGRAINE,Neck pain,0,0,1
49,83.92,2,11,PSORIATIC ARTHROPATHY,Pustular psoriasis,0,0,0
68,76,2,5,CARDIOVASCULAR EVENT PROPHYLAXIS,Convulsion,0,0,0
58,72,2,9,INTERSTITIAL LUNG DISEASE,Pneumonia,1,0,0
65,76,2,1,CHRONIC OBSTRUCTIVE PULMONARY DISEASE,Incorrect route of drug administration,0,0,0
19,66,1,10,BONE MARROW CONDITIONING REGIMEN,Acute graft versus host disease in liver,0,1,0
61,65.77,2,1,MULTIPLE SCLEROSIS,Injection site pain,1,0,0
46,102.06,1,1,MAJOR DEPRESSION,Eye pain,0,0,1
60,72,1,12,PULMONARY HYPERTENSION,Cardiac failure chronic,1,0,0
47,86.18,2,1,RHEUMATOID ARTHRITIS,Pneumonia,1,0,1
81,79,1,16,MUSCLE ATROPHY,Acute respiratory failure,1,0,0
22,49.94,2,1,POST COITAL CONTRACEPTION,Dysmenorrhoea,0,0,0
31,79.82,2,3,,Deep vein thrombosis,1,0,0
68,94,1,1,TYPE 2 DIABETES MELLITUS,Quadriparesis,1,0,0
32,66.21,2,12,,Thrombophlebitis superficial,0,0,0
20,143,2,3,MENSTRUATION IRREGULAR,Pulmonary embolism,1,0,0
64,65.77,2,1,TENDONITIS,Abdominal pain,0,0,1
29,121.56,2,1,CONTRACEPTION,Pelvic pain,0,0,0
45,55,2,1,,Dyspnoea,0,0,0
84,74.84,2,1,UPPER RESPIRATORY TRACT INFECTION,Muscle disorder,0,0,1
57,71.2,2,7,CARDIOVASCULAR EVENT PROPHYLAXIS,Neuropathy peripheral,0,0,0
37,60.84,2,5,CONTRACEPTION,Hair colour changes,0,0,0
42,65,2,1,MIGRAINE,Myocardial infarction,1,0,0
36,100,1,3,INTENTIONAL OVERDOSE,Completed suicide,0,1,0
60,71.5,1,18,NON-HODGKIN^S LYMPHOMA UNSPECIFIED HISTOLOGY INDOLENT,Dyspnoea,1,0,0
86,71.2,1,12,MYELOFIBROSIS,Death,1,1,0
35,88.6,2,14,NON-HODGKIN^S LYMPHOMA UNSPECIFIED HISTOLOGY INDOLENT,Hepatitis acute,1,0,0
86,35,2,1,DIABETES MELLITUS,Hypoglycaemia,0,0,0
23,10,1,1,HISTIOCYTOSIS,Hypersensitivity,1,0,0
16,79.1,1,5,EPILEPSY,Convulsion,1,0,0
23,68.1,2,1,POST COITAL CONTRACEPTION,Menstruation irregular,0,0,0
39,48,2,9,DYSPNOEA,Malignant neoplasm progression,1,1,0
57,47,2,4,TRAUMATIC LUNG INJURY,Throat tightness,0,0,0
32,76.2,2,2,MULTIPLE ALLERGIES,Hypoaesthesia,0,0,0
54,68,1,5,TYPE 2 DIABETES MELLITUS,Abdominal distension,0,0,0
77,65.77,2,1,OSTEOPOROSIS,Feeling abnormal,0,0,1
88,65,1,1,EMPHYSEMA,Incorrect route of drug administration,0,0,0
35,79,1,3,MENTAL DISORDER,Myocardial infarction,0,0,0
18,62.5,1,6,CROHN^S DISEASE,Abdominal pain,1,0,0
34,88,1,1,PSORIASIS,Gastric disorder,0,0,0
72,100,1,12,PLASMACYTOMA,Open fracture,0,0,0
57,77.11,2,2,CHEST PAIN,Myalgia,0,0,0
8,27.22,1,1,ATTENTION DEFICIT/HYPERACTIVITY DISORDER,Aggression,0,0,0
67,68.93,1,2,,Haematoma,0,0,0
52,60.33,2,2,RADICULAR PAIN,Asthenia,1,0,0
52,89.36,1,1,MULTIPLE ALLERGIES,Palpitations,1,0,1
58,61.8,2,14,PYREXIA,Neutropenic sepsis,1,0,0
42,68.04,2,1,ATTENTION DEFICIT/HYPERACTIVITY DISORDER,Product substitution issue,0,0,0
63,57,1,3,ESSENTIAL HYPERTENSION,Cardiac arrest,1,1,0
56,78.02,1,2,ARTHRITIS,Product substitution issue,0,0,0
85,70.3,2,5,BLOOD CHOLESTEROL INCREASED,Muscle spasms,0,0,0
34,104,2,3,SMOKING CESSATION THERAPY,Agitation,0,0,0
21,49.94,2,3,POST COITAL CONTRACEPTION,Menstruation irregular,0,0,0
34,65.77,2,2,THERAPEUTIC SKIN CARE TOPICAL,Product quality issue,0,0,0
47,60.33,2,1,DEPRESSION,Dyspepsia,0,0,0
73,60.38,2,7,EAR DISCOMFORT,Drug ineffective,0,0,0
83,68.04,2,1,PULMONARY EMBOLISM,Haemorrhage,1,0,0
42,97.52,2,1,ARTHRALGIA,Insomnia,0,0,0
31,81.65,2,1,,Exposure during pregnancy,0,0,0
21,95.26,2,1,,Cervical dysplasia,0,0,0
72,80.73,2,4,BLADDER DISORDER,Application site warmth,0,0,0
65,88.45,2,1,OSTEOPOROSIS,Abdominal pain upper,1,0,0
84,68,1,2,ATRIAL FIBRILLATION,Abdominal discomfort,0,0,0
83,53,1,2,PRODUCT USED FOR UNKNOWN INDICATION,Colitis ischaemic,1,0,0
78,58.97,1,1,HYPOGONADISM,Product odour abnormal,0,0,0
52,72.58,2,1,DEPRESSION,Product substitution issue,0,0,1
39,61.24,2,1,DEPRESSION,Product contamination chemical,0,0,0
64,64,1,5,BLOOD PRESSURE,Memory impairment,0,0,0
40,99.78,1,3,DEPRESSION,Night blindness,0,0,1
21,49.94,2,2,POST COITAL CONTRACEPTION,Nausea,0,0,0
21,49.94,2,1,POST COITAL CONTRACEPTION,Menstruation irregular,0,0,0
17,65.77,0,1,ATTENTION DEFICIT/HYPERACTIVITY DISORDER,Disturbance in attention,0,0,0
34,83.92,2,1,COMPLEX REGIONAL PAIN SYNDROME,Somnolence,0,0,0
73,77.11,1,2,BACK PAIN,Physical product label issue,0,0,0
69,84.82,2,1,,Dry skin,0,0,0
32,63.5,2,1,GENITAL HERPES,Product quality issue,0,0,0
71,62.6,2,1,DEPRESSION,Product substitution issue,0,0,1
44,70.31,2,21,CONTRACEPTION,Irritability,0,0,0
42,70,2,3,LOW DENSITY LIPOPROTEIN INCREASED,Type 2 diabetes mellitus,0,0,0
40,97.3,2,6,SYSTEMIC LUPUS ERYTHEMATOSUS,Malaise,1,0,0
57,123,2,2,SYSTEMIC LUPUS ERYTHEMATOSUS,Facial paralysis,1,0,0
57,88,2,4,LOW DENSITY LIPOPROTEIN INCREASED,Type 2 diabetes mellitus,0,0,0
66,73,2,6,CARDIOVASCULAR EVENT PROPHYLAXIS,Type 2 diabetes mellitus,0,0,0
75,59,2,4,LOW DENSITY LIPOPROTEIN INCREASED,Type 2 diabetes mellitus,0,0,0
53,98,1,1,CONVULSION,Abasia,0,0,1
71,70.3,2,2,CONSTIPATION PROPHYLAXIS,Haematochezia,0,0,0
71,90,2,9,OVARIAN CANCER,Colitis ischaemic,1,0,0
54,60,2,3,ARRHYTHMIA,Cholelithiasis,1,0,0
55,45.9,1,15,,Performance status decreased,1,1,0
77,56,2,11,PULMONARY ARTERIAL HYPERTENSION,Pneumonia,1,1,0
86,77.98,2,5,PRODUCT USED FOR UNKNOWN INDICATION,Drug effect decreased,0,0,0
26,55.78,2,2,MAJOR DEPRESSION,Abdominal distension,0,0,0
76,82.56,2,1,HYPERTENSION,Blindness transient,0,0,0
49,74,2,67,,Diplopia,1,0,0
52,86.64,2,1,HYPOTHYROIDISM,Blood thyroid stimulating hormone abnormal,0,0,0
68,77.1,2,10,ENDOMETRIAL ADENOCARCINOMA,Fatigue,1,0,0
64,71,2,3,BREAST CANCER,Atrial fibrillation,1,0,0
24,65.76,2,1,CONTRACEPTION,Injury,1,0,0
37,55,2,7,BREAST CANCER,Genital erosion,0,0,0
34,86.17,2,1,CONTRACEPTION,Device dislocation,1,0,0
17,60.77,2,3,CONTRACEPTION,Embedded device,1,0,0
20,54.42,2,3,CONTRACEPTION,Uterine perforation,0,0,0
28,47.22,2,5,PRODUCT USED FOR UNKNOWN INDICATION,Myopathy,1,0,0
74,39.73,2,6,CROHN^S DISEASE,Hypophagia,1,0,0
60,81.72,1,2,BLOOD TESTOSTERONE DECREASED,Myocardial infarction,1,1,0
10,34,1,4,INFLUENZA,Visual acuity reduced,0,0,0
40,39,2,1,INFLAMMATORY MYOFIBROBLASTIC TUMOUR,Tumour necrosis,1,0,0
43,136.08,2,17,DIABETES MELLITUS,Confusional state,0,0,0
57,117.94,2,9,TYPE 2 DIABETES MELLITUS,Chest pain,0,0,0
58,50,2,2,MALIGNANT MELANOMA,Gastroenteritis,1,0,0
63,65.5,1,1,PAIN,Respiratory depression,0,0,0
73,78,1,7,PRODUCT USED FOR UNKNOWN INDICATION,Myositis,1,0,0
66,79.38,2,8,RHEUMATOID ARTHRITIS,Infection,1,0,0
39,98.3,1,1,HYPERTENSION,Hyponatraemia,1,0,0
43,126.21,1,2,ASTHMA,Pneumonia,0,0,0
35,85.81,1,3,CROHN^S DISEASE,Cholestatic liver injury,0,0,0
2,14.8,2,1,LANGERHANS^ CELL HISTIOCYTOSIS,Ileus paralytic,1,0,0
1,10.7,1,1,ASTROCYTOMA,Abdominal pain,1,0,0
61,97.3,1,1,THROMBOSIS PROPHYLAXIS,Pelvic venous thrombosis,0,0,0
31,99.79,2,2,PSYCHOTIC DISORDER,Disturbance in attention,0,0,0
30,64.85,2,3,CONTRACEPTION,Uterine perforation,1,0,0
60,81.9,2,9,,Chest discomfort,1,0,0
74,70.29,2,5,AORTIC VALVE STENOSIS,Pain,0,0,0
9,18.1,1,1,,Neutropenia,1,0,0
66,84,1,13,,Inappropriate antidiuretic hormone secretion,1,0,0
1,2.45,1,2,PRODUCT USED FOR UNKNOWN INDICATION,Neonatal respiratory distress syndrome,1,0,0
73,72.56,2,8,TYPE 2 DIABETES MELLITUS,Spinal pain,0,0,0
55,100,1,3,,Haematuria,1,0,0
34,85,2,8,MINERAL SUPPLEMENTATION,B-lymphocyte abnormalities,0,0,0
33,89.3,2,11,CROHN^S DISEASE,Infected fistula,0,0,0
66,181.4,1,1,PAIN,Refusal of treatment by patient,0,0,0
65,115.3,1,1,DEPRESSION,Orthostatic hypotension,1,0,0
68,63.5,2,3,DRY SKIN,Telangiectasia,0,0,0
83,99.1,1,2,CHRONIC MYELOID LEUKAEMIA,Pleural effusion,0,0,0
60,100,1,6,CROHN^S DISEASE,Pulmonary embolism,1,0,0
76,73.91,1,15,PLASMA CELL MYELOMA,Orchitis,0,0,1
68,47.17,2,3,MYELOFIBROSIS,Death,0,1,0
8,22,1,3,EPILEPSY,Rash,1,0,0
54,108.05,1,1,PLASMA CELL MYELOMA,Death,0,1,0
68,76.6,2,3,PULMONARY ARTERIAL HYPERTENSION,Rectal haemorrhage,1,0,0
62,63.05,1,4,ENDOCARDITIS,Mental status changes,0,0,0
42,74.1,2,19,,Confusional state,1,0,0
76,70,1,2,CHRONIC OBSTRUCTIVE PULMONARY DISEASE,Rhinitis,0,0,0
697,68,2,7,GASTRIC DISORDER,Cerebrovascular accident,0,0,0
79,31,2,3,GLAUCOMA,Cataract,0,0,0
64,78.6,2,1,CARDIAC STRESS TEST,Cerebrovascular accident,1,0,0
14,79.38,1,1,GROWTH HORMONE DEFICIENCY,Lymphoedema,0,0,0
62,92.62,1,5,BLOOD TESTOSTERONE DECREASED,Ejection fraction decreased,1,0,0
22,89.81,2,2,MALARIA PROPHYLAXIS,Dysuria,0,0,0
52,68,2,1,PROCEDURAL PAIN,Chest discomfort,0,0,0
25,86.26,2,2,CONTRACEPTION,Device dislocation,0,0,0
18,46.31,2,3,DACRYOCANALICULITIS,Vitreous floaters,0,0,0
33,104.42,2,1,POST COITAL CONTRACEPTION,Menstruation irregular,0,0,0
63,84.5,2,3,URINARY TRACT INFECTION,Syncope,1,0,0
78,75,2,1,SCAN WITH CONTRAST,Rash,0,0,0
73,88,1,1,PAIN,Acute myocardial infarction,1,0,0
71,49.89,2,1,PAIN,Drug ineffective,0,0,0
30,84.82,2,3,CONTRACEPTION,Pain in extremity,1,0,0
25,67.13,2,4,OLIGOMENORRHOEA,Vaginal haemorrhage,0,0,0
57,85.26,2,11,DIABETIC NEUROPATHY,Drug ineffective for unapproved indication,0,0,0
18,56.7,2,1,ACNE,Pruritus,0,0,0
48,67.57,1,7,,Vertigo,0,0,0
68,76.6,2,4,PULMONARY ARTERIAL HYPERTENSION,Rectal haemorrhage,1,0,0
63,111,2,8,GOUT,Nausea,0,0,0
17,48.5,1,8,PREMEDICATION,Chest discomfort,0,0,0
40,68.7,2,7,BREAST CANCER,Infusion site pruritus,0,0,0
53,50.8,2,6,BREAST CANCER,Dry skin,0,0,0
65,67.13,2,2,PRODUCT SUBSTITUTION ISSUE,Product substitution issue,0,0,0
82,80,2,19,PULMONARY ARTERIAL HYPERTENSION,Syncope,1,1,0
14,39.5,2,4,CROHN^S DISEASE,Crohn^s disease,1,0,0
82,63.3,1,8,CEREBROVASCULAR ACCIDENT PROPHYLAXIS,Cerebral infarction,1,0,0
35,40,2,3,PRODUCT USED FOR UNKNOWN INDICATION,Intentional overdose,0,0,0
18,83.9,1,5,PRODUCT USED FOR UNKNOWN INDICATION,Suicidal ideation,0,0,0
49,98.43,1,1,ATTENTION DEFICIT/HYPERACTIVITY DISORDER,Drug ineffective,0,0,1
44,64.99,2,12,DEPRESSION,Dyskinesia,0,0,1
60,102,1,16,,Dyspnoea,0,0,0
61,60.33,2,2,EPILEPSY,Product substitution issue,0,0,0
70,104.33,1,2,GLAUCOMA,Product substitution issue,0,0,0
56,56,2,1,MIGRAINE WITHOUT AURA,Nausea,0,0,0
36,84.81,2,14,,Pulmonary embolism,1,0,0
83,74.91,2,8,PLASMA CELL MYELOMA,Death,1,1,0
36,160.9,1,3,PNEUMONIA,Device malfunction,0,0,0
63,110.9,1,2,METASTATIC RENAL CELL CARCINOMA,Hypotension,1,0,0
76,75,1,7,HEPATITIS C,Cholecystitis acute,1,0,0
38,73,2,15,BREAST CANCER,Hypokalaemia,1,0,0
38,73,2,15,BREAST CANCER,Hypokalaemia,1,0,0
65,70.5,2,8,,Oedema peripheral,0,0,1
70,68,2,2,MANTLE CELL LYMPHOMA,Supraventricular tachycardia,1,0,0
38,84,2,3,CARDIOVASCULAR EVENT PROPHYLAXIS,Hypoaesthesia,0,0,0
80,74.83,2,3,LOW DENSITY LIPOPROTEIN INCREASED,Type 2 diabetes mellitus,0,0,0
66,58,2,9,AGITATION,Sepsis,1,0,0
76,83,1,13,PRODUCT USED FOR UNKNOWN INDICATION,Angina pectoris,0,0,0
78,85,1,9,ATRIAL FIBRILLATION,Myalgia,0,0,0
41,103,2,3,PRODUCT USED FOR UNKNOWN INDICATION,Breast pain,0,0,0
82,49,1,3,PROPHYLAXIS AGAINST GASTROINTESTINAL ULCER,Syncope,1,0,0
62,88,1,3,PRODUCT USED FOR UNKNOWN INDICATION,VIth nerve paralysis,0,0,0
75,62,1,12,RECTAL CANCER,Hepatic cirrhosis,0,0,0
21,45,2,1,"SCHIZOPHRENIA, PARANOID TYPE",Nausea,1,0,0
45,88.98,2,1,CONTRACEPTION,Device dislocation,0,0,0
95,62.2,2,6,RHINORRHOEA,Nasal discomfort,0,0,0
66,65.83,2,3,RESPIRATORY DISORDER,Cough,0,0,0
80,73,1,4,THROMBOSIS PROPHYLAXIS,Urinary bladder haemorrhage,0,0,0
70,69,2,9,NEUTROPENIA,Neutropenia,0,0,0
24,72.56,2,4,,Pulmonary embolism,1,0,0
76,103,2,8,PSORIATIC ARTHROPATHY,Arthralgia,1,0,0
45,93,1,7,PRODUCT USED FOR UNKNOWN INDICATION,Poisoning deliberate,0,1,0
56,91,1,3,HYPERTENSION,Back pain,0,0,1
14,77,1,1,ACNE,Intracranial pressure increased,0,0,1
30,89,2,7,PRODUCT USED FOR UNKNOWN INDICATION,Pain in extremity,1,0,0
85,45,2,10,OSTEOPOROTIC FRACTURE,Osteonecrosis of jaw,0,0,0
69,83.99,1,33,PLASMA CELL MYELOMA,Plasma cell myeloma,1,1,0
41,70,2,3,ANKYLOSING SPONDYLITIS,Hyperhidrosis,1,0,0
51,76,1,6,CHRONIC LYMPHOCYTIC LEUKAEMIA,Weight decreased,1,0,0
63,80,1,4,PAIN IN EXTREMITY,Dysphonia,1,0,1
32,108.96,2,1,CONTRACEPTION,Vaginal haemorrhage,0,0,0
31,60.84,2,1,CONTRACEPTION,Device expulsion,0,0,0
21,50.85,2,1,CONTRACEPTION,Device expulsion,0,0,0
34,88.98,2,1,CONTRACEPTION,Headache,0,0,0
28,67.19,2,2,CONTRACEPTION,Device expulsion,0,0,0
8,4,1,2,EPILEPSY,Feeding disorder neonatal,1,0,0
67,77,1,13,PRODUCT USED FOR UNKNOWN INDICATION,Swelling,0,0,1
54,82,2,2,HYPERCHOLESTEROLAEMIA,Hypoaesthesia,1,0,1
25,76,2,1,CONTRACEPTION,Cardiac failure,1,1,0
63,55.8,2,17,,Death,0,1,0
59,86,2,5,CARDIOVASCULAR DISORDER,Type 2 diabetes mellitus,0,0,0
55,66,2,4,LOW DENSITY LIPOPROTEIN INCREASED,Type 2 diabetes mellitus,0,0,0
50,72.56,2,4,LOW DENSITY LIPOPROTEIN INCREASED,Type 2 diabetes mellitus,0,0,0
61,63.9,2,4,LOW DENSITY LIPOPROTEIN INCREASED,Type 2 diabetes mellitus,0,0,0
64,75.19,2,10,LUNG CANCER METASTATIC,Cerebrovascular accident,1,0,0
57,100.68,2,5,,Type 2 diabetes mellitus,0,0,0
58,70.76,2,2,LOW DENSITY LIPOPROTEIN INCREASED,Type 2 diabetes mellitus,0,0,0
83,60,1,1,PLASMA CELL MYELOMA,Metastatic squamous cell carcinoma,0,0,0
30,60.38,1,2,CROHN^S DISEASE,Hydronephrosis,1,0,0
60,70,2,7,MULTIPLE SCLEROSIS,Sepsis,1,0,0
69,72.56,2,1,URINARY INCONTINENCE,Drug administration error,0,0,0
48,74,1,1,MAJOR DEPRESSION,Hypokalaemia,1,0,0
68,76.6,2,4,PULMONARY ARTERIAL HYPERTENSION,Rectal haemorrhage,1,0,0
72,169,2,5,TEMPORAL ARTERITIS,Convulsion,1,0,1
78,70.75,2,4,CONSTIPATION,Hypovitaminosis,0,0,0
59,115,2,1,PRODUCT USED FOR UNKNOWN INDICATION,Respiratory failure,1,0,0
43,61.29,2,6,DEPRESSION,Pregnancy after post coital contraception,0,0,0
24,59.02,2,1,POST COITAL CONTRACEPTION,Gastric dilatation,0,0,0
22,67.57,1,1,PRODUCT USED FOR UNKNOWN INDICATION,Glycosylated haemoglobin increased,0,0,0
58,28,2,13,,Urinary retention,1,0,0
65,29.5,1,12,CHRONIC OBSTRUCTIVE PULMONARY DISEASE,Chronic obstructive pulmonary disease,1,0,0
45,64,2,5,MULTIPLE SCLEROSIS,Oedema peripheral,0,0,1
80,72,1,2,RECTAL CANCER,Interstitial lung disease,0,0,0
73,77.18,1,10,,Cerebrovascular accident,1,0,1
29,79,1,1,NEUROPATHY PERIPHERAL,Haematochezia,0,0,0
69,104.31,2,17,LOW DENSITY LIPOPROTEIN INCREASED,Type 2 diabetes mellitus,0,0,0
57,85.26,2,12,,Disease progression,0,0,0
68,102,1,2,DEPRESSION,Urinary tract infection,1,0,0
58,94,2,2,LOW DENSITY LIPOPROTEIN INCREASED,Pain in extremity,0,0,0
57,87,2,5,BREAST CANCER FEMALE,Pulmonary embolism,0,0,0
67,75,1,3,"SCHIZOPHRENIA, PARANOID TYPE",Neuroleptic malignant syndrome,1,0,0
66,79,2,1,HYPERTENSION,Myalgia,0,0,0
82,65,1,9,AUTOIMMUNE DISORDER,Type 2 diabetes mellitus,1,0,0
65,100,1,3,HYPERLIPIDAEMIA,Immune-mediated necrotising myopathy,1,0,0
4,18.59,1,2,SEASONAL ALLERGY,Overdose,0,0,0
63,73.09,1,5,RHEUMATOID ARTHRITIS,Gastric ulcer haemorrhage,1,0,0
14,2.83,1,2,PYELONEPHRITIS ACUTE,Agitation,1,0,0
61,53,2,3,,Neuroleptic malignant syndrome,1,0,0
39,63.56,1,3,CROHN^S DISEASE,Haemoglobin decreased,1,0,0
23,50,2,5,PAROXYSMAL NOCTURNAL HAEMOGLOBINURIA,Unevaluable event,1,1,0
50,95,2,1,,Diplegia,0,0,0
55,94,2,1,DIABETES MELLITUS,Immune thrombocytopenic purpura,0,0,0
18,50.85,2,1,POST COITAL CONTRACEPTION,Menstruation irregular,0,0,0
61,70.6,1,1,HYPERCHOLESTEROLAEMIA,Myalgia,0,0,0
48,63,2,3,ROSACEA,Rebound effect,0,0,0
65,70,2,12,HYPERCHOLESTEROLAEMIA,Atrial thrombosis,0,0,0
72,65.9,2,1,RHEUMATOID ARTHRITIS,Meniscus injury,0,0,0
36,52,2,1,ROSACEA,Flushing,0,0,0
23,63.5,2,5,ROSACEA,Feeling hot,0,0,0
66,92,2,6,ROSACEA,Condition aggravated,0,0,0
39,52.5,1,2,,Death,0,1,0
69,60,1,3,,Death,0,1,0
58,65.68,2,4,ROSACEA,Swollen tongue,0,0,0
42,118,1,5,ROSACEA,Urticaria,0,0,0
66,69,1,1,PRODUCT USED FOR UNKNOWN INDICATION,Drug ineffective,0,0,0
64,95,2,1,WEIGHT DECREASED,Balance disorder,0,0,0
67,82,1,4,HEPATITIS C,Transfusion,1,0,0
45,74,1,3,HEPATITIS C,Erythema,0,0,0
62,90.7,2,8,FIBROMYALGIA,Drug withdrawal syndrome,0,0,0
35,68.93,2,1,CONTRACEPTION,Injection site bruising,0,0,0
75,66.21,2,3,PERIPHERAL NERVE INJURY,Somnolence,0,0,0
74,91,1,2,BLOOD CHOLESTEROL INCREASED,Dyspepsia,0,0,0
53,65.31,2,1,FIBROMYALGIA,Swelling face,0,0,0
62,99.77,2,2,THYROID DISORDER,Feeling abnormal,0,0,0
64,92,1,7,,Diarrhoea,0,0,0
53,80.73,1,7,ROSACEA,Hypersensitivity,0,0,0
22,54.93,2,1,POST COITAL CONTRACEPTION,Maternal exposure before pregnancy,0,0,0
32,54.03,1,3,CROHN^S DISEASE,Procedural pain,1,0,0
19,59.02,2,2,POST COITAL CONTRACEPTION,Chest pain,0,0,0
49,93,2,12,,Depressed level of consciousness,1,0,0
60,80,2,1,CHRONIC OBSTRUCTIVE PULMONARY DISEASE,Dyspnoea,1,0,0
32,120.18,2,2,CONTRACEPTION,Haemorrhage urinary tract,0,0,0
27,57,1,8,PULMONARY TUBERCULOSIS,Drug reaction with eosinophilia and systemic symptoms,1,0,0
48,49,2,9,,White blood cell count decreased,0,0,0
60,60.32,2,9,FALL,Convulsion,0,0,0
68,82,1,7,CEREBROVASCULAR ACCIDENT PROPHYLAXIS,Brain stem infarction,1,0,0
62,58,2,3,CHRONIC OBSTRUCTIVE PULMONARY DISEASE,Concussion,1,0,0
75,55,2,1,ATRIAL FIBRILLATION,Ischaemic stroke,0,0,0
82,49.94,2,8,PARKINSON^S DISEASE,Dizziness,0,0,0
42,77,2,6,PULMONARY HYPERTENSION,Oedema peripheral,0,0,0
10,34,2,8,PRODUCT USED FOR UNKNOWN INDICATION,Dehydration,1,0,0
52,68.27,2,1,RETINAL VEIN OCCLUSION,Device dislocation,0,0,0
89,60.32,2,7,NORMAL TENSION GLAUCOMA,Mental impairment,0,0,0
56,62.3,2,14,RENAL TRANSPLANT,Transplant dysfunction,1,0,0
22,45,2,3,PRODUCT USED FOR UNKNOWN INDICATION,Maternal exposure during pregnancy,0,0,0
60,68.3,2,2,DEPRESSION,Multiple chemical sensitivity,0,0,0
76,72,2,12,DIFFUSE LARGE B-CELL LYMPHOMA,Drug hypersensitivity,1,0,0
60,49,1,6,,Osteomalacia,1,0,0
30,63.56,2,2,CONTRACEPTION,Device dislocation,0,0,0
79,111.68,2,1,BREAST CANCER FEMALE,Death,0,1,0
41,80,1,2,ANKYLOSING SPONDYLITIS,Visual impairment,0,0,0
48,60,1,3,COLORECTAL CANCER,Nausea,0,0,0
36,76.19,2,1,CONTRACEPTION,Unintended pregnancy,0,0,0
54,75,1,4,ANTIVIRAL TREATMENT,Pancytopenia,0,0,0
45,60,2,3,ANTIVIRAL TREATMENT,Drug interaction,0,0,0
47,53,2,7,BREAST CANCER METASTATIC,Cardiac failure,1,0,1
51,76,1,6,,Dysphagia,1,0,0
51,75.6,2,16,COLON CANCER,Pyrexia,1,0,0
55,55,2,3,BREAST CANCER METASTATIC,Vomiting,1,0,0
21,62.13,2,1,CONTRACEPTION,Nausea,0,0,0
64,84,1,5,NEPHROGENIC ANAEMIA,Transferrin abnormal,0,0,0
53,54.09,2,18,,Blood pressure decreased,1,0,0
68,95.5,2,4,MYELODYSPLASTIC SYNDROME,Infection,1,0,0
72,64.4,1,1,PRODUCT USED FOR UNKNOWN INDICATION,Cardiac failure congestive,1,0,0
62,50.34,2,1,OSTEOPOROSIS POSTMENOPAUSAL,Thyroid neoplasm,0,0,1
62,75,2,1,OVARIAN CANCER,Neuropathy peripheral,0,0,0
63,78.46,1,7,DIABETES MELLITUS,Medication residue present,0,0,0
27,38.5,2,2,TOXICITY TO VARIOUS AGENTS,Coma,0,0,0
58,54,2,3,OVARIAN CANCER,Renal failure acute,1,0,0
60,57,2,8,MULTIPLE SCLEROSIS,Influenza like illness,1,0,0
13,48.4,1,5,BODY HEIGHT BELOW NORMAL,Pituitary tumour benign,0,0,0
42,64,2,1,MULTIPLE SCLEROSIS,Optic neuritis,1,0,0
48,90,2,5,MULTIPLE SCLEROSIS,Wrist fracture,0,0,0
64,53.7,2,4,RHEUMATOID ARTHRITIS,Atypical pneumonia,1,0,0
20,65.76,2,4,CONTRACEPTION,Menorrhagia,0,0,0
56,76,1,20,DIFFUSE LARGE B-CELL LYMPHOMA,Platelet count decreased,1,0,0
16,44.4,1,39,,Oedema peripheral,0,0,0
59,72,1,8,MULTIPLE SCLEROSIS,Constipation,0,0,0
46,56,2,1,PRODUCT USED FOR UNKNOWN INDICATION,Asthenia,0,0,0
52,122,2,1,MULTIPLE SCLEROSIS,Chills,0,0,0
64,70,2,12,SECONDARY PROGRESSIVE MULTIPLE SCLEROSIS,Vision blurred,0,0,0
51,83,1,7,MULTIPLE SCLEROSIS,Dizziness,0,0,0
62,51,1,3,RHEUMATOID ARTHRITIS,Corneal disorder,1,1,0
28,65,2,5,PRODUCT USED FOR UNKNOWN INDICATION,Rhinorrhoea,0,0,0
55,61,2,7,MULTIPLE SCLEROSIS,Prescribed underdose,0,0,0
63,54,2,5,PRODUCT USED FOR UNKNOWN INDICATION,Local swelling,0,0,0
47,74,2,1,MULTIPLE SCLEROSIS,Alopecia,0,0,0
48,118.04,2,6,CHRONIC HEPATITIS C,Local swelling,1,0,0
80,53,1,1,THALASSAEMIA BETA,Death,1,1,0
49,59.47,2,20,RHEUMATOID ARTHRITIS,Gastrointestinal inflammation,0,0,0
54,80,2,2,EX-TOBACCO USER,Swelling face,1,0,0
42,72,1,2,COLORECTAL CANCER,Radiation skin injury,0,0,0
69,52,2,2,COLON CANCER STAGE III,Diarrhoea,0,0,0
75,70,2,3,HYPERTENSION,Arrhythmia,1,0,0
75,66,2,1,RHEUMATOID ARTHRITIS,Acute abdomen,0,1,0
29,56,2,6,RHEUMATOID ARTHRITIS,Erythema,0,0,0
9,32.88,2,7,AUTISM,Aggression,1,0,0
73,65,2,3,METASTASES TO BONE,General physical health deterioration,1,1,0
86,69,1,9,COLON CANCER,General physical health deterioration,1,0,0
65,133.81,2,7,ALPHA-1 ANTI-TRYPSIN DEFICIENCY,Atrial fibrillation,1,0,0
74,61.24,2,31,ALPHA-1 ANTI-TRYPSIN DECREASED,Pneumonia,1,0,0
67,62,1,4,PARKINSON^S DISEASE,Drug-induced liver injury,1,0,0
80,180,2,3,ATRIAL FIBRILLATION,Asthenia,1,0,0
31,86,1,8,PAIN,Pneumonia,1,0,0
80,62.3,1,6,PROSTATE CANCER,Rhabdomyolysis,1,0,0
71,46,2,2,CHRONIC HEPATITIS C,Pyrexia,1,0,0
24,59,2,1,,Burns first degree,1,0,0
37,2.9,1,3,ANTIRETROVIRAL THERAPY,Cryptorchism,0,0,0
196,2.5,0,7,ACQUIRED IMMUNODEFICIENCY SYNDROME,Meconium stain,0,0,0
54,82,2,1,HYPERCHOLESTEROLAEMIA,Pain in extremity,1,0,1
23,48.98,2,2,,Device difficult to use,0,0,0
69,51,1,3,MALIGNANT GLIOMA,Neoplasm progression,1,1,0
16,57,2,7,PRODUCT USED FOR UNKNOWN INDICATION,Intentional overdose,0,0,0
29,54.88,2,2,PRODUCT USED FOR UNKNOWN INDICATION,Vision blurred,0,0,0
52,107,1,1,CHRONIC OBSTRUCTIVE PULMONARY DISEASE,Incorrect route of drug administration,0,0,0
59,62.3,2,26,NON-HODGKIN^S LYMPHOMA UNSPECIFIED HISTOLOGY INDOLENT,Cytomegalovirus infection,1,0,0
66,75,2,5,RHEUMATOID ARTHRITIS,Chorea,0,0,0
58,86.6,1,8,BIPOLAR DISORDER,Weight decreased,0,0,0
36,158.73,1,1,PSORIASIS,Injection site mass,0,0,1
35,113,2,6,PRODUCT USED FOR UNKNOWN INDICATION,Hypotension,0,0,0
47,73,1,4,PRODUCT USED FOR UNKNOWN INDICATION,Vomiting,1,0,1
50,80,1,2,PSORIASIS,Hyperkalaemia,0,0,0
59,100,1,6,,Cough,0,0,0
78,78,1,6,PARKINSON^S DISEASE,Sexually inappropriate behaviour,0,0,0
67,90,1,22,,Febrile neutropenia,1,0,0
55,84.9,1,4,BIPOLAR I DISORDER,Hepatic steatosis,0,0,0
58,60,2,1,GALLBLADDER CANCER,Raynaud^s phenomenon,1,0,0
48,104.5,1,3,HEPATITIS C,Neutropenia,1,0,0
45,61.23,2,1,RHEUMATOID ARTHRITIS,Headache,0,0,0
54,72.56,1,7,HEPATITIS C,Haemoglobin decreased,0,0,0
67,87,1,4,,Haematochezia,0,0,0
36,57.5,2,3,RHEUMATOID ARTHRITIS,Antiphospholipid syndrome,0,0,0
46,46.26,1,12,PRODUCT USED FOR UNKNOWN INDICATION,Drug effect incomplete,0,0,0
52,90.7,1,2,NEUROPATHY PERIPHERAL,Diabetes mellitus,0,0,0
53,144.2,2,1,DEPRESSION,Drug ineffective,1,0,0
84,85,1,14,PRODUCT USED FOR UNKNOWN INDICATION,Malaise,0,0,0
61,60,2,26,,Febrile neutropenia,1,0,0
57,104.76,1,26,,Accidental overdose,0,1,0
5,1.89,1,1,FOETAL EXPOSURE TIMING UNSPECIFIED,Foetal growth restriction,0,0,0
85,48.08,2,1,BOWEL PREPARATION,Oral discomfort,1,0,0
69,54,2,5,,Urinary incontinence,0,0,0
50,60,2,5,BREAST CANCER METASTATIC,Febrile neutropenia,0,0,0
69,100,1,5,PRODUCT USED FOR UNKNOWN INDICATION,Diabetes mellitus,1,0,0
91,68.2,2,1,ARRHYTHMIA,Hallucination,0,0,0
62,88.6,2,6,TYPE 2 DIABETES MELLITUS,Aphasia,1,0,0
75,75,2,2,DIABETES MELLITUS,Oropharyngeal pain,0,0,0
78,61,2,1,CHRONIC OBSTRUCTIVE PULMONARY DISEASE,Incorrect route of drug administration,0,0,0
42,48.5,2,2,POSTOPERATIVE ANALGESIA,Haemorrhagic anaemia,1,0,0
55,124.74,1,1,MAJOR DEPRESSION,Completed suicide,0,1,0
58,54.43,2,1,,Hypersensitivity,0,1,0
60,81.65,1,1,,Myocardial infarction,0,1,0
27,77.3,1,1,MULTIPLE SCLEROSIS,Blood urine present,1,0,0
79,81,1,11,MYELODYSPLASTIC SYNDROME,Hyponatraemia,0,0,0
69,60.8,2,6,BLOOD CHOLESTEROL ABNORMAL,Dyspnoea,0,0,0
76,115.45,1,15,ATRIAL FIBRILLATION,Syncope,1,0,0
17,65.77,1,1,ARTHRITIS,Blood urine present,1,0,0
32,90.72,2,3,SCHIZOPHRENIA,Injection site nodule,0,0,0
36,50,2,1,PSYCHOTIC DISORDER,Loss of libido,0,0,1
61,90,2,2,PRODUCT USED FOR UNKNOWN INDICATION,Self injurious behaviour,0,0,0
39,100,1,1,PRODUCT USED FOR UNKNOWN INDICATION,Self injurious behaviour,0,0,0
82,52.3,1,1,IRON OVERLOAD,Rectal haemorrhage,0,1,0
1,8.45,2,1,,Venoocclusive liver disease,1,1,0
71,87.8,2,9,BREAST CANCER METASTATIC,Coma hepatic,0,1,0
62,74.84,2,1,COLONOSCOPY,Abdominal pain upper,0,0,0
14,70,1,2,,Metabolic acidosis,1,1,0
62,147.42,2,2,WEIGHT DECREASED,Feeling abnormal,0,0,0
54,37.5,2,7,TUBERCULOSIS,Diabetes mellitus,1,0,0
46,78,2,2,PSYCHOTIC DISORDER,Thrombotic thrombocytopenic purpura,0,1,0
52,115.21,1,12,HYPERTENSION,Gynaecomastia,0,0,1
49,65,2,2,ANXIETY,Anxiety,0,0,0
69,73,1,5,RHEUMATOID ARTHRITIS,Drug ineffective,0,0,0
71,60.77,2,1,HYPERTONIC BLADDER,Application site irritation,0,0,0
78,146.48,1,1,,Arthropathy,1,0,0
64,85,1,4,,Dehydration,1,0,0
82,85,1,11,REFRACTORY ANAEMIA WITH AN EXCESS OF BLASTS,Hyponatraemia,0,0,0
37,65.77,2,2,DEPRESSION,Product substitution issue,0,0,0
38,73.94,2,1,ATTENTION DEFICIT/HYPERACTIVITY DISORDER,Product substitution issue,0,0,0
65,82.56,1,6,CROHN^S DISEASE,Infection,1,0,0
38,112,1,5,PSORIASIS,Migraine with aura,0,0,0
43,70,2,6,GASTROOESOPHAGEAL REFLUX DISEASE,Demyelination,1,0,1
33,48,2,4,,Panic attack,0,0,1
30,47,2,1,CROHN^S DISEASE,Abortion spontaneous,0,0,0
94,58,1,2,CEREBROVASCULAR ACCIDENT PROPHYLAXIS,Ischaemic stroke,0,0,0
0,3.83,1,2,EPILEPSY,Liver disorder,0,0,0
78,77.4,2,10,PRODUCT USED FOR UNKNOWN INDICATION,Mouth haemorrhage,0,0,0
70,101.61,2,9,CEREBROVASCULAR ACCIDENT PROPHYLAXIS,Cardiac failure congestive,0,0,0
77,89.36,2,4,PRODUCT USED FOR UNKNOWN INDICATION,Hallucination,0,0,0
1,3.64,1,2,DEPRESSION,Patent ductus arteriosus,0,0,0
31,58,1,17,COLITIS ULCERATIVE,Cerebral infarction,1,0,0
51,78.88,2,2,RHEUMATOID ARTHRITIS,Systemic lupus erythematosus,0,0,0
10,32.57,2,7,INFLAMMATORY BOWEL DISEASE,Ileal stenosis,1,0,0
16,72.2,1,11,CROHN^S DISEASE,Anaemia of chronic disease,1,0,0
58,50.8,2,17,,Dermatitis,0,0,0
48,77.11,2,1,ATTENTION DEFICIT/HYPERACTIVITY DISORDER,Drug ineffective,0,0,1
67,77,1,13,,Swelling,0,0,1
20,79.38,1,1,ATTENTION DEFICIT/HYPERACTIVITY DISORDER,Drug dispensing error,0,0,0
59,90.72,1,17,HYPERTENSION,Drug ineffective,0,0,0
59,72.58,2,1,MAJOR DEPRESSION,Product substitution issue,0,0,1
77,78,1,6,,Pneumonia,0,0,0
22,71.67,1,1,ACNE,Burning sensation,0,0,0
69,81.65,2,1,HYPERTENSION,Pain in extremity,0,0,0
87,56.2,1,14,OEDEMA DUE TO CARDIAC DISEASE,Blood urea increased,0,0,0
40,99.78,1,3,DEPRESSION,Night blindness,0,0,1
35,77.11,2,1,GENERALISED ANXIETY DISORDER,Product substitution issue,0,0,0
62,88.4,1,3,,VIth nerve paralysis,0,0,0
64,77.63,2,8,SOMNOLENCE,Surgery,1,0,0
53,77.11,1,1,PAIN,Heart rate increased,1,0,1
54,76.66,2,15,PAIN,Vomiting,1,0,1
71,59,2,24,PROPHYLAXIS AGAINST GASTROINTESTINAL ULCER,Arthropathy,1,0,0
57,59.86,2,4,DEPRESSION,Product quality issue,0,0,0
85,72.58,2,1,ATRIAL FIBRILLATION,Haemorrhage subcutaneous,0,0,0
72,74.84,2,2,DEPRESSION,Drug ineffective,0,0,0
56,115,1,8,,Pruritus,1,0,0
48,120.2,2,4,TYPE 2 DIABETES MELLITUS,Fungal infection,0,0,0
62,111.11,1,1,MIGRAINE,Migraine,0,0,0
43,100.7,2,1,,Weight increased,0,0,0
67,113.38,2,3,DIABETIC NEUROPATHY,Drug interaction,0,0,0
68,67.59,2,1,HYPERTENSION,Musculoskeletal pain,0,0,0
40,53.52,2,1,ANXIETY,Diarrhoea,0,0,1
67,66.68,1,1,BLOOD CHOLESTEROL INCREASED,Fatigue,0,0,0
67,90.7,2,3,MENOPAUSAL SYMPTOMS,Blood pressure increased,0,0,0
67,99.79,1,5,ASTHMA,Heart rate decreased,0,0,0
62,99.8,2,2,THYROID DISORDER,Drug ineffective,0,0,0
24,52.16,2,1,POSTPARTUM DEPRESSION,Dizziness,0,0,0
67,54.42,2,8,,Headache,0,0,0
67,67.13,2,1,OSTEOPOROSIS,Osteonecrosis of jaw,0,0,1
53,81.63,2,2,HYPOTHYROIDISM,Weight increased,0,0,0
63,64.1,2,8,COLORECTAL CANCER METASTATIC,Leukopenia,1,0,0
66,63,1,3,COLON CANCER,Pneumonia,1,1,0
53,35.7,2,1,TUBERCULOSIS,Drug interaction,1,0,0
58,72.56,2,4,NEOPLASM MALIGNANT,Off label use,0,0,0
64,58,1,9,CHRONIC LYMPHOCYTIC LEUKAEMIA,Renal failure,1,0,0
33,61.22,2,2,CONTRACEPTION,Poor quality drug administered,0,0,0
51,57,2,3,BREAST CANCER,Skin fissures,0,0,0
70,83,2,1,PLASMA CELL MYELOMA,Paget^s disease of nipple,0,0,0
71,68.04,1,1,ATRIAL FLUTTER,Haematuria,0,0,0
54,81.63,2,3,,Anaphylactic reaction,0,0,0
61,74,1,9,HYPERTENSION,Vertigo,1,0,0
66,86.17,2,8,MIGRAINE,Drug ineffective,0,0,0
62,68.95,1,1,PAIN MANAGEMENT,Candida infection,0,0,1
67,81.63,2,1,SMOKING CESSATION THERAPY,Nausea,0,0,0
61,68,2,2,ANXIETY,Pain,0,0,0
39,99.77,1,2,NEUROPATHY PERIPHERAL,Drug ineffective,0,0,0
47,95.24,1,5,ARTHRITIS,Rotator cuff syndrome,0,0,0
28,81.65,2,2,MENSTRUAL CYCLE MANAGEMENT,Pulmonary embolism,1,0,0
55,64,2,16,PRODUCT USED FOR UNKNOWN INDICATION,Pneumonia,0,1,0
15,63.5,2,1,JUVENILE IDIOPATHIC ARTHRITIS,Chest pain,1,0,0
32,134,1,7,DIFFUSE LARGE B-CELL LYMPHOMA,Septic shock,0,1,0
86,68.49,1,3,,Renal failure acute,0,0,0
19,65.77,1,1,SINUSITIS,Rash generalised,0,0,0
54,81.64,2,2,HYPERCHOLESTEROLAEMIA,Pain in extremity,1,0,1
45,73,1,4,AFFECTIVE DISORDER,Anxiety,0,0,1
57,96.62,0,1,MUSCULOSKELETAL PAIN,Vomiting,0,0,1
69,57.4,2,2,HER-2 POSITIVE BREAST CANCER,ECG signs of myocardial ischaemia,1,0,0
49,52.16,2,1,,Application site pain,0,0,0
83,69.5,1,1,ATRIAL FIBRILLATION,Haemorrhage,0,0,0
41,56.7,2,1,ROSACEA,Flushing,0,0,0
66,78.6,1,2,ATRIAL FLUTTER,Lower gastrointestinal haemorrhage,1,0,0
5,19.5,2,3,NASOPHARYNGITIS,Diarrhoea,0,0,0
56,57.14,2,17,NERVOUS SYSTEM DISORDER,Road traffic accident,0,0,0
63,110.4,2,6,NEOPLASM MALIGNANT,Dyspnoea,0,0,0
81,67,1,2,COLORECTAL CANCER,Palmar-plantar erythrodysaesthesia syndrome,0,0,0
24,56.7,2,2,MULTIPLE ALLERGIES,Withdrawal syndrome,0,0,0
54,90,2,3,ATYPICAL PNEUMONIA,Pancreatitis,1,0,0
57,49,1,3,CHRONIC OBSTRUCTIVE PULMONARY DISEASE,Dyspnoea,0,0,0
82,68,2,3,DYSPEPSIA,Flatulence,0,0,0
60,113.5,1,1,HYPERTENSION,Angioedema,1,0,0
65,77.6,2,4,BLOOD CHOLESTEROL ABNORMAL,Gastric disorder,0,0,0
19,63.5,2,1,DEPRESSION,Tremor,1,0,0
40,56.7,2,1,BACK PAIN,Blister,0,0,0
43,56.7,2,1,HYPERSENSITIVITY,Hypersensitivity,0,0,1
60,104.33,2,1,RASH,Application site burn,0,0,1
35,59.88,2,1,CONTRACEPTION,Alopecia,0,0,0
38,58.06,2,1,MULTIPLE SCLEROSIS,Lethargy,0,0,0
71,81.65,1,1,BACK PAIN,Myocardial infarction,1,0,0
49,70.76,2,1,NASAL CONGESTION,Ageusia,0,0,0
34,93,2,1,TYPE 2 DIABETES MELLITUS,Abortion spontaneous,0,0,0
25,63.5,2,1,URINARY TRACT INFECTION,Nausea,0,0,0
42,107.04,2,3,GLYCOGEN STORAGE DISEASE TYPE II,Exostosis,0,0,0
31,72.58,2,2,FLUSHING,Dizziness,0,0,1
53,104.42,1,4,PARKINSON^S DISEASE,Parkinson^s disease,0,0,0
28,61.24,2,1,URINARY TRACT INFECTION,Pain,0,0,1
48,81.65,0,1,MENOPAUSE,Drug ineffective,0,0,0
27,53.98,2,1,,Vaginal haemorrhage,0,0,0
33,97.52,2,1,,Anal atresia,1,0,0
31,55.79,1,1,TARDIVE DYSKINESIA,Product substitution issue,0,0,0
65,34.5,1,16,,Ileus,0,0,0
36,54.43,2,1,SOLAR LENTIGO,Urticaria,0,0,0
68,63,2,12,,Pain in extremity,0,0,0
53,95,2,1,CHRONIC OBSTRUCTIVE PULMONARY DISEASE,Cerebrovascular accident,1,0,0
78,91,2,2,CHRONIC OBSTRUCTIVE PULMONARY DISEASE,Pneumonia,1,0,0
61,100,1,13,DYSPNOEA,Rash,0,0,0
53,61,1,1,CHRONIC OBSTRUCTIVE PULMONARY DISEASE,Pneumonia,1,0,0
30,88.9,2,7,PRODUCT USED FOR UNKNOWN INDICATION,Muscular weakness,1,0,0
46,85.71,2,5,PRODUCT USED FOR UNKNOWN INDICATION,Umbilical hernia,0,0,0
73,68,1,7,PRODUCT USED FOR UNKNOWN INDICATION,Death,0,1,0
40,113.4,1,4,CONTRACEPTION,Erythema,0,0,0
51,101,1,10,COLORECTAL CANCER METASTATIC,Subileus,1,0,0
23,45.4,0,2,PANCREATIC INSUFFICIENCY,Product substitution issue,0,0,0
49,82.56,2,1,MIGRAINE,Headache,0,0,0
63,61.24,1,1,SKIN MASS,Injection site bruising,0,0,0
34,101.59,1,7,HEPATITIS C,Dehydration,0,0,0
11,45.36,2,1,INFLUENZA,Abdominal pain,0,0,1
64,120.2,1,1,TYPE 2 DIABETES MELLITUS,Diarrhoea,0,0,0
72,61,1,3,HYPERLIPIDAEMIA,Hepatic function abnormal,1,0,0
43,86.18,1,1,LABORATORY TEST ABNORMAL,Myocardial infarction,1,0,1
800,80,2,5,HYPERTENSION,Coronary artery occlusion,1,0,0
57,77.18,2,5,HEREDITARY ANGIOEDEMA,Skin cancer,0,0,0
61,72.58,1,1,HYPOPITUITARISM,Cerebrovascular accident,1,0,0
35,82.8,2,1,ACUTE MYELOID LEUKAEMIA,Cardiac arrest,1,0,0
28,59,2,4,DEPRESSION,Thrombocytopenia,0,0,0
39,63.5,2,2,CHRONIC SINUSITIS,Hyperhidrosis,0,0,0
71,97.52,2,2,STAPHYLOCOCCAL INFECTION,Arthralgia,0,0,0
39,74.84,2,1,CONTRACEPTION,Fibroadenoma of breast,1,0,0
54,69.4,2,2,FUNGAL INFECTION,Intentional overdose,0,0,0
55,79.38,2,2,NASAL OEDEMA,Crying,0,0,0
13,44,2,1,RHINITIS,Abdominal pain,0,0,0
55,63.5,1,1,CIRCADIAN RHYTHM SLEEP DISORDER,Drug ineffective,0,0,0
49,74.84,1,2,DIVERTICULITIS,Burning sensation,0,0,0
72,60,1,1,GAUCHER^S DISEASE,Cardiac disorder,1,0,0
53,65,1,1,HYPERTENSION,Blood creatinine increased,0,0,0
48,55.79,2,1,,Pain,0,0,1
28,52.16,2,1,,Urinary tract infection fungal,0,0,1
28,102.06,1,1,SMOKING CESSATION THERAPY,Anger,0,0,0
41,73.94,2,1,NEUROPATHY PERIPHERAL,Amnesia,0,0,0
16,92,1,2,CROHN^S DISEASE,Convulsion,1,0,0
64,75,1,4,COLORECTAL CANCER METASTATIC,Death,0,1,0
33,97.52,1,1,,Flushing,0,0,0
32,99.79,2,1,,Device extrusion,0,0,0
40,93.9,2,1,,Product substitution issue,0,0,0
24,78.47,1,1,ROSACEA,Rosacea,0,0,0
62,92.99,1,1,AFFECTIVE DISORDER,Anxiety,0,0,0
43,83.92,1,1,ANXIETY,Nausea,0,0,0
40,55.79,2,1,GROWTH OF EYELASHES,Blepharitis,0,0,1
40,88.45,2,2,,Product substitution issue,0,0,0
47,106.6,1,1,GOUT,Hypersensitivity,1,0,0
24,58.97,2,1,URINARY TRACT INFECTION,Rash,0,0,0
23,53.52,2,1,ATTENTION DEFICIT/HYPERACTIVITY DISORDER,Depression,0,0,0
66,79.4,2,20,COLORECTAL CANCER METASTATIC,Dysphagia,1,0,0
61,106.14,2,5,ANTICOAGULANT THERAPY,Blood glucose increased,0,0,0
70,70.31,1,2,AORTIC VALVE DISEASE,Product substitution issue,0,0,1
56,31.3,2,1,NEURALGIA,Drug ineffective,0,0,0
40,108.86,2,4,NEUROPATHY PERIPHERAL,Headache,0,0,0
65,38,2,5,COMPUTERISED TOMOGRAM,Anaphylactoid shock,1,0,1
60,119.1,2,1,URGE INCONTINENCE,Rash pruritic,0,0,0
58,99.79,1,2,GASTROOESOPHAGEAL REFLUX DISEASE,Product substitution issue,0,0,0
27,135,2,6,PAIN,Anxiety,0,0,0
73,83.92,2,1,SLEEP DISORDER,Insomnia,0,0,0
67,81.65,1,1,MIGRAINE,Product substitution issue,0,0,0
42,84,2,4,ACUTE MYELOID LEUKAEMIA,Pancytopenia,1,0,1
72,51,2,1,CHRONIC OBSTRUCTIVE PULMONARY DISEASE,Incorrect route of drug administration,0,0,0
83,89,1,5,NASAL CONGESTION,Dysphonia,0,0,0
74,59,2,1,CHRONIC OBSTRUCTIVE PULMONARY DISEASE,Incorrect route of drug administration,0,0,0
33,90.72,2,1,ATTENTION DEFICIT/HYPERACTIVITY DISORDER,Palpitations,0,0,0
67,90.7,2,2,BACK PAIN,Drug ineffective,0,0,0
57,72.58,2,1,CONVULSION,Overdose,0,0,1
64,55,2,1,BOWEL PREPARATION,Nausea,0,0,0
50,93.44,1,1,SMOKING CESSATION THERAPY,Flat affect,0,0,0
63,58.06,2,1,BLOOD LACTATE DEHYDROGENASE INCREASED,Restless legs syndrome,0,0,0
62,70.31,1,11,URINARY TRACT INFECTION,Tinnitus,0,0,1
78,64,2,15,,Conjunctival haemorrhage,0,0,0
54,69.5,2,18,IMMUNOSUPPRESSION,Hepatic function abnormal,0,0,0
16,8,2,3,EVIDENCE BASED TREATMENT,Drug ineffective,0,1,0
76,40.4,1,4,HYPOPHYSITIS,Diabetes insipidus,0,0,0
51,61,2,1,MADAROSIS,Accidental exposure to product,0,0,0
31,53.52,2,1,MAJOR DEPRESSION,Therapy change,0,0,0
63,63,2,7,GASTROOESOPHAGEAL REFLUX DISEASE,Limb asymmetry,0,0,0
46,61.24,2,1,HAIR DISORDER,Hypersensitivity,0,0,0
57,68.04,2,20,SCHIZOAFFECTIVE DISORDER BIPOLAR TYPE,Abdominal distension,1,0,0
54,61.8,1,11,BONE MARROW CONDITIONING REGIMEN,Hepatic function abnormal,1,0,0
47,65.76,2,10,HYPERTONIC BLADDER,Application site irritation,0,0,0
79,52.62,1,1,SINUSITIS,Panic attack,0,0,0
33,70.37,2,1,CONTRACEPTION,Device dislocation,0,0,0
59,131.54,2,1,CELLULITIS,Anger,0,0,0
33,56.7,2,2,DEPRESSION,Surgery,1,0,1
66,56.7,2,2,NEURALGIA,Urinary incontinence,0,0,0
48,146.06,2,14,ALCOHOLISM,Mood altered,1,0,0
45,69.6,2,4,PRODUCT USED FOR UNKNOWN INDICATION,Anaphylactic reaction,0,0,1
45,82,2,3,BLOOD CHOLESTEROL INCREASED,Type 2 diabetes mellitus,0,0,0
57,107,2,3,BLOOD CHOLESTEROL ABNORMAL,Nephropathy,0,0,0
31,72.58,2,1,,Documented hypersensitivity to administered drug,1,0,0
31,72.58,2,1,TYPE 1 DIABETES MELLITUS,Blood glucose increased,1,0,0
24,108.86,1,1,DRUG THERAPY,Adverse drug reaction,1,0,1
24,43.09,2,1,,Suicidal ideation,0,0,0
50,68.04,2,1,POST PROCEDURAL INFECTION,Asthenia,0,0,0
54,68.55,2,1,CONTRACEPTION,Embedded device,0,0,0
50,104.5,2,17,PERITONEAL DIALYSIS,Diarrhoea haemorrhagic,1,0,0
14,53,1,1,,Stevens-Johnson syndrome,1,0,0
62,82,2,1,CHRONIC OBSTRUCTIVE PULMONARY DISEASE,Incorrect route of drug administration,0,0,0
74,118,2,1,ATRIAL FIBRILLATION,Oesophageal pain,0,0,0
45,99.79,2,1,COLONOSCOPY,Hypersensitivity,0,0,1
67,57.73,2,8,RENAL FAILURE CHRONIC,Umbilical hernia,1,0,0
36,90.72,2,1,DEPRESSION,Alopecia,0,0,0
28,150,2,1,IMMUNODEFICIENCY,Staphylococcal infection,1,0,0
64,97.52,2,10,RHEUMATOID ARTHRITIS,Pneumonia,0,0,0
35,83.01,2,1,,Weight increased,0,0,0
55,69,1,3,DIABETES MELLITUS,Hypoglycaemia,1,0,0
41,78.02,1,1,BLOOD CHOLESTEROL INCREASED,Pain in extremity,0,1,0
59,58.97,2,1,DENTAL COSMETIC PROCEDURE,Tooth discolouration,0,0,0
41,77.11,2,1,,Osteonecrosis,1,0,1
52,120.2,2,1,ASTHMA,Cataract,0,0,1
55,70,2,8,SJOGREN^S SYNDROME,Lentigo,0,0,0
68,69,1,2,PRODUCT USED FOR UNKNOWN INDICATION,Skin reaction,0,0,0
4,16.4,1,12,PRIMITIVE NEUROECTODERMAL TUMOUR,Sepsis,1,0,0
59,54.48,2,2,NON-SMALL CELL LUNG CANCER,Flushing,0,0,0
15,47.8,1,10,RENAL FAILURE CHRONIC,Peritonitis bacterial,1,0,0
57,76,2,4,BLOOD CHOLESTEROL INCREASED,Type 2 diabetes mellitus,0,0,0
20,68.27,1,3,PRODUCT USED FOR UNKNOWN INDICATION,Urinary retention,0,0,0
37,71.73,2,1,CONTRACEPTION,Device dislocation,0,0,0
65,85,1,2,PRODUCT USED FOR UNKNOWN INDICATION,Eye irritation,0,0,0
49,58.6,2,9,CROHN^S DISEASE,Thyroid cyst,0,0,0
70,63.5,2,2,SPINAL COLUMN STENOSIS,Accidental overdose,1,0,0
52,83.9,2,5,BLOOD CHOLESTEROL INCREASED,Type 2 diabetes mellitus,0,0,0
26,98.87,2,1,CONTRACEPTION,Food craving,0,0,0
32,59.02,2,1,POST COITAL CONTRACEPTION,Therapeutic response unexpected,0,0,0
61,82,1,2,PRODUCT USED FOR UNKNOWN INDICATION,Face oedema,0,0,0
38,49.89,2,2,LOW DENSITY LIPOPROTEIN INCREASED,Type 2 diabetes mellitus,0,0,0
68,111.57,2,3,,Type 2 diabetes mellitus,0,0,0
58,67.57,,2,CARDIOVASCULAR EVENT PROPHYLAXIS,Type 2 diabetes mellitus,0,0,0
18,57.14,2,1,CONTRACEPTION,Haemorrhage,0,0,0
81,45.4,2,15,ASTHMA,Productive cough,0,0,0
86,68,1,3,BENIGN PROSTATIC HYPERPLASIA,Jaundice,1,0,0
68,63,2,12,PRODUCT USED FOR UNKNOWN INDICATION,Oedema peripheral,0,0,0
16,61.74,2,2,POST COITAL CONTRACEPTION,Menstruation irregular,0,0,0
18,61.74,2,2,POST COITAL CONTRACEPTION,Menstruation irregular,0,0,0
61,75,1,8,,Adenocarcinoma gastric,0,0,0
58,62,1,10,,Gastrointestinal toxicity,0,0,0
61,59,1,20,PULMONARY ARTERIAL HYPERTENSION,Gastrointestinal haemorrhage,1,0,0
62,50,2,6,RHEUMATOID ARTHRITIS,Adenocarcinoma of colon,1,0,0
63,90.3,1,14,,Portal vein thrombosis,1,0,0
52,111,2,5,"SCHIZOPHRENIA, PARANOID TYPE",Hypothermia,1,0,0
79,59,2,3,PULMONARY ARTERIAL HYPERTENSION,Respiratory failure,0,1,0
51,99.79,1,2,BLOOD PRESSURE INCREASED,Chest pain,0,0,0
34,104.42,2,14,SYSTEMIC LUPUS ERYTHEMATOSUS,Pulmonary fibrosis,0,0,0
71,80.29,1,1,BLOOD PRESSURE INCREASED,Peripheral coldness,0,0,0
53,113.4,2,11,,Restlessness,1,0,0
57,92.17,1,1,PERITONITIS,Fungal infection,0,0,0
18,72.64,2,1,POST COITAL CONTRACEPTION,Vaginal discharge,0,0,0
80,70.9,1,17,CHRONIC LYMPHOCYTIC LEUKAEMIA,Enterocolitis infectious,1,0,0
57,62.9,1,9,CHRONIC LYMPHOCYTIC LEUKAEMIA,Lichen planus,0,0,0
29,88.91,1,1,DRUG DISPENSING ERROR,Drug dispensing error,0,0,0
18,45.4,2,1,POST COITAL CONTRACEPTION,Menstruation irregular,0,0,0
46,65.77,2,1,BACK PAIN,Dysarthria,0,0,0
70,66.68,2,1,OSTEOPOROSIS,Chills,0,0,0
72,72.5,2,1,CHRONIC OBSTRUCTIVE PULMONARY DISEASE,Drug ineffective,0,0,0
67,55.79,2,2,EMPHYSEMA,Dysgeusia,0,0,0
64,55,1,4,LUNG NEOPLASM MALIGNANT,Chest pain,0,0,0
25,59,2,1,CROHN^S DISEASE,Foetal death,0,0,0
78,81,1,5,ATRIAL FIBRILLATION,Death,1,1,1
73,70,2,2,CHRONIC OBSTRUCTIVE PULMONARY DISEASE,Dyspnoea,0,0,0
63,61,2,1,LUNG NEOPLASM MALIGNANT,Incorrect route of drug administration,0,0,0
48,87.09,1,1,MIGRAINE,Asthenia,1,0,0
45,61.69,1,1,APHTHOUS STOMATITIS,Fatigue,0,0,0
62,83.9,1,9,,Angioedema,1,0,0
59,91,2,4,LOW DENSITY LIPOPROTEIN INCREASED,Type 2 diabetes mellitus,0,0,0
67,164.66,1,1,WEIGHT DECREASED,Back pain,0,0,0
58,61.24,2,1,NEUROPATHY PERIPHERAL,Nausea,0,0,0
59,68,2,2,LOW DENSITY LIPOPROTEIN INCREASED,Type 2 diabetes mellitus,0,0,0
63,65.77,2,1,PROPHYLAXIS OF NAUSEA AND VOMITING,Dizziness,0,0,0
23,65.32,2,1,,Abdominal pain upper,0,0,0
52,86,2,8,HEPATITIS C,Influenza like illness,0,0,0
58,102.06,1,1,UPPER RESPIRATORY TRACT INFECTION,Tendon rupture,1,0,0
29,72.64,2,1,POST COITAL CONTRACEPTION,Menstruation irregular,0,0,0
3,6,1,1,GASTROOESOPHAGEAL REFLUX DISEASE,Pyloric stenosis,1,0,0
47,53.5,2,25,RHEUMATOID ARTHRITIS,Pneumocystis jirovecii pneumonia,0,0,0
58,44.91,2,1,OSTEOPOROSIS,Incorrect drug administration duration,1,0,1
64,57.15,2,8,LUNG CANCER METASTATIC,Myalgia,0,0,0
33,49.9,2,3,SLEEP DISORDER,Vasoconstriction,0,0,0
36,88.45,0,1,CONTRACEPTION,Cholecystitis acute,1,0,0
34,77.23,2,14,BREAST CANCER,Breast cancer metastatic,1,1,0
66,65,2,4,,Myocardial infarction,0,1,0
66,76,1,14,HYPERTENSION,Rib fracture,1,0,0
33,190,2,2,EPILEPSY,Convulsion,0,0,0
60,52.3,2,13,,Neutrophil count decreased,1,0,0
8,23.63,1,2,,Affective disorder,0,0,0
63,80,1,4,BACK PAIN,Dysphonia,1,0,1
75,99,1,2,CARDIAC FAILURE CONGESTIVE,Renal failure acute,1,0,0
22,48.6,2,1,GAUCHER^S DISEASE,Maternal exposure during pregnancy,1,0,0
93,118.5,1,1,INFECTION,Renal failure acute,1,0,0
79,63.5,2,3,INSOMNIA,Off label use,0,0,0
43,99.32,2,4,LOW DENSITY LIPOPROTEIN INCREASED,Type 2 diabetes mellitus,0,0,0
62,79.5,2,5,CHRONIC OBSTRUCTIVE PULMONARY DISEASE,Headache,1,0,0
46,69.98,2,2,BLOOD CHOLESTEROL INCREASED,Type 2 diabetes mellitus,0,0,0
74,68.03,2,6,BLOOD CHOLESTEROL ABNORMAL,Type 2 diabetes mellitus,0,0,0
50,102.3,2,5,SEIZURE,Toxicity to various agents,0,0,0
57,55,1,1,HYPERTENSION,Mental status changes,1,0,0
50,55.3,2,2,RHEUMATOID ARTHRITIS,Conjunctivitis,0,0,0
73,75.6,1,11,RENAL CELL CARCINOMA,Atrial fibrillation,1,0,0
77,49.9,2,3,,Myelodysplastic syndrome,0,0,0
65,79.82,2,4,CARDIOVASCULAR EVENT PROPHYLAXIS,Type 2 diabetes mellitus,0,0,0
54,103,1,5,,Death,0,1,0
57,113,2,5,BLOOD CHOLESTEROL INCREASED,Type 2 diabetes mellitus,0,0,0
90,49.2,2,2,,Ascites,1,0,0
59,91,2,3,LOW DENSITY LIPOPROTEIN INCREASED,Type 2 diabetes mellitus,0,0,0
52,59,2,2,LOW DENSITY LIPOPROTEIN INCREASED,Type 2 diabetes mellitus,0,0,0
10,46.2,2,3,EWING^S SARCOMA,Dehydration,1,0,0
0,2.4,2,3,HIV INFECTION,Metabolic acidosis,0,1,0
50,52,2,6,HYPERPARATHYROIDISM SECONDARY,Respiratory distress,0,1,0
23,52.21,2,1,POST COITAL CONTRACEPTION,Drug ineffective,0,0,0
79,84.9,1,15,PLEURAL INFECTION,Pancytopenia,0,1,0
27,56.75,2,1,POST COITAL CONTRACEPTION,Menstruation irregular,0,0,0
83,66,2,9,,Vision blurred,0,0,0
64,54,1,8,THYROID NEOPLASM,Pyrexia,1,0,0
55,104,2,11,CARDIOVASCULAR EVENT PROPHYLAXIS,Type 2 diabetes mellitus,0,0,0
50,91.16,2,2,LOW DENSITY LIPOPROTEIN INCREASED,Type 2 diabetes mellitus,0,0,0
38,60,2,3,HIV INFECTION,Aplasia pure red cell,0,0,0
56,99,2,3,MALIGNANT MELANOMA,Basal cell carcinoma,0,0,0
78,57,2,2,MALIGNANT MELANOMA,Basal cell carcinoma,0,0,0
55,108.8,2,6,BLOOD CHOLESTEROL ABNORMAL,Type 2 diabetes mellitus,0,0,0
69,103,2,4,BLOOD CHOLESTEROL INCREASED,Type 2 diabetes mellitus,0,0,0
60,99,1,3,GLAUCOMA,Cataract,0,0,0
36,108.84,2,6,BLOOD CHOLESTEROL INCREASED,Type 2 diabetes mellitus,0,0,0
87,68,1,8,PRODUCT USED FOR UNKNOWN INDICATION,Drug interaction,1,1,0
29,99.79,1,1,MYCOSIS FUNGOIDES,Application site discolouration,0,0,0
17,29.48,2,1,MUSCLE SPASTICITY,Implant site erosion,0,0,0
59,62.14,2,1,MIGRAINE,Sciatica,0,0,0
45,78.46,,8,,Type 2 diabetes mellitus,0,0,0
56,81.6,2,3,LOW DENSITY LIPOPROTEIN INCREASED,Type 2 diabetes mellitus,0,0,0
63,56.69,2,4,CARDIOVASCULAR EVENT PROPHYLAXIS,Type 2 diabetes mellitus,0,0,0
9,28,1,2,AUTISM,Aggression,0,0,0
56,83.9,2,4,LOW DENSITY LIPOPROTEIN INCREASED,Visual impairment,0,0,0
1,3,1,5,ANXIETY DISORDER,Neonatal respiratory distress syndrome,0,0,0
29,68.04,2,1,,Hypoglycaemia,0,0,0
85,68.48,1,3,PRODUCT USED FOR UNKNOWN INDICATION,Renal failure,0,1,0
76,90.72,2,1,,Unevaluable event,1,0,0
1007,70,2,7,HYPERTENSION,Cerebrovascular accident,1,0,0
64,73.16,,11,,Type 2 diabetes mellitus,0,0,0
64,107.3,1,1,MALIGNANT MELANOMA,Lipase increased,1,0,0
72,62.1,2,3,SUPRAVENTRICULAR TACHYCARDIA,Oesophageal pain,0,0,0
44,101.58,2,3,RHEUMATOID ARTHRITIS,Back disorder,1,0,0
35,60.84,2,2,CONTRACEPTION,Pelvic pain,0,0,0
52,85,1,6,MULTIPLE SCLEROSIS,Epilepsy,1,0,0
61,95.24,2,4,CARDIOVASCULAR EVENT PROPHYLAXIS,Type 2 diabetes mellitus,0,0,0
79,67.13,2,1,NEUROPATHY PERIPHERAL,Rash,0,0,0
49,49.89,2,172,,Type 2 diabetes mellitus,0,0,0
72,72,2,4,CARDIOVASCULAR EVENT PROPHYLAXIS,Type 2 diabetes mellitus,0,0,0
48,64,2,5,CARDIOVASCULAR EVENT PROPHYLAXIS,Type 2 diabetes mellitus,0,0,0
35,95.69,2,3,CARDIOVASCULAR EVENT PROPHYLAXIS,Type 2 diabetes mellitus,0,0,0
77,70,2,4,OVARIAN CANCER,Anaphylactic shock,0,0,0
58,126.53,2,4,LOW DENSITY LIPOPROTEIN INCREASED,Type 2 diabetes mellitus,0,0,0
56,66.67,1,32,PANIC DISORDER,Pain,1,0,1
66,86.18,1,2,SURGERY,Rash,0,0,0
57,65,2,10,,Diarrhoea,0,0,0
72,69.85,2,1,HYPERTENSION,Joint swelling,0,0,0
57,50,2,5,PAIN,Diarrhoea,1,0,0
70,131.07,1,7,BACK PAIN,Hypersensitivity,0,0,0
49,64,2,4,PRODUCT USED FOR UNKNOWN INDICATION,Acquired claw toe,1,0,0
70,61.24,2,1,BLOOD CHOLESTEROL INCREASED,Cardiac fibrillation,0,0,0
70,65,2,15,EYE PAIN,Pulmonary embolism,1,0,0
66,72.3,2,3,STAPHYLOCOCCAL INFECTION,Neutropenia,0,0,0
46,81.63,,2,LOW DENSITY LIPOPROTEIN INCREASED,Type 2 diabetes mellitus,0,0,0
39,66.74,2,1,CONTRACEPTION,Device expulsion,0,0,0
67,57,2,21,HYPERPARATHYROIDISM SECONDARY,Shunt stenosis,1,0,0
18,70.76,1,1,ARTERIOVENOUS FISTULA OPERATION,Blister,0,0,0
52,57.15,2,1,ROSACEA,Burning sensation,0,0,0
49,106,1,1,COUGH,Tubulointerstitial nephritis,0,0,0
73,60,2,4,BREAST CANCER,Febrile neutropenia,1,0,0
42,127,1,6,BLOOD TESTOSTERONE DECREASED,Cellulitis,1,0,0
67,69.9,2,20,SUPRAVENTRICULAR EXTRASYSTOLES,General symptom,0,0,0
33,132.9,1,1,DEPRESSION,Vomiting,0,0,0
47,59,2,3,MIGRAINE,Hypothalamo-pituitary disorder,0,0,1
70,75,1,4,HYPERURICAEMIA,Duodenal ulcer haemorrhage,0,0,0
17,61.29,2,1,POST COITAL CONTRACEPTION,Menstruation irregular,0,0,0
59,92.7,2,3,ACUTE MYELOID LEUKAEMIA,Febrile neutropenia,1,0,0
80,36.5,2,6,TYPE 2 DIABETES MELLITUS,Hyperglycaemia,1,0,0
31,81.72,1,2,COLITIS ULCERATIVE,Crohn^s disease,0,0,0
24,65.83,2,1,CONTRACEPTION,Device expulsion,0,0,0
72,85,1,14,,Right ventricular failure,1,1,0
24,50,2,2,CROHN^S DISEASE,Cyst,0,0,0
59,63.49,2,7,DIABETIC NEUROPATHY,Cardiac disorder,1,0,0
66,68.03,2,2,DEPRESSION,Fall,0,0,0
64,69,1,14,,Weight increased,1,0,0
74,84,2,9,OESOPHAGEAL ACHALASIA,Cardiac arrest,1,0,0
66,87.75,2,7,NOCTURIA,Drug ineffective,0,0,0
62,108.96,2,10,RHEUMATOID ARTHRITIS,Intervertebral disc protrusion,0,0,0
67,70.37,2,8,PSORIASIS,Exercise electrocardiogram abnormal,0,0,0
64,71.73,1,5,TENDONITIS,Local swelling,1,0,0
69,60,1,12,CHRONIC LYMPHOCYTIC LEUKAEMIA,Pancytopenia,1,0,0
71,102,1,5,PLASMA CELL MYELOMA,Vision blurred,0,0,0
59,78,1,3,PSORIASIS,Productive cough,1,0,0
38,54,2,2,CROHN^S DISEASE,Fistula,1,0,0
62,88.4,1,3,,VIth nerve paralysis,0,0,0
1,10,1,4,INFANTILE SPASMS,Convulsion,0,0,0
57,64,2,27,INSOMNIA,Subileus,1,0,0
71,75.6,1,14,BREAST CANCER,Suicidal ideation,1,0,0
75,38,2,11,PLASMA CELL MYELOMA,Oesophageal achalasia,1,0,0
4,.58,1,6,LUNG DISORDER,Cognitive disorder,0,0,1
78,75,2,14,ACUTE MYELOID LEUKAEMIA,Hyponatraemia,0,0,0
23,69.4,2,1,ASTHMA,Tachycardia,0,0,0
82,70.9,1,1,ATRIAL FIBRILLATION,Oxygen saturation decreased,1,0,0
63,85.5,1,1,HYPERTENSION,Hyponatraemia,1,0,0
61,59.1,1,1,PLASMA CELL MYELOMA,Blood creatinine increased,0,0,0
41,44,2,7,,Choking sensation,1,0,0
77,63.9,1,25,PLASMA CELL MYELOMA,Gastrointestinal haemorrhage,1,0,0
38,104.31,,3,BLOOD CHOLESTEROL,Restless legs syndrome,0,0,0
57,82,2,10,HYPERTENSION,Pain in extremity,0,0,0
71,60,1,3,HYPERLIPIDAEMIA,Rhabdomyolysis,1,0,0
72,52,2,3,LOW DENSITY LIPOPROTEIN INCREASED,Type 2 diabetes mellitus,0,0,0
42,78,2,2,DEPRESSION,Muscle twitching,0,0,1
16,47.67,2,2,ASTHMA EXERCISE INDUCED,Rash erythematous,0,0,0
81,57.66,1,1,PRODUCT USED FOR UNKNOWN INDICATION,Death,0,1,0
68,63,2,12,,Pain in extremity,0,0,0
83,84,1,1,CHRONIC OBSTRUCTIVE PULMONARY DISEASE,Drug ineffective,0,0,0
74,48.53,2,8,INCONTINENCE,Application site erythema,0,0,0
5,80,2,2,DEPRESSION,Acute hepatic failure,1,0,0
43,72.12,1,6,,Platelet count decreased,1,0,0
69,54,2,4,,Urinary incontinence,0,0,0
59,100,1,6,HYPERCHOLESTEROLAEMIA,Myalgia,0,0,0
35,62,2,7,PRODUCT USED FOR UNKNOWN INDICATION,Dystonia,1,0,0
19,50,2,4,DEPRESSION,Self-injurious ideation,0,0,0
17,60.3,2,1,,Paraesthesia,1,0,0
66,62.6,2,5,CARDIOMYOPATHY,Heart rate increased,0,0,0
72,57.18,1,5,,Malaise,0,0,0
33,100,1,2,HEPATITIS C,Dyspnoea,1,0,0
16,90.8,2,1,POST COITAL CONTRACEPTION,Diarrhoea,0,0,0
49,63.56,2,11,PSORIASIS,Intussusception,1,0,0
21,63.56,2,1,POST COITAL CONTRACEPTION,Gastrooesophageal reflux disease,0,0,0
33,63.56,2,2,POST COITAL CONTRACEPTION,Back pain,0,0,0
3,18.3,2,1,PHARYNGITIS,Diarrhoea,0,0,0
18,65.83,2,3,POST COITAL CONTRACEPTION,Pelvic pain,0,0,0
20,77.18,2,1,POST COITAL CONTRACEPTION,Pelvic pain,0,0,0
21,46.31,2,1,POST COITAL CONTRACEPTION,Vomiting,0,0,0
84,53,2,3,DEMENTIA ALZHEIMER^S TYPE,Neutrophil count decreased,1,0,0
56,86.26,2,4,PAIN,Foot fracture,0,0,0
38,65.83,2,2,NARCOLEPSY,Drug effect increased,0,0,0
54,81.64,2,2,HYPERCHOLESTEROLAEMIA,Pain in extremity,1,0,1
48,58,2,8,HEPATITIS C,Transaminases increased,0,0,0
89,66,1,9,APLASIA PURE RED CELL,Sciatica,1,0,0
53,45,1,31,PROPHYLAXIS,Pulmonary embolism,1,1,0
76,85.71,2,2,NEUROPATHY PERIPHERAL,Pain,0,0,0
84,55,2,13,MYELODYSPLASTIC SYNDROME,Hyponatraemia,0,0,0
41,108.84,2,4,DIABETIC NEUROPATHY,Blindness,0,0,0
77,54,1,2,ARTERIOSCLEROSIS,Carotid artery occlusion,0,0,0
61,77,2,3,,Drug ineffective,0,0,0
55,93,1,2,DEPRESSION,Pharyngeal oedema,0,0,0
40,42.5,2,5,SMOKING CESSATION THERAPY,Dizziness,0,0,0
58,62,1,4,,Retinal haemorrhage,0,0,0
62,66,1,2,DEPRESSION,Cardiac disorder,0,0,0
77,64,2,5,,Eye pain,0,0,0
68,88.9,1,8,HYPERTENSION,Cough,0,0,0
58,58,2,2,DYSLIPIDAEMIA,Arthralgia,0,0,1
52,48.53,2,3,NEURALGIA,Drug ineffective,0,0,0
7,16.5,2,3,BODY HEIGHT BELOW NORMAL,Pyrexia,0,0,0
70,79.37,1,1,SLEEP DISORDER,Poor quality drug administered,0,0,0
50,82.55,0,3,,Oral pain,0,0,1
70,58.05,2,5,BLOOD CHOLESTEROL INCREASED,Aura,0,0,0
42,81.63,2,2,HEADACHE,Swelling face,0,0,0
87,47,2,1,NEURALGIA,Incorrect dose administered,0,0,0
71,59.87,2,15,ATRIAL FIBRILLATION,Gastrointestinal haemorrhage,1,0,0
55,90.8,2,7,RHEUMATOID ARTHRITIS,Rheumatoid arthritis,0,0,0
58,79,1,6,ATRIAL FIBRILLATION,Transient ischaemic attack,1,0,0
50,63,2,4,RHEUMATOID ARTHRITIS,Ovarian germ cell teratoma benign,1,0,0
73,28,2,1,ATRIAL FIBRILLATION,Dyspnoea,1,0,0
21,68.1,2,1,POST COITAL CONTRACEPTION,Menstruation irregular,0,0,0
30,88.9,2,7,ABDOMINAL PAIN,Transient ischaemic attack,1,0,0
69,96,1,5,ATRIAL FIBRILLATION,Urge incontinence,0,0,0
52,64,2,5,CHRONIC GASTRITIS,Alopecia,0,0,1
68,81.18,1,29,PRODUCT USED FOR UNKNOWN INDICATION,Renin decreased,1,0,0
19,59.02,2,1,POST COITAL CONTRACEPTION,Menstruation irregular,0,0,0
51,77.55,1,3,DIABETIC NEUROPATHY,Coronary artery occlusion,0,0,0
60,74.83,2,4,MAJOR DEPRESSION,Breast cancer female,0,0,0
66,136,2,2,DYSPEPSIA,Drug ineffective,0,0,0
66,65,2,4,PAIN,Myocardial infarction,0,1,0
85,83,2,11,BREAST CANCER,Pulmonary embolism,1,0,0
66,70.5,2,7,,Palpitations,1,0,0
85,58.9,2,13,LYMPHOCYTIC LYMPHOMA,Vitreous haemorrhage,1,0,0
63,74,2,2,THROMBOSIS PROPHYLAXIS,Necrotising colitis,0,0,0
28,54.48,2,2,POST COITAL CONTRACEPTION,Pregnancy after post coital contraception,0,0,0
64,76.64,1,2,ANORECTAL DISCOMFORT,Rectal haemorrhage,0,0,0
37,59.02,2,1,POST COITAL CONTRACEPTION,Menstruation irregular,0,0,0
36,66.22,1,1,ORAL CANDIDIASIS,Vomiting,0,0,0
68,85,1,4,RECTAL CANCER,Neutropenia,0,0,0
32,68.1,2,3,POST COITAL CONTRACEPTION,Menstruation irregular,0,0,0
70,99,1,4,RECTAL CANCER,Neutropenia,0,0,0
71,120,1,6,HYPERTENSION,Bone marrow oedema syndrome,0,0,0
70,84,2,1,CHRONIC OBSTRUCTIVE PULMONARY DISEASE,Incorrect route of drug administration,0,0,0
80,65.31,2,6,FIBROMYALGIA,Weight increased,0,0,0
78,99.77,1,2,NEURALGIA,Diarrhoea,0,0,0
63,88.89,2,19,,Arthralgia,0,0,0
32,82.8,1,4,,Toxicity to various agents,0,1,0
86,47,2,1,MANTLE CELL LYMPHOMA,Confusional state,1,0,0
44,58,2,2,COMPLEX PARTIAL SEIZURES,Mania,1,0,0
55,105,1,7,RHEUMATOID ARTHRITIS,Connective tissue disorder,0,0,0
64,71.5,1,7,PROPHYLAXIS,Lower respiratory tract infection,1,0,0
58,113,1,1,SPINAL DISORDER,Abasia,0,0,0
63,68.2,2,3,PULMONARY ARTERIAL HYPERTENSION,Pulmonary hypertension,1,0,0
16,67.57,2,2,,Device difficult to use,0,0,0
53,95.34,2,12,RHEUMATOID ARTHRITIS,Chest X-ray abnormal,0,0,0
77,95.34,2,8,RHEUMATOID ARTHRITIS,Fatigue,1,0,0
78,76.5,1,3,RENAL CELL CARCINOMA,Pneumonia fungal,1,0,0
89,76,1,1,EMPHYSEMA,Incorrect route of drug administration,0,0,0
47,61,1,9,HIV INFECTION,Metabolic acidosis,1,0,0
54,88.44,2,6,HYPERTONIC BLADDER,Incorrect drug administration duration,0,0,0
57,104,1,1,HYPERSENSITIVITY,Hypersensitivity,0,0,0
66,70.3,2,2,HYPERSENSITIVITY,Headache,0,0,0
83,79,2,10,NASAL CONGESTION,Heart rate increased,0,0,0
82,77,1,1,NASAL CONGESTION,Paraesthesia,0,0,0
44,40.8,1,4,HIV INFECTION,Death,1,1,0
30,53.2,1,11,,Anal fistula,1,0,0
76,68.12,1,15,PROSTATE CANCER,Anaemia,0,0,1
60,49.43,2,7,MALIGNANT MELANOMA,Discomfort,0,0,0
67,82,2,3,MALIGNANT MELANOMA,Rash erythematous,0,0,0
87,65.83,2,4,BRONCHIECTASIS,Muscle spasms,0,0,0
45,86,2,5,RHEUMATOID ARTHRITIS,Arthralgia,1,0,0
50,124,1,14,PRODUCT USED FOR UNKNOWN INDICATION,Polyuria,1,0,0
51,49.8,1,12,,Sepsis,1,0,0
52,84.8,2,10,,Intracranial aneurysm,1,0,0
47,82,1,2,CHRONIC MYELOID LEUKAEMIA,Intervertebral disc protrusion,0,0,0
48,56,2,20,NAUSEA,Pneumonia,1,0,0
49,50,2,4,RHEUMATOID ARTHRITIS,Pterygium,0,0,0
44,98.06,2,1,BREAST CANCER FEMALE,Death,0,1,0
28,66,2,3,BREAST CANCER,Hypersensitivity,0,0,0
70,59.41,1,5,PARKINSON^S DISEASE,Loss of consciousness,1,0,0
48,54,2,4,INFECTION,Drug ineffective,0,0,0
68,71.66,2,18,PRODUCT USED FOR UNKNOWN INDICATION,Rheumatoid arthritis,0,0,0
66,168,1,44,MALIGNANT MELANOMA,Necrotising fasciitis,1,0,0
17,56.23,2,2,CONTRACEPTION,Malaise,0,0,0
68,63,2,12,PRODUCT USED FOR UNKNOWN INDICATION,Pain in extremity,0,0,0
56,59,1,2,CROHN^S DISEASE,Dental discomfort,0,0,0
49,52,2,1,ASTHMA,Off label use,0,0,0
41,56,2,11,PROPHYLAXIS AGAINST TRANSPLANT REJECTION,Cytomegalovirus colitis,1,0,0
31,55,2,2,MENSTRUATION IRREGULAR,Neck pain,1,0,0
58,87,2,2,PSORIATIC ARTHROPATHY,Injection site extravasation,0,0,0
62,55,2,9,ARTHRITIS,Cerebral haemorrhage,0,1,0
69,54,2,5,,Urinary incontinence,0,0,0
56,80,1,10,,Back pain,1,0,0
9,31.69,1,4,SILVER-RUSSELL SYNDROME,Growth retardation,0,0,0
47,47,2,8,NEPHROGENIC ANAEMIA,Tonic convulsion,0,0,0
49,44,2,8,,Drug reaction with eosinophilia and systemic symptoms,1,0,0
61,90.7,1,2,ERECTILE DYSFUNCTION,Prostate cancer,0,0,0
66,50.39,1,9,MALIGNANT MELANOMA,Rash,0,0,0
33,59,2,3,MULTIPLE SCLEROSIS,Abortion spontaneous,0,0,0
57,84,1,8,MULTIPLE SCLEROSIS,Mobility decreased,0,0,0
74,77,1,17,,Pruritus,0,0,0
54,81.64,2,2,HYPERCHOLESTEROLAEMIA,Hypoaesthesia,1,0,1
76,45,2,16,COLON CANCER,Muscular weakness,1,0,0
57,58,2,1,BREAST CANCER,Pulmonary mass,0,0,0
56,92,1,1,PSORIASIS,Cardiovascular disorder,0,0,0
58,73.47,1,1,RHEUMATOID ARTHRITIS,Actinic keratosis,0,0,1
36,70,1,2,WEIGHT DECREASED,Erythema,1,0,0
40,98,1,2,PRODUCT USED FOR UNKNOWN INDICATION,Vasospasm,0,0,0
85,100,1,1,CHRONIC OBSTRUCTIVE PULMONARY DISEASE,Incorrect route of drug administration,0,0,0
46,75,1,2,PRODUCT USED FOR UNKNOWN INDICATION,Erythema,1,0,0
63,97,1,4,HYPERCHOLESTEROLAEMIA,Pain in extremity,0,0,0
55,66,2,4,RHEUMATOID ARTHRITIS,Rheumatoid arthritis,1,0,0
47,54,2,1,MALIGNANT MELANOMA,Colitis,1,0,0
60,51,1,11,NEPHROGENIC ANAEMIA,Renal artery stenosis,1,0,0
51,81,1,1,CHRONIC OBSTRUCTIVE PULMONARY DISEASE,Drug effect decreased,0,0,0
61,75,1,3,HEPATITIS C,Pulmonary embolism,0,0,0
6,7.71,1,1,TEETHING,Infantile spasms,1,0,0
42,106.8,2,2,PULMONARY HYPERTENSION,Device related infection,1,0,0
50,61.69,2,6,BOWEL PREPARATION,Loss of consciousness,1,0,0
22,111.5,2,2,CONTRACEPTION,Device difficult to use,0,0,0
55,105,1,1,EPILEPSY,Polyp,1,0,0
53,72.12,1,5,CHRONIC OBSTRUCTIVE PULMONARY DISEASE,Drug ineffective,1,0,0
77,74,1,4,RHEUMATOID ARTHRITIS,Respiratory failure,1,1,0
44,90.72,1,2,ROSACEA,Flushing,0,0,0
11,45.81,1,1,ATTENTION DEFICIT/HYPERACTIVITY DISORDER,Personality change,0,0,0
69,109.32,1,1,BENIGN PROSTATIC HYPERPLASIA,Therapeutic response decreased,0,0,0
58,87.54,1,2,HYPOGONADISM,Libido decreased,0,0,0
61,93,1,5,NERVOUSNESS,Cerebrovascular accident,0,0,0
60,72.58,2,2,DEPRESSION,Product substitution issue,0,0,0
52,54,1,3,HUNTINGTON^S DISEASE,Suicide attempt,0,0,0
80,73,1,10,PLASMA CELL MYELOMA,Rash,1,0,0
59,83.92,1,2,SPINAL OSTEOARTHRITIS,Headache,0,0,0
47,163.3,1,1,ATTENTION DEFICIT/HYPERACTIVITY DISORDER,Lethargy,0,0,1
68,67.6,2,1,PSORIASIS,Local swelling,0,0,0
66,97.07,2,1,FLUID RETENTION,Weight increased,0,0,0
70,74,1,12,,Urinary tract infection,1,0,0
64,69.5,2,27,INSOMNIA,Intentional drug misuse,1,0,0
34,56.7,2,1,,Chest discomfort,0,0,0
72,73,1,10,ATRIAL FIBRILLATION,Syncope,0,0,0
57,74.84,2,1,NASAL CONGESTION,Rash,0,0,0
35,48.54,2,6,BREAKTHROUGH PAIN,Drug ineffective,0,0,0
32,87.09,1,2,MALNUTRITION,Tension headache,0,0,1
37,62.59,2,4,BACK PAIN,Skin exfoliation,0,0,0
45,74.84,2,5,BLOOD CHOLESTEROL INCREASED,Flushing,0,0,0
78,107,1,8,PLASMA CELL MYELOMA,Syncope,0,1,0
28,60,2,2,RHEUMATOID ARTHRITIS,Rash,0,0,0
45,102.4,2,8,PRODUCT USED FOR UNKNOWN INDICATION,Pneumonia,0,0,0
50,64,2,8,LYMPHOMA,Anaemia,1,0,0
55,124.74,1,4,BLOOD TESTOSTERONE DECREASED,Pain in extremity,0,0,1
64,55.34,2,7,COLONOSCOPY,Diverticulum,0,0,0
59,69.85,2,7,BREAST CANCER,Age-related macular degeneration,0,0,1
67,53.06,2,5,RHEUMATOID ARTHRITIS,Colitis,0,0,0
57,90.72,2,1,BLOOD CHOLESTEROL INCREASED,Blood pressure increased,0,0,1
79,92,2,9,GOUT,Rash maculo-papular,1,0,0
68,104,1,1,CHRONIC OBSTRUCTIVE PULMONARY DISEASE,Incorrect route of drug administration,0,0,0
71,88,2,13,NASOPHARYNGITIS,Ageusia,0,0,0
31,68.04,2,1,CROHN^S DISEASE,Guillain-Barre syndrome,1,0,1
37,97.52,2,5,FIBROMYALGIA,Vertigo,0,0,0
10,8.3,1,11,,Venoocclusive liver disease,1,0,0
48,56.7,2,1,,Breast cancer female,1,0,0
72,53.52,2,1,CEREBROVASCULAR ACCIDENT,Arterial rupture,0,0,0
79,92,2,1,ATRIAL FIBRILLATION,Thyroid disorder,0,0,0
15,48.52,2,3,CONTRACEPTION,Device deployment issue,0,0,0
484,86,1,1,HYPERCHOLESTEROLAEMIA,Rectal haemorrhage,0,0,0
42,63.5,2,1,URINARY TRACT INFECTION,Rash,0,0,0
53,50,2,16,BREAST CANCER METASTATIC,Cardiac failure,0,0,0
43,57.15,2,1,INFECTIOUS THYROIDITIS,Stevens-Johnson syndrome,1,0,0
58,56.25,2,3,BLADDER NECK OBSTRUCTION,Vulvovaginal burning sensation,0,0,0
25,67,2,1,Product used for unknown indication,Overdose,1,2,2
60,74,2,6,RHEUMATOID ARTHRITIS,Pneumonia,0,0,0
48,49,2,1,Product used for unknown indication,Haemorrhage intracranial,1,1,2
20,54,2,1,Product used for unknown indication,Overdose,1,2,2
37,60,2,1,Product used for unknown indication,Overdose,1,2,2
25,58,2,1,Product used for unknown indication,Overdose,1,2,2
41,65,2,1,PRODUCT USED FOR UNKNOWN INDICATION,Overdose,1,1,0
39,55,2,1,PRODUCT USED FOR UNKNOWN INDICATION,Overdose,1,0,0
29,90,1,1,PRODUCT USED FOR UNKNOWN INDICATION,Overdose,1,1,0
18,60,2,1,Product used for unknown indication,Overdose,1,2,2
19,50,2,1,PRODUCT USED FOR UNKNOWN INDICATION,Overdose,1,0,0
34,58,1,1,PRODUCT USED FOR UNKNOWN INDICATION,Overdose,1,0,0
29,90,1,1,PRODUCT USED FOR UNKNOWN INDICATION,Overdose,1,0,0
50,65,1,1,PRODUCT USED FOR UNKNOWN INDICATION,Overdose,1,1,0
38,70,2,1,PRODUCT USED FOR UNKNOWN INDICATION,Sepsis,1,1,0
35,75,1,1,PRODUCT USED FOR UNKNOWN INDICATION,Overdose,1,0,0
37,60,2,1,PRODUCT USED FOR UNKNOWN INDICATION,Overdose,1,0,0
22,56,1,1,PRODUCT USED FOR UNKNOWN INDICATION,Overdose,1,1,0
41,71,1,1,PRODUCT USED FOR UNKNOWN INDICATION,Overdose,1,0,0
51,109.3,1,1,POSTOPERATIVE ANALGESIA,Pain,1,0,0
16,63.56,2,1,POST COITAL CONTRACEPTION,Menstruation irregular,0,0,0
64,94.35,1,2,SCHIZOAFFECTIVE DISORDER,Therapeutic response decreased,0,0,0
46,60,2,7,CROHN^S DISEASE,Pneumococcal sepsis,1,0,0
50,58,1,1,CROHN^S DISEASE,Post procedural complication,1,1,0
9,31.6,1,7,OPPOSITIONAL DEFIANT DISORDER,Pancytopenia,1,0,0
15,38.2,2,9,,Malnutrition,1,0,0
53,65,2,2,ANKYLOSING SPONDYLITIS,Prurigo,0,0,0
24,65,2,1,PRODUCT USED FOR UNKNOWN INDICATION,Overdose,1,0,0
29,70,1,1,PRODUCT USED FOR UNKNOWN INDICATION,Overdose,1,1,0
19,75,2,1,PRODUCT USED FOR UNKNOWN INDICATION,Overdose,1,1,0
32,70,2,1,PRODUCT USED FOR UNKNOWN INDICATION,Overdose,1,0,0
32,70,1,1,PRODUCT USED FOR UNKNOWN INDICATION,Overdose,1,0,0
75,73,2,1,CHRONIC OBSTRUCTIVE PULMONARY DISEASE,Incorrect route of drug administration,0,0,0
34,90,1,1,PRODUCT USED FOR UNKNOWN INDICATION,Overdose,1,0,0
58,129.39,1,8,BREAKTHROUGH PAIN,Aphthous stomatitis,0,0,0
68,177,2,3,THROMBOSIS PROPHYLAXIS,Haemoglobin decreased,1,0,0
59,54.43,2,1,PAIN,Drug prescribing error,0,0,0
53,63,1,14,PSORIATIC ARTHROPATHY,Hepatic function abnormal,0,0,0
35,52,2,5,RHEUMATIC DISORDER,Congestive cardiomyopathy,1,0,0
58,86.18,2,8,HYPOTENSION,Dizziness,0,0,0
26,90.72,2,1,CONTRACEPTION,Nausea,0,0,0
79,68,2,2,HYPERTENSION,Bloody discharge,0,0,0
37,66.67,2,1,BACK PAIN,Lip swelling,0,0,0
57,77.11,1,1,BLOOD TESTOSTERONE DECREASED,Cerebrovascular accident,1,0,0
88,47,2,12,INTERMITTENT CLAUDICATION,Gait disturbance,1,0,0
31,75,2,2,ADRENAL GLAND CANCER,Ejection fraction decreased,0,0,0
87,60,2,14,FUNGAL INFECTION,Hepatitis,0,0,0
40,62.6,2,2,SINUSITIS,Skin disorder,0,0,0
61,106.58,1,3,ANTICOAGULANT THERAPY,Haematoma,1,0,0
35,68,2,3,DIABETES MELLITUS,No therapeutic response,0,0,0
21,58,2,1,CONTRACEPTION,Menorrhagia,1,0,1
75,60.3,2,5,RHEUMATOID ARTHRITIS,Colon cancer stage II,1,0,0
13,68.04,2,1,ATTENTION DEFICIT/HYPERACTIVITY DISORDER,Depression,0,0,0
64,128,2,2,ASTHMA,Hypoaesthesia,0,0,1
53,114.76,2,1,DRUG THERAPY,Rash,0,0,0
40,99.78,1,3,DEPRESSION,Night blindness,0,0,1
79,77.98,1,3,DIARRHOEA,Hypotension,0,0,0
61,68.04,0,1,BRONCHITIS,Migraine,0,0,0
62,54.43,2,9,ORAL CANDIDIASIS,Colitis,1,0,0
80,70,1,1,,Anaemia,1,0,0
31,88.89,2,7,HYPERTRICHOSIS,Moaning,1,1,0
48,51.7,2,4,,Deep vein thrombosis,0,0,0
22,90.7,2,3,,Pulmonary embolism,1,0,0
28,54.42,2,13,,Deep vein thrombosis,0,0,0
64,88.5,2,2,LIPIDS INCREASED,Multiple fractures,0,0,0
477,60.5,2,6,BIPOLAR DISORDER,Pulmonary embolism,1,0,1
33,52.16,2,3,SLEEP DISORDER,Alopecia,0,0,0
31,101.61,2,1,COUGH,Hypersensitivity,0,0,0
60,83.92,2,45,DIABETES MELLITUS,Blood pressure increased,0,0,1
24,90,2,1,IRON DEFICIENCY,Dyspnoea,0,0,0
56,63.95,2,6,POLLAKIURIA,Dizziness,0,0,0
73,48.98,2,4,HYPERTONIC BLADDER,Blister,0,0,0
26,100.7,1,5,PULMONARY EMBOLISM,Deep vein thrombosis,1,0,0
73,61.24,2,5,HYPERTENSION,Lip swelling,0,0,0
81,73,2,10,CHRONIC OBSTRUCTIVE PULMONARY DISEASE,Burns third degree,0,0,0
81,65.77,2,6,INFLUENZA,Blindness,0,0,0
53,74,2,2,COLITIS ULCERATIVE,Loss of consciousness,0,0,0
50,55,2,1,CROHN^S DISEASE,Benign neoplasm,0,0,0
63,124.5,2,1,CROHN^S DISEASE,Pulmonary embolism,1,0,0
17,99.77,2,1,,Pulmonary embolism,1,0,0
58,94,2,3,HYPERTENSION,Hypertension,0,0,0
77,88.45,2,9,GASTROOESOPHAGEAL REFLUX DISEASE,Gastritis,1,0,0
65,87.09,2,8,DYSPNOEA,Tremor,0,0,0
7,8.16,1,3,EXPOSURE DURING BREAST FEEDING,Overdose,0,1,0
69,59.42,2,1,UPPER RESPIRATORY TRACT INFECTION,Pruritus generalised,0,0,0
58,68.04,2,8,VULVOVAGINAL DRYNESS,Stevens-Johnson syndrome,0,0,0
5,80,2,2,DEPRESSION,Ventricular tachycardia,1,0,0
78,49,2,4,CLOSTRIDIUM DIFFICILE INFECTION,Peripheral artery thrombosis,0,0,0
57,70.31,2,11,MANIA,Loss of consciousness,1,0,0
71,61.24,2,9,GLAUCOMA,Intraocular pressure increased,0,0,0
61,74.8,2,15,CROHN^S DISEASE,Osteoporosis,0,0,0
68,65.77,2,2,BLOOD CHOLESTEROL,Tooth discolouration,0,0,0
60,91.6,1,1,SLEEP DISORDER,Suicidal ideation,0,0,0
18,37.2,2,14,APLASTIC ANAEMIA,Bone marrow failure,1,0,0
86,57.61,2,15,PROCEDURAL PAIN,Pruritus,0,0,0
76,87.1,1,5,SLEEP DISORDER,Lymphoma,0,0,0
56,89.8,2,4,BLOOD CHOLESTEROL INCREASED,Type 2 diabetes mellitus,0,0,0
61,79.37,2,3,CARDIOVASCULAR EVENT PROPHYLAXIS,Type 2 diabetes mellitus,0,0,0
44,73,2,14,HYPERTENSION,Type 2 diabetes mellitus,0,0,0
48,109,2,3,LOW DENSITY LIPOPROTEIN INCREASED,Type 2 diabetes mellitus,0,0,0
40,45.36,2,7,HYPOTHYROIDISM,Swelling,0,0,0
46,99,,4,BLOOD CHOLESTEROL INCREASED,Type 2 diabetes mellitus,0,0,0
68,82,2,3,GOUT,Type 2 diabetes mellitus,0,0,0
63,63,2,6,,Ataxia,1,0,0
57,54.43,2,6,BIPOLAR DISORDER,Crying,0,0,1
68,93,1,1,PRIMARY PROGRESSIVE MULTIPLE SCLEROSIS,Squamous cell carcinoma of skin,0,0,0
45,91,1,6,HEPATITIS C,Chest pain,1,0,0
65,61,1,11,PANCREATIC NEUROENDOCRINE TUMOUR,Interstitial lung disease,0,0,0
57,66,2,8,LOW DENSITY LIPOPROTEIN INCREASED,Type 2 diabetes mellitus,0,0,0
68,51,2,2,CARDIOVASCULAR EVENT PROPHYLAXIS,Type 2 diabetes mellitus,0,0,0
38,86.18,2,13,INFLAMMATION,Urticaria,0,0,0
37,90,1,3,HEPATITIS C,Leukopenia,0,0,0
64,80.7,2,12,,Type 2 diabetes mellitus,0,0,0
55,68.27,1,3,HEPATITIS C,Pneumonia,1,0,0
52,76,1,3,HEPATITIS C,Blister,0,0,0
48,54.43,2,6,URTICARIA,Injection site reaction,0,0,0
27,48,1,2,PARACOCCIDIOIDES INFECTION,Cardiotoxicity,0,0,0
22,99.79,2,1,HYPERTONIC BLADDER,Hypersensitivity,0,0,0
12,55,1,56,,Acute graft versus host disease,0,0,0
51,57,2,13,RENAL AND PANCREAS TRANSPLANT REJECTION,Pancreas transplant,0,0,0
71,45,2,17,,Upper respiratory tract infection,1,0,0
75,63.5,2,4,BLOOD CHOLESTEROL INCREASED,Fatigue,0,0,0
42,73,1,4,ACUTE MYELOID LEUKAEMIA,Posterior reversible encephalopathy syndrome,1,0,0
65,81.63,2,5,PRODUCT USED FOR UNKNOWN INDICATION,Product used for unknown indication,1,0,0
85,55,2,15,DEMENTIA ALZHEIMER^S TYPE,Hyperglycaemia,1,0,0
58,56.7,2,24,OSTEOPOROSIS,Stress fracture,1,0,0
58,78,1,7,NERVE BLOCK,Toxicity to various agents,0,0,0
521,115,1,45,PSYCHOTIC DISORDER,Tension,0,0,0
70,83.9,1,6,TYPE 2 DIABETES MELLITUS,Sepsis,1,0,0
69,47.17,2,6,INTRAOCULAR PRESSURE TEST,Skin discolouration,0,0,0
68,86,2,1,VULVOVAGINAL DRYNESS,Migraine,0,0,0
76,86.17,1,1,ANALGESIC THERAPY,Drug ineffective,0,0,0
77,50.79,2,3,BACK PAIN,Drug ineffective,0,0,0
72,58,2,2,BACK PAIN,Drug ineffective,0,0,0
55,63.49,1,1,BACK PAIN,Gastric disorder,0,0,0
80,63,2,1,MYALGIA,Abdominal pain upper,0,0,0
66,83.9,1,4,ANALGESIC THERAPY,Incorrect drug administration duration,0,0,0
89,57,2,2,HYPERTENSION,Incorrect dose administered,0,0,0
42,81.65,1,2,BLOOD CHOLESTEROL INCREASED,Rash generalised,0,0,0
44,81.65,2,5,ANXIETY,Alopecia,0,0,0
54,67.13,2,1,BLOOD CHOLESTEROL INCREASED,Drug effect decreased,0,0,0
73,102.06,1,1,BLOOD CHOLESTEROL,Hypersensitivity,0,0,0
66,39.01,1,4,BLOOD CHOLESTEROL INCREASED,Dizziness,0,0,0
47,75.7,2,1,TYPE 2 DIABETES MELLITUS,Epistaxis,1,0,0
10,26.6,2,16,PRODUCT USED FOR UNKNOWN INDICATION,Peritonitis bacterial,1,0,0
62,81,1,11,METASTASES TO BONE,Pancytopenia,1,0,0
21,131.54,1,1,NASOPHARYNGITIS,Anosmia,0,0,0
39,116,1,8,SCHIZOAFFECTIVE DISORDER,Fall,1,0,0
66,85,1,1,CHRONIC OBSTRUCTIVE PULMONARY DISEASE,Incorrect route of drug administration,0,0,0
53,45,2,15,,Weight increased,0,0,0
27,125.17,2,5,HORMONE THERAPY,Vulvovaginal pain,0,0,0
74,67.65,2,7,COLITIS ULCERATIVE,Hypotension,1,0,0
10,27.3,2,11,CYSTIC FIBROSIS,Renal failure acute,0,0,0
50,56.7,2,4,PANIC DISORDER WITH AGORAPHOBIA,Crying,0,0,0
44,81.63,2,10,MAJOR DEPRESSION,Fibromyalgia,0,0,0
89,73.92,2,11,INTRAOCULAR PRESSURE TEST,Drug ineffective,0,0,0
17,39.7,1,22,CYSTIC FIBROSIS,Infusion site reaction,0,0,0
29,84,1,3,,Death,0,1,0
51,131,1,19,NERVE INJURY,Dyspepsia,0,0,0
53,58.5,2,3,HORMONE REPLACEMENT THERAPY,Application site pruritus,0,0,0
58,79.37,2,1,MAJOR DEPRESSION,Panic attack,0,0,0
56,74.83,1,3,,Drug ineffective,0,0,0
55,71.2,2,2,PULMONARY ARTERIAL HYPERTENSION,Death,0,1,0
64,79.4,1,1,HYPERTENSION,Drug ineffective,0,0,0
56,39.46,2,1,GASTROOESOPHAGEAL REFLUX DISEASE,Hypersensitivity,0,0,0
37,74.83,1,1,SMOKING CESSATION THERAPY,Anxiety,0,0,0
38,113.38,1,2,ERECTILE DYSFUNCTION,Headache,0,0,0
10,29.48,1,1,ATTENTION DEFICIT/HYPERACTIVITY DISORDER,Convulsion,0,0,0
66,92.97,1,2,PAIN,Tremor,0,0,0
44,64.9,2,4,BACK PAIN,Hypersensitivity,0,0,0
72,77,1,14,INSOMNIA,Somnolence,0,0,0
8,62,2,1,MENOPAUSAL SYMPTOMS,Dry skin,0,0,0
54,79.37,1,2,ERECTILE DYSFUNCTION,Drug ineffective,0,0,0
48,81.63,2,2,NEUROPATHY PERIPHERAL,Drug intolerance,0,0,0
61,102.06,2,7,BIPOLAR DISORDER,Injection site pain,0,0,0
45,45.35,2,1,ANTIFUNGAL TREATMENT,Liver function test abnormal,0,0,0
69,122.45,2,4,BLOOD CHOLESTEROL INCREASED,Muscle spasms,0,0,0
39,80,2,1,HIGH DENSITY LIPOPROTEIN NORMAL,Migraine,0,0,0
66,99.77,1,3,BLOOD CHOLESTEROL ABNORMAL,Fatigue,0,0,0
62,73,1,5,SMOKING CESSATION THERAPY,Nasopharyngitis,0,0,0
66,70.3,2,3,SMOKING CESSATION THERAPY,Malaise,0,0,0
77,59.86,2,25,URINARY INCONTINENCE,Heat stroke,1,0,0
55,86.17,2,6,BURNING SENSATION,Drug ineffective,0,0,0
55,83.9,1,5,,Choking,0,0,0
62,73.92,1,9,,Glossodynia,0,0,0
71,92.5,1,1,ATRIAL FIBRILLATION,Fall,1,0,0
24,86,1,1,RELAPSING-REMITTING MULTIPLE SCLEROSIS,Fatigue,1,0,0
60,99.77,1,2,ERECTILE DYSFUNCTION,Cataract,0,0,0
11423,57,2,3,ANAESTHESIA,Muscular weakness,1,0,0
28,80.27,1,3,MOOD ALTERED,Drug ineffective for unapproved indication,0,0,0
42,49.89,2,1,BLOOD CHOLESTEROL INCREASED,Myalgia,0,0,0
27,90.1,1,2,CELLULITIS,Anaphylactic reaction,1,0,0
82,63.49,2,1,INCONTINENCE,Drug ineffective,0,0,0
61,72,2,2,BREAST CANCER METASTATIC,Abdominal pain upper,1,0,0
9,24.1,1,9,INFLAMMATORY BOWEL DISEASE,Large intestinal stenosis,1,0,0
40,78,1,4,COLITIS ULCERATIVE,Abdominal pain,1,0,0
66,104.31,1,3,CRYPTOGENIC CIRRHOSIS,Fluid overload,1,0,0
61,72,2,4,BREAST CANCER METASTATIC,Abdominal pain,1,0,0
73,84,1,1,PANCREATIC NEUROENDOCRINE TUMOUR,Hypercalcaemia,1,0,0
56,100,2,33,,Neuropathy peripheral,1,0,1
64,73,2,4,LOW DENSITY LIPOPROTEIN INCREASED,Type 2 diabetes mellitus,0,0,0
58,47.17,2,3,PAIN,Intervertebral disc protrusion,0,0,0
58,47.17,2,3,PAIN,Pain,0,0,0
69,77.1,2,5,TYPE 2 DIABETES MELLITUS,Syncope,0,0,0
69,45,1,3,,Pulmonary embolism,1,1,0
48,77.11,2,4,ARTHRALGIA,Weight increased,0,0,0
69,101.13,1,3,TYPE 2 DIABETES MELLITUS,Pancreatic carcinoma metastatic,1,1,0
55,50,2,5,LOW DENSITY LIPOPROTEIN INCREASED,Type 2 diabetes mellitus,0,0,0
82,48,2,2,ISCHAEMIC STROKE,Clavicle fracture,1,1,0
8,21.8,2,10,AMINO ACID METABOLISM DISORDER,Cerebral haemorrhage,0,1,0
67,129.7,2,1,ATRIAL FIBRILLATION,Faeces discoloured,1,0,0
47,86.17,2,2,HYPERCHOLESTEROLAEMIA,Type 2 diabetes mellitus,0,0,0
46,86,2,2,LOW DENSITY LIPOPROTEIN INCREASED,Type 2 diabetes mellitus,0,0,0
79,68.2,2,1,ARRHYTHMIA,Hallucination,1,0,0
62,99.77,,11,,Type 2 diabetes mellitus,0,0,0
59,81.6,2,2,LOW DENSITY LIPOPROTEIN INCREASED,Type 2 diabetes mellitus,0,0,0
50,154,2,2,BLOOD CHOLESTEROL INCREASED,Type 2 diabetes mellitus,0,0,0
54,81.63,2,4,CARDIOVASCULAR EVENT PROPHYLAXIS,Cerebrovascular accident,0,0,0
55,75,2,4,BLOOD CHOLESTEROL INCREASED,Type 2 diabetes mellitus,0,0,0
71,68.2,2,1,ARRHYTHMIA,Hallucination,1,0,0
57,73.2,2,5,INCONTINENCE,Drug administered at inappropriate site,0,0,0
63,70,2,2,SCLERODERMA ASSOCIATED DIGITAL ULCER,Pneumonia,0,1,0
81,66.21,2,1,POLLAKIURIA,Drug ineffective,0,0,0
39,59.02,2,2,POST COITAL CONTRACEPTION,Lethargy,0,0,0
57,120.2,1,9,,Drug ineffective,0,0,0
78,72,1,5,DIABETES MELLITUS,Pleural effusion,1,1,0
66,61,2,1,CHRONIC OBSTRUCTIVE PULMONARY DISEASE,Influenza,0,0,0
63,107,2,1,CHRONIC OBSTRUCTIVE PULMONARY DISEASE,Incorrect route of drug administration,0,0,0
55,64.4,2,16,NARCOLEPSY,Foot fracture,0,0,0
36,145,1,1,ASTHMA,Off label use,0,0,0
63,74.83,2,6,HYPERTONIC BLADDER,Drug ineffective,0,0,0
74,75.8,1,4,ACUTE MYOCARDIAL INFARCTION,Thrombosis,1,0,0
80,57,1,1,,Death,0,1,0
55,79,2,8,BLOOD CHOLESTEROL INCREASED,Type 2 diabetes mellitus,0,0,0
58,65.76,2,11,BLOOD CHOLESTEROL INCREASED,Type 2 diabetes mellitus,0,0,1
77,69,2,5,CARDIAC DISORDER,Atrial fibrillation,1,0,0
64,53.5,2,5,GASTROOESOPHAGEAL REFLUX DISEASE,Gastrooesophageal reflux disease,1,0,0
19,100.68,2,1,,Medical device complication,0,0,0
72,169,2,6,TEMPORAL ARTERITIS,Convulsion,1,0,1
37,56.75,2,2,CONTRACEPTION,Anxiety,0,0,0
36,51.26,1,3,ANKYLOSING SPONDYLITIS,Abscess,1,0,0
67,73,2,2,LOW DENSITY LIPOPROTEIN INCREASED,Type 2 diabetes mellitus,0,0,0
48,79.37,2,3,LOW DENSITY LIPOPROTEIN INCREASED,Type 2 diabetes mellitus,0,0,0
50,99.77,2,4,CARDIOVASCULAR EVENT PROPHYLAXIS,Type 2 diabetes mellitus,0,0,0
61,63.49,2,6,HYPERGLYCAEMIA,Type 2 diabetes mellitus,0,0,0
58,118,2,3,LOW DENSITY LIPOPROTEIN INCREASED,Type 2 diabetes mellitus,0,0,0
46,84,2,3,LOW DENSITY LIPOPROTEIN INCREASED,Neuropathy peripheral,0,0,0
55,89,2,6,BLOOD CHOLESTEROL INCREASED,Type 2 diabetes mellitus,0,0,0
56,77.1,1,5,NEUROPATHY PERIPHERAL,Drug ineffective,0,0,0
56,102.4,1,1,NEUROPATHY PERIPHERAL,Malaise,0,0,0
55,86,2,5,BURNING SENSATION,Nasopharyngitis,1,0,0
52,86,2,4,BLOOD CHOLESTEROL INCREASED,Type 2 diabetes mellitus,0,0,0
57,94.33,2,6,MUSCLE SPASMS,Foot deformity,0,0,0
58,78.1,1,11,THROMBOSIS PROPHYLAXIS,Headache,0,1,0
22,58.96,2,13,CONTRACEPTION,Uterine perforation,1,0,0
32,65.31,2,7,,Pain,0,0,1
72,61.68,2,7,POLLAKIURIA,Blister,0,0,0
36,77.18,1,2,BACK PAIN,Paraesthesia,0,0,0
15,72.56,2,2,NASOPHARYNGITIS,Overdose,0,0,0
46,62.65,1,3,PAIN,Anxiety,0,0,0
42,81.6,2,7,PAROXYSMAL NOCTURNAL HAEMOGLOBINURIA,Dysmenorrhoea,1,0,0
77,70.5,2,2,,Febrile neutropenia,1,0,0
75,73,2,5,CHRONIC OBSTRUCTIVE PULMONARY DISEASE,Dyspnoea,0,0,0
45,86.18,1,3,SMOKING CESSATION THERAPY,Application site erythema,0,0,0
63,80,1,4,BACK PAIN,Dysphonia,1,0,1
1,3.6,1,4,INDUCED LABOUR,Hypotonia,1,0,0
55,67,1,1,ANXIETY,Anger,0,0,0
18,57,2,5,CYSTIC FIBROSIS,Asthma,0,0,0
59,57.2,2,7,RHEUMATOID ARTHRITIS,Mobility decreased,1,0,0
39,63.56,2,2,HYPOTHYROIDISM,Anaemia,0,0,0
38,74.84,1,1,ATTENTION DEFICIT/HYPERACTIVITY DISORDER,Product substitution issue,0,0,0
15,45.4,1,6,JUVENILE IDIOPATHIC ARTHRITIS,Osteoarthritis,0,0,1
93,72.56,1,5,RHINORRHOEA,Drug ineffective,0,0,0
63,99.77,2,2,STRESS URINARY INCONTINENCE,Application site vesicles,0,0,0
20,55.1,1,7,INFLAMMATORY BOWEL DISEASE,Crohn^s disease,1,0,0
44,104.33,2,2,COLONOSCOPY,Irritable bowel syndrome,1,0,0
16,70.3,2,1,,Product quality issue,0,0,0
80,73.03,2,1,MIGRAINE,Somnolence,0,0,0
35,85,1,2,PRODUCT USED FOR UNKNOWN INDICATION,Skin reaction,0,0,0
71,88.45,1,6,CROHN^S DISEASE,Rectal haemorrhage,0,0,0
17,61.22,1,6,ATTENTION DEFICIT/HYPERACTIVITY DISORDER,Anxiety,0,0,0
63,70,1,2,PRODUCT USED FOR UNKNOWN INDICATION,Eye irritation,0,0,0
63,80,2,2,GASTRIC CANCER,Febrile neutropenia,0,0,0
26,81.65,1,1,ATTENTION DEFICIT/HYPERACTIVITY DISORDER,Rash,0,0,0
48,55,2,2,PRODUCT USED FOR UNKNOWN INDICATION,Rash,0,0,0
53,77.11,2,4,BLOOD CHOLESTEROL INCREASED,Type 2 diabetes mellitus,0,0,0
53,70.76,1,5,,Rash,1,0,1
62,100,1,1,PNEUMONIA,Delirium,0,0,0
63,76,2,4,BLOOD CHOLESTEROL INCREASED,Type 2 diabetes mellitus,0,0,0
65,69,2,4,LOW DENSITY LIPOPROTEIN INCREASED,Cataract,0,0,0
50,60,2,4,ARRHYTHMIA,Blood pressure increased,0,0,0
12,38,1,18,CYSTIC FIBROSIS,Paraesthesia oral,0,0,0
26,128.03,2,1,CONTRACEPTION,Vaginal haemorrhage,0,0,0
41,79.37,2,1,CONTRACEPTION,Infection,0,0,0
86,95.69,1,4,PROSTATE CANCER METASTATIC,Oedema peripheral,1,0,0
18,63.56,2,2,POST COITAL CONTRACEPTION,Menstruation irregular,0,0,0
18,63.56,2,1,POST COITAL CONTRACEPTION,Pelvic pain,0,0,0
53,55,2,7,ROUTINE HEALTH MAINTENANCE,Blood creatinine increased,1,0,0
54,61,1,6,SQUAMOUS CELL CARCINOMA OF HEAD AND NECK,Hyponatraemia,1,0,0
66,70,2,2,,Device failure,0,0,0
80,44,2,3,INAPPROPRIATE ANTIDIURETIC HORMONE SECRETION,Thirst,1,1,0
51,83.92,1,15,CONSTIPATION,Hypersomnia,1,0,0
73,67,2,5,BLOOD CHOLESTEROL INCREASED,Type 2 diabetes mellitus,0,0,0
50,61,2,3,LOW DENSITY LIPOPROTEIN INCREASED,Type 2 diabetes mellitus,0,0,0
97,56.25,0,5,ERYTHEMA,Blood pressure increased,0,0,0
49,85,2,9,DYSLIPIDAEMIA,Type 2 diabetes mellitus,0,0,0
44,98,2,4,BLOOD CHOLESTEROL INCREASED,Weight increased,0,0,0
55,82.54,2,11,,Type 2 diabetes mellitus,0,0,0
58,93,2,9,BLOOD CHOLESTEROL INCREASED,Type 2 diabetes mellitus,0,0,0
80,65.54,2,2,LOW DENSITY LIPOPROTEIN INCREASED,Type 2 diabetes mellitus,0,0,0
55,68.95,2,3,LIP SWELLING,Blood pressure increased,1,0,0
67,67,2,2,CARDIOVASCULAR EVENT PROPHYLAXIS,Type 2 diabetes mellitus,0,0,0
57,91.61,2,3,BLOOD CHOLESTEROL INCREASED,Type 2 diabetes mellitus,0,0,0
45,84,2,2,LOW DENSITY LIPOPROTEIN INCREASED,Type 2 diabetes mellitus,0,0,0
53,77.1,2,2,LOW DENSITY LIPOPROTEIN ABNORMAL,Type 2 diabetes mellitus,0,1,0
69,109.5,1,1,,Convulsion,1,0,0
77,83,2,2,LOW DENSITY LIPOPROTEIN INCREASED,Type 2 diabetes mellitus,0,0,0
55,78.47,,3,BLOOD CHOLESTEROL INCREASED,Type 2 diabetes mellitus,0,0,0
56,90,2,3,LOW DENSITY LIPOPROTEIN INCREASED,Type 2 diabetes mellitus,0,0,0
64,99.7,2,2,CARDIOVASCULAR EVENT PROPHYLAXIS,Type 2 diabetes mellitus,0,0,0
66,90.7,2,2,LOW DENSITY LIPOPROTEIN INCREASED,Type 2 diabetes mellitus,0,0,0
55,64,2,2,CARDIOVASCULAR EVENT PROPHYLAXIS,Type 2 diabetes mellitus,0,0,0
84,83.9,2,2,LOW DENSITY LIPOPROTEIN INCREASED,Type 2 diabetes mellitus,0,0,0
45,62,2,6,BLOOD CHOLESTEROL INCREASED,Type 2 diabetes mellitus,0,0,0
49,115,1,1,SCHIZOPHRENIA,Pancreatitis,1,0,0
77,67,1,2,HORMONE-REFRACTORY PROSTATE CANCER,Death,0,1,0
73,78.54,1,8,PRODUCT USED FOR UNKNOWN INDICATION,Shoulder arthroplasty,0,0,0
67,80,1,2,BLADDER NEOPLASM,Hyperglycaemia,1,0,0
67,80,1,2,CROHN^S DISEASE,Local swelling,1,0,0
70,73,0,2,PROSTATE CANCER STAGE IV,Subdural haematoma,1,1,0
69,97,1,3,HORMONE-REFRACTORY PROSTATE CANCER,Hospitalisation,1,1,0
74,149.6,1,2,,Oxygen saturation decreased,0,0,0
78,95.34,1,3,PSORIATIC ARTHROPATHY,Pulmonary mass,1,0,0
76,59.1,1,1,PAIN,International normalised ratio increased,1,0,0
56,81,2,2,LOW DENSITY LIPOPROTEIN INCREASED,Type 2 diabetes mellitus,0,0,0
53,75.74,2,5,BLOOD CHOLESTEROL INCREASED,Type 2 diabetes mellitus,0,0,0
23,104,2,7,CONTRACEPTION,Injury,1,0,0
68,97.3,1,1,NEOPLASM MALIGNANT,Thrombocytopenia,0,0,0
42,73,2,1,CONTRACEPTION,Device dislocation,0,0,0
37,90.72,2,3,PRURITUS,Sickle cell anaemia,1,0,0
64,75.4,2,9,RENAL FAILURE CHRONIC,Cardio-respiratory arrest,0,1,0
65,68,2,4,COLON CANCER,Paraesthesia,0,0,0
47,73,1,5,PRODUCT USED FOR UNKNOWN INDICATION,Blindness unilateral,0,0,0
37,86,1,4,MULTIPLE SCLEROSIS,Basedow^s disease,1,0,0
41,58,1,4,METASTATIC MALIGNANT MELANOMA,Somnolence,1,1,0
24,80.81,2,1,POST COITAL CONTRACEPTION,Menstruation irregular,0,0,0
64,92,2,14,CHRONIC LYMPHOCYTIC LEUKAEMIA,Acquired gene mutation,0,0,0
56,67,2,1,HYPERTENSION,Vertigo,0,0,0
23,117.1,2,1,CONTRACEPTION,Haemorrhage in pregnancy,0,0,0
80,56.7,2,8,GASTROOESOPHAGEAL REFLUX DISEASE,Palpitations,0,0,0
59,104.77,1,6,ALVEOLITIS ALLERGIC,Pulmonary embolism,1,0,0
20,55,2,3,UVEITIS,Mass,0,0,0
54,111,1,12,RHEUMATOID ARTHRITIS,Depression,1,0,0
35,38,2,3,,Pyrexia,0,0,0
16,56,2,1,HYPERTONIC BLADDER,Skin irritation,0,0,0
65,70,2,19,CHRONIC LYMPHOCYTIC LEUKAEMIA,Blood test abnormal,1,0,0
71,110,1,5,CHRONIC OBSTRUCTIVE PULMONARY DISEASE,Dyspnoea,1,0,0
83,80.3,2,37,OSTEOPOROSIS,Fracture displacement,1,0,0
64,78,2,3,PRODUCT USED FOR UNKNOWN INDICATION,Hepatic cirrhosis,0,0,1
60,80,1,7,CHRONIC OBSTRUCTIVE PULMONARY DISEASE,Dehydration,1,0,0
69,99.79,1,3,CHRONIC LYMPHOCYTIC LEUKAEMIA,Prostate cancer,0,0,0
59,87.3,1,3,PRODUCT USED FOR UNKNOWN INDICATION,Stent placement,0,0,0
60,63,2,13,PROPHYLAXIS,Hypoxia,1,0,0
14,45.5,2,9,BONE MARROW CONDITIONING REGIMEN,Febrile neutropenia,0,0,0
68,68.6,1,4,,Myocardial infarction,1,0,0
52,80.74,2,4,PRODUCT USED FOR UNKNOWN INDICATION,Depression,0,0,0
11,46.2,2,3,EWING^S SARCOMA,Nausea,1,0,0
54,92,2,6,MULTIPLE SCLEROSIS,Muscle spasms,1,0,0
18,37.2,2,13,PROPHYLAXIS,Bone marrow failure,1,0,0
15,93.07,2,2,HEREDITARY ANGIOEDEMA,Medical device complication,1,0,0
66,62.14,2,8,,Feeling hot,1,0,0
41,78.5,1,2,MULTIPLE SCLEROSIS RELAPSE,Blood creatine phosphokinase increased,0,0,0
40,113.38,1,1,,Genital discomfort,0,0,0
42,61.7,1,2,FIBROMYALGIA,Performance status decreased,0,0,0
21,83.92,1,5,DRUG DEPENDENCE,Drug diversion,0,1,0
43,68.03,2,20,BLOOD CHOLESTEROL INCREASED,Type 2 diabetes mellitus,0,0,0
44,127.01,2,3,ASTHMA,Drug ineffective,1,0,0
62,54,2,6,BLOOD CHOLESTEROL INCREASED,Type 2 diabetes mellitus,0,0,0
64,84,2,5,,Type 2 diabetes mellitus,0,0,0
58,74.83,2,5,LOW DENSITY LIPOPROTEIN INCREASED,Steatohepatitis,0,0,0
57,95.2,1,3,APNOEA,Transient ischaemic attack,0,0,0
34,68,2,4,ASTHMA,Type 2 diabetes mellitus,0,0,1
52,64,2,8,HYPERCHOLESTEROLAEMIA,Type 2 diabetes mellitus,0,0,0
67,73.4,1,5,INSOMNIA,Road traffic accident,0,0,0
68,84,2,4,ANGINA PECTORIS,Type 2 diabetes mellitus,0,0,0
51,52.62,2,2,CHRONIC OBSTRUCTIVE PULMONARY DISEASE,Respiratory failure,1,0,0
68,64.85,2,4,BLOOD CHOLESTEROL INCREASED,Type 2 diabetes mellitus,0,0,0
65,72.58,1,6,CHRONIC OBSTRUCTIVE PULMONARY DISEASE,Throat irritation,1,0,0
73,81,2,12,ASTHMA,Glaucoma,0,0,0
61,101.1,1,10,PROSTATE CANCER,Sinusitis,1,0,0
65,68.88,2,16,CHRONIC LYMPHOCYTIC LEUKAEMIA,Lymphadenitis,1,0,0
53,82,1,14,PRODUCT USED FOR UNKNOWN INDICATION,Post procedural infection,1,0,0
57,66.4,2,26,CHRONIC LYMPHOCYTIC LEUKAEMIA,Bone marrow transplant,1,0,0
39,7.53,1,5,,Maternal drugs affecting foetus,0,0,0
51,83.9,1,9,NARCOLEPSY,Sleep apnoea syndrome,0,0,0
27,67,2,3,PRODUCT USED FOR UNKNOWN INDICATION,Abdominal pain,0,0,0
55,80,1,1,ANTICOAGULANT THERAPY,Product quality issue,0,0,0
58,170.06,1,12,DIABETES MELLITUS,Arthropathy,1,0,0
66,106.1,1,12,PRODUCT USED FOR UNKNOWN INDICATION,Confusional state,1,0,0
60,49,1,3,MUSCLE SPASTICITY,Implant site haematoma,0,0,0
30,77.7,1,2,DEPRESSION,Overdose,1,0,0
57,66.21,1,8,TYPE 2 DIABETES MELLITUS,Pancreatic carcinoma metastatic,1,1,0
63,75,2,8,RHEUMATOID ARTHRITIS,Haemophilus infection,1,0,0
75,70.3,1,1,OSTEOPOROSIS,Osteomyelitis,1,0,0
10,60.6,2,1,,Musculoskeletal pain,1,0,0
55,122.47,2,3,COLONOSCOPY,Pulmonary oedema,1,0,0
52,64,2,1,COLONOSCOPY,Asthenia,1,0,0
67,79.09,1,2,,Nausea,1,0,0
57,87.09,2,1,NASOPHARYNGITIS,Dizziness,1,0,0
29,74.83,2,12,DEPRESSION,Tricuspid valve incompetence,1,0,0
62,90.63,1,1,,Mucosal inflammation,1,0,0
51,69,2,4,LOW DENSITY LIPOPROTEIN ABNORMAL,Type 2 diabetes mellitus,0,0,0
56,84.1,1,1,TYPE 2 DIABETES MELLITUS,Myocardial infarction,1,0,0
59,42,2,7,COLON CANCER,Blood creatine phosphokinase increased,0,0,0
64,59,2,6,HYPERTENSION,Coronary artery occlusion,1,0,0
63,101.8,2,2,METASTATIC MALIGNANT MELANOMA,Pyrexia,0,0,0
15,61.8,1,12,T-CELL TYPE ACUTE LEUKAEMIA,Hypotension,1,0,0
32,104.42,2,1,CONTRACEPTION,Sinus disorder,0,0,0
65,78.8,1,20,,Thrombotic thrombocytopenic purpura,1,0,0
52,70,2,3,GASTROINTESTINAL STROMAL TUMOUR,Pancreatitis acute,1,0,0
61,93.6,1,1,DIABETES MELLITUS,Cerebrovascular accident,1,0,0
64,61.24,2,8,ATRIAL FIBRILLATION,Procedural complication,1,0,0
81,73.18,2,2,PRODUCT USED FOR UNKNOWN INDICATION,Blood pressure increased,1,0,0
55,93.6,1,2,CONVULSION,Convulsion,1,0,0
19,66.21,2,1,CONTRACEPTION,Photophobia,0,0,0
45,76,2,2,PRODUCT USED FOR UNKNOWN INDICATION,Flushing,1,0,0
60,90,1,1,BLADDER IRRITATION,Tinnitus,0,0,1
59,79.9,1,1,BENIGN PROSTATIC HYPERPLASIA,Respiratory distress,0,0,0
83,63,1,7,PRODUCT USED FOR UNKNOWN INDICATION,Cushing^s syndrome,1,0,0
77,120.9,1,2,DIABETES MELLITUS,Cardiac failure congestive,0,0,0
5,23,1,2,TONSILLITIS,Haematochezia,0,0,0
67,88,1,2,HYPERLIPIDAEMIA,Renal failure acute,1,0,0
61,41,1,9,CHRONIC OBSTRUCTIVE PULMONARY DISEASE,Chronic obstructive pulmonary disease,1,0,0
73,43,2,4,ANGIOSARCOMA,Hepatic function abnormal,1,0,0
46,90.39,2,4,,Pulmonary embolism,1,0,0
50,82,1,1,MALARIA PROPHYLAXIS,Retinal detachment,0,0,0
36,79,1,3,THROMBOSIS PROPHYLAXIS,Shock haemorrhagic,1,0,0
37,113.5,1,3,PSORIATIC ARTHROPATHY,Tonsillar hypertrophy,1,0,0
60,96,1,5,CHRONIC OBSTRUCTIVE PULMONARY DISEASE,Atrial fibrillation,1,0,0
73,45,2,3,HYPERTENSION,Pneumonia bacterial,0,1,0
49,48.6,2,1,PRODUCT USED FOR UNKNOWN INDICATION,Iron deficiency anaemia,0,0,0
24,49,2,3,METASTATIC MALIGNANT MELANOMA,Fibrinolysis,1,0,0
57,114.8,1,1,THROMBOSIS PROPHYLAXIS,Angioedema,1,0,0
15,67.4,1,2,PROPHYLAXIS,Pruritus,0,0,0
38,64,1,5,EPILEPSY,Cerebral infarction,0,1,0
47,138.3,1,1,HYPERTENSION,Throat irritation,0,0,0
69,81.63,2,2,PAIN,Rash,0,0,0
48,113.38,1,3,ATRIAL FIBRILLATION,Atrial fibrillation,1,0,0
63,61.68,,3,LOW DENSITY LIPOPROTEIN INCREASED,Type 2 diabetes mellitus,0,0,0
59,90,2,5,LOW DENSITY LIPOPROTEIN INCREASED,Type 2 diabetes mellitus,0,0,0
53,141.9,1,2,SMOKING CESSATION THERAPY,Abnormal dreams,0,0,0
45,82,2,8,,Type 2 diabetes mellitus,0,0,0
54,98.6,1,1,HYPERTENSION,Chest pain,1,0,0
71,63.4,2,2,LOW DENSITY LIPOPROTEIN INCREASED,Type 2 diabetes mellitus,0,0,0
44,56.24,2,3,ANXIETY,Drug intolerance,0,0,0
61,112,2,5,DIABETIC NEUROPATHY,Blister,0,0,0
49,90,2,6,CARDIOVASCULAR EVENT PROPHYLAXIS,Type 2 diabetes mellitus,0,0,0
60,99.5,1,1,INFECTION,Abdominal pain,1,0,0
69,84,2,19,,Neutropenia,0,0,0
62,87.3,2,7,PRODUCT USED FOR UNKNOWN INDICATION,Drug hypersensitivity,0,0,0
91,75.5,1,1,HYPERTRIGLYCERIDAEMIA,Sedation,1,0,0
43,92.52,2,20,,Deep vein thrombosis,0,0,0
72,68.04,2,3,PNEUMONIA,Hypersensitivity,1,0,0
67,83,1,3,PROSTATE CANCER METASTATIC,Sudden death,0,1,0
34,85,2,8,INSULIN RESISTANCE,Antiphospholipid antibodies positive,0,0,0
84,80.7,1,2,PAIN,Confusional state,0,0,0
52,73.16,1,1,HEPATOCELLULAR CARCINOMA,Gastrointestinal haemorrhage,1,0,0
52,60,2,1,,Neutrophil count decreased,0,0,0
67,122.2,1,1,,Toxicity to various agents,0,0,0
37,55,2,3,,Caesarean section,0,0,0
70,62,2,1,CANCER PAIN,Malignant neoplasm progression,0,1,0
62,104.31,2,5,LOW DENSITY LIPOPROTEIN INCREASED,Type 2 diabetes mellitus,0,0,0
72,69.5,1,1,,Nephrolithiasis,0,0,0
66,77,1,1,ARTERIAL STENOSIS,Ocular hyperaemia,1,0,0
46,88.5,2,5,BREAST CANCER,Transitional cell carcinoma,0,0,0
82,67.4,1,16,CEREBROVASCULAR ACCIDENT PROPHYLAXIS,Hepatic failure,1,1,0
70,97.6,1,1,,Myalgia,0,0,0
55,89.4,1,1,PAIN,Lip swelling,1,0,0
46,179.59,1,2,NEPHROGENIC ANAEMIA,Pruritus,0,0,0
57,50,2,5,PAIN,Renal impairment,1,0,0
70,90.8,1,1,,Tubulointerstitial nephritis,1,0,0
83,88,1,10,PRODUCT USED FOR UNKNOWN INDICATION,Transaminases increased,0,0,0
1,2.7,1,2,EPILEPSY,Neonatal respiratory distress syndrome,0,0,0
15,84,2,3,DEPRESSION,Myoclonus,1,0,0
79,66.2,1,1,,Renal failure acute,1,0,0
38,88,1,1,BLOOD TESTOSTERONE DECREASED,Lip swelling,1,0,0
54,60,2,3,ARRHYTHMIA,Cholelithiasis,1,0,0
56,80,1,9,ORAL CANDIDIASIS,Medication error,1,0,0
79,74.84,1,2,HYPERTENSION,Product contamination physical,0,0,0
61,146,1,12,,Cardiac arrest,0,1,0
51,56,1,6,RELAPSING-REMITTING MULTIPLE SCLEROSIS,Seminoma,0,0,0
68,57.3,1,1,ATRIAL FIBRILLATION,Ventricular extrasystoles,1,0,0
66,79,2,1,HYPERTENSION,Musculoskeletal stiffness,0,0,0
48,89,1,2,MALIGNANT MELANOMA,Respiratory tract inflammation,0,0,0
62,129.2,1,1,,Haematemesis,1,0,0
38,52,2,1,HYPERPROLACTINAEMIA,Acute myocardial infarction,1,0,0
82,53.52,2,3,URINARY INCONTINENCE,Application site rash,0,0,0
57,77.4,1,8,CARDIOVASCULAR EVENT PROPHYLAXIS,Cholecystitis,1,0,0
28,59,2,2,DEPRESSION,Thrombocytopenia,0,0,0
62,70,1,6,HEPATOCELLULAR CARCINOMA,Urinary tract infection,1,1,0
56,120.2,1,2,DRUG DEPENDENCE,Liver disorder,0,0,0
37,110.22,2,1,METRORRHAGIA,Deep vein thrombosis,1,0,0
2,15.87,1,2,SINUS DISORDER,Accidental overdose,0,0,0
46,58,2,1,FALLOPIAN TUBE CANCER,Hypersensitivity,1,0,0
41,44.49,2,2,MENSTRUAL CYCLE MANAGEMENT,Breast discomfort,0,0,0
65,78.91,1,3,PLASMA CELL MYELOMA,Pulmonary haemorrhage,1,0,0
45,57.8,2,3,DEVELOPMENTAL DELAY,Hypothermia,1,0,0
34,101.59,2,7,,Pulmonary embolism,1,0,0
75,76,2,1,DYSPNOEA,Incorrect route of drug administration,0,0,0
6,18,2,1,OPHTHALMOLOGICAL EXAMINATION,Vomiting,1,0,0
75,92,1,1,RHEUMATOID ARTHRITIS,Respiratory failure,1,0,0
86,74.8,1,8,DEEP VEIN THROMBOSIS,Fall,0,0,0
48,110,1,4,ACUTE CORONARY SYNDROME,Device occlusion,1,0,0
52,111,1,2,,Cerebrovascular accident,1,0,0
37,67,2,1,BACK PAIN,Dizziness,0,0,0
64,110.2,1,18,IRON DEFICIENCY ANAEMIA,Pupil fixed,0,0,0
36,64,2,2,ANAESTHESIA PROCEDURE,Palpitations,0,0,0
55,93.1,1,5,PROTEINURIA,Renal failure acute,1,0,0
79,80.29,2,4,OSTEOPENIA,Choking,1,0,0
66,72.56,2,3,POLLAKIURIA,Pruritus,0,0,0
25,45,1,6,TUBERCULOSIS,Suicide attempt,1,1,0
54,78.91,2,7,CYSTITIS,Convulsion,1,0,0
37,66.67,2,1,BACK PAIN,Dizziness,0,0,0
56,74.83,1,4,DIABETIC NEUROPATHY,Diabetic foot,1,0,0
57,99.77,2,2,SMOKING CESSATION THERAPY,Arthropathy,0,0,0
48,58.96,2,1,HYPERTONIC BLADDER,Application site pruritus,0,0,0
78,82,2,7,TRANSIENT ISCHAEMIC ATTACK,Transient ischaemic attack,0,0,0
67,77,1,14,PRODUCT USED FOR UNKNOWN INDICATION,Swelling,0,0,1
77,35,2,1,CEREBROVASCULAR ACCIDENT PROPHYLAXIS,Ischaemic cerebral infarction,1,0,0
43,80,1,2,PSORIATIC ARTHROPATHY,Dysuria,1,0,0
86,68,1,3,BENIGN PROSTATIC HYPERPLASIA,Alanine aminotransferase increased,1,0,0
4,14.51,1,2,HYPERSENSITIVITY,Overdose,0,0,0
58,90.8,1,17,BLOOD TESTOSTERONE DECREASED,Localised infection,1,0,0
61,49,2,1,RHEUMATOID ARTHRITIS,Blindness,0,0,0
60,77,2,12,MENINGITIS BACTERIAL,Neuropsychiatric syndrome,1,0,0
78,97,2,2,BILIARY NEOPLASM,Loss of consciousness,0,0,0
53,44,2,18,HEADACHE,Middle ear disorder,0,0,0
82,51.26,2,1,NASAL CONGESTION,Drug ineffective,0,0,0
50,104,1,3,HEPATITIS C,Aspartate aminotransferase increased,0,0,0
32,62.2,2,1,CONTRACEPTION,Device expulsion,0,0,0
31,61.74,2,1,POST COITAL CONTRACEPTION,Anxiety,0,0,0
23,72.64,2,1,POST COITAL CONTRACEPTION,Menstruation irregular,0,0,0
51,37.2,2,2,PAIN,Malaise,0,0,0
20,111.23,2,1,POST COITAL CONTRACEPTION,Menstruation irregular,0,0,0
43,56.75,2,1,POST COITAL CONTRACEPTION,Mood altered,0,0,0
14,49.94,2,1,POST COITAL CONTRACEPTION,Muscle spasms,0,0,0
36,56.75,2,1,POST COITAL CONTRACEPTION,Menstruation irregular,0,0,0
68,86,1,3,,Serratia infection,0,0,0
68,63.2,1,17,,C-reactive protein increased,1,0,0
87,92,1,1,CHRONIC OBSTRUCTIVE PULMONARY DISEASE,Pneumonia,1,0,0
57,48,2,3,CHRONIC OBSTRUCTIVE PULMONARY DISEASE,Hepatic cancer,1,0,0
10,40,1,10,ASTHMA,Respiratory acidosis,0,0,0
54,90,2,3,ATYPICAL PNEUMONIA,Pancreatitis,1,0,0
51,57,1,1,MULTIPLE SCLEROSIS,Cholelithiasis,1,0,0
47,100.6,1,4,,Pancreatic carcinoma,0,0,0
36,118.04,2,1,CONTRACEPTION,Pregnancy with contraceptive device,0,0,0
47,102,2,5,BACK PAIN,Jaundice cholestatic,1,0,0
59,85,1,4,HEPATITIS,Myalgia,1,0,0
20,57.14,2,1,CONTRACEPTION,Unintended pregnancy,0,0,0
59,81.64,1,5,HYPERTENSION,Joint swelling,0,0,1
46,82,1,5,PAIN,Nephrogenic systemic fibrosis,0,0,1
60,94.5,2,1,MULTIPLE SCLEROSIS,Injection site necrosis,0,0,0
78,73.92,1,5,PROSTATE CANCER METASTATIC,Thrombosis,1,0,0
65,100,1,3,HYPERLIPIDAEMIA,Immune-mediated necrotising myopathy,1,0,0
69,70,1,1,NON-SMALL CELL LUNG CANCER STAGE 0,Dyspnoea,1,0,0
1,13,1,2,PYREXIA,Diarrhoea,1,0,0
78,83,2,8,PRODUCT USED FOR UNKNOWN INDICATION,Spinal pain,0,0,0
73,89.8,2,11,GLUCOSE TOLERANCE IMPAIRED,Dysstasia,0,0,0
30,88.9,2,7,PRODUCT USED FOR UNKNOWN INDICATION,Transient ischaemic attack,1,0,0
86,70,1,7,,Eczema,1,0,0
68,41,2,2,CHRONIC OBSTRUCTIVE PULMONARY DISEASE,Dyspnoea,0,0,0
54,81.64,2,2,HYPERCHOLESTEROLAEMIA,Back pain,1,0,1
73,116.55,1,1,PROSTATE CANCER METASTATIC,Pulmonary embolism,0,0,0
35,70.75,2,4,HEPATITIS C,Anxiety,0,0,0
25,55,2,1,HEPATITIS B,Abortion spontaneous,0,0,0
55,69.1,2,8,PSORIASIS,Cerebrovascular accident,1,0,0
30,66,2,1,POST COITAL CONTRACEPTION,Lip swelling,0,0,0
62,106.4,1,4,MANTLE CELL LYMPHOMA,Febrile neutropenia,1,0,0
89,60.8,1,1,ANTICOAGULANT THERAPY,Cerebrovascular accident,0,0,0
84,81,1,3,DYSPNOEA,Dyspnoea,0,0,0
579,58,2,2,ASTHMA,Sinusitis,0,0,0
28,82.86,2,6,PULMONARY ARTERIAL HYPERTENSION,Pulseless electrical activity,1,1,1
20,57.79,1,1,INFLAMMATORY BOWEL DISEASE,Ileal stenosis,1,0,0
61,54,1,4,CHRONIC OBSTRUCTIVE PULMONARY DISEASE,Osteoporosis,0,0,0
18,96.15,2,1,,Device difficult to use,0,0,0
84,56.6,1,2,CHRONIC LYMPHOCYTIC LEUKAEMIA,Dysphagia,1,0,0
72,57.18,1,5,PRODUCT USED FOR UNKNOWN INDICATION,Malaise,0,0,0
4,.79,1,7,PATENT DUCTUS ARTERIOSUS,Intraventricular haemorrhage,1,0,0
36,50.39,2,2,CONTRACEPTION,Device dislocation,0,0,0
26,68,2,1,CONTRACEPTION,Cholecystectomy,1,0,0
71,79,2,6,COUGH,Pruritus,0,0,0
90,36,2,11,PROPHYLAXIS AGAINST GASTROINTESTINAL ULCER,Pneumonia,1,1,0
78,41,2,6,TYPE 2 DIABETES MELLITUS,Hypoglycaemia,1,0,0
86,53,1,7,TYPE 2 DIABETES MELLITUS,Syncope,1,0,0
53,70,1,1,PRODUCT USED FOR UNKNOWN INDICATION,Death,0,1,0
51,92,1,5,TYPE 2 DIABETES MELLITUS,Diabetes mellitus inadequate control,1,0,0
13,49,2,17,ALVEOLAR RHABDOMYOSARCOMA,Dizziness,1,0,0
32,98,2,4,HIV INFECTION,Cholestasis,0,0,0
85,41,1,18,CHRONIC OBSTRUCTIVE PULMONARY DISEASE,Chronic obstructive pulmonary disease,1,1,0
53,98,1,4,EPILEPSY,Drug interaction,1,0,0
62,88,1,3,,Diplopia,0,0,0
24614,94.3,2,3,RHEUMATOID ARTHRITIS,Ankle fracture,1,0,0
6,10.23,2,1,HAEMANGIOMA,Restlessness,0,0,0
24,70,2,1,MALARIA PROPHYLAXIS,Gastric ulcer,0,0,0
69,105,2,6,CHRONIC MYELOID LEUKAEMIA,Pulmonary arterial hypertension,1,0,0
70,77.18,2,2,PSORIASIS,Peripheral swelling,1,0,0
63,56,2,3,BLOOD CHOLESTEROL INCREASED,Varicose vein,0,0,0
63,88,1,5,Prostatitis,Glaucoma,2,2,2
56,89.89,1,9,PRODUCT USED FOR UNKNOWN INDICATION,Muscle spasms,1,0,0
9,7.6,1,4,EPILEPSY,Diet refusal,1,0,0
1,2.7,1,2,EPILEPSY,Neonatal respiratory distress syndrome,0,0,0
37,63.39,0,1,,Device difficult to use,0,0,0
67,95,1,3,CHRONIC LYMPHOCYTIC LEUKAEMIA,Autoimmune haemolytic anaemia,0,0,0
32,78,1,4,INDUCTION OF ANAESTHESIA,Circulatory collapse,1,0,0
34,81,1,13,PRODUCT USED FOR UNKNOWN INDICATION,Nephrogenic systemic fibrosis,0,0,1
21,80,1,2,DEPRESSION,Convulsion,0,0,0
41,132.2,1,9,RENAL CANCER METASTATIC,Malignant neoplasm progression,0,1,0
87,55,2,15,,Local swelling,0,0,0
82,65.31,1,9,AUTOIMMUNE DISORDER,Type 2 diabetes mellitus,1,0,0
72,59.02,2,7,PAIN,Fat tissue decreased,0,0,0
89,71,1,2,RHEUMATOID ARTHRITIS,Oral disorder,1,0,0
21,80,1,2,DEPRESSION,Convulsion,0,0,0
48,102.5,1,31,PRODUCT USED FOR UNKNOWN INDICATION,Thrombophlebitis,0,0,0
59,99.77,1,1,GLAUCOMA,Intraocular pressure increased,0,0,0
70,50,1,3,HEPATITIS B,Spinal fracture,1,0,0
62,39,2,5,RECTOSIGMOID CANCER,Gastrointestinal perforation,1,0,0
35,62,2,7,,Dystonia,1,0,0
3,18.14,2,1,,Accidental exposure to product by child,0,0,0
69,101,2,10,PRODUCT USED FOR UNKNOWN INDICATION,Pyrexia,1,0,0
28,64,2,1,HEPATITIS B,Myalgia,0,0,0
53,56.7,2,4,HYPOTHYROIDISM,Gastroenteritis bacterial,1,0,0
60,82.86,1,3,HEPATITIS C,Rash erythematous,0,0,0
73,85,1,4,MALIGNANT MELANOMA,Neuroendocrine carcinoma of the skin,0,0,0
90,52.15,2,4,INTRAOCULAR PRESSURE INCREASED,Vision blurred,0,0,0
58,64,1,8,B-CELL LYMPHOMA,Eye irritation,0,0,0
65,78,2,1,ASTHMA,Dyspnoea,0,0,0
0,2.9,1,1,PRODUCT USED FOR UNKNOWN INDICATION,Finger deformity,0,0,0
30,125,2,5,MULTIPLE SCLEROSIS,Sinusitis,0,0,0
20,58.5,2,3,CONTRACEPTION,Device breakage,0,0,0
33,72.56,2,1,CONTRACEPTION,Menorrhagia,0,0,0
75,77,2,1,DYSPNOEA,Medication error,0,0,0
38,105,1,16,HEPATITIS C,Deep vein thrombosis,0,0,0
48,58,2,8,RHEUMATOID ARTHRITIS,Arthropathy,0,0,0
48,65,1,3,SECONDARY PROGRESSIVE MULTIPLE SCLEROSIS,Hypersensitivity,1,0,0
52,83,1,3,CHRONIC HEPATITIS C,Autoimmune thyroiditis,0,0,0
33,52.2,2,6,CROHN^S DISEASE,Arthralgia,0,0,0
88,51,2,9,TYPE 2 DIABETES MELLITUS,Cerebral infarction,1,0,0
14,64.1,2,1,NEUROBORRELIOSIS,Sensation of foreign body,0,0,0
66,58,1,4,LUNG ADENOCARCINOMA,Lymphadenopathy,1,1,0
46,51,2,7,COLITIS,Rash morbilliform,1,0,0
62,38,2,3,DEPRESSION,Inappropriate antidiuretic hormone secretion,1,0,0
29,71.66,2,2,CONTRACEPTION,Haemorrhage,0,0,0
40,48,2,3,RHEUMATOID ARTHRITIS,Pneumonia,1,0,0
57,67,2,1,MULTIPLE SCLEROSIS,Uterine prolapse,1,0,0
67,49,2,4,RHEUMATOID ARTHRITIS,Organising pneumonia,1,0,0
57,95,2,5,PAIN,Rash,0,0,0
22,68.9,2,2,CROHN^S DISEASE,Anaphylactic shock,1,0,0
74,104,1,2,CHRONIC OBSTRUCTIVE PULMONARY DISEASE,Drug ineffective,0,0,0
76,73,2,1,CHRONIC OBSTRUCTIVE PULMONARY DISEASE,Incorrect route of drug administration,0,0,0
33,59.93,2,4,,Leukopenia,0,0,0
56,158.8,1,1,CROHN^S DISEASE,Abdominal infection,1,0,0
15,40,1,2,PRODUCT USED FOR UNKNOWN INDICATION,Rash,0,0,0
49,90,1,2,PRODUCT USED FOR UNKNOWN INDICATION,Rash,0,0,0
65,110,2,6,BRONCHITIS,Swollen tongue,0,0,0
33,85,1,2,PRODUCT USED FOR UNKNOWN INDICATION,Rash,0,0,0
44,91.81,1,18,SEIZURE,Clostridium difficile colitis,1,0,0
48,65,2,14,SCLERODERMA,Osteonecrosis,0,0,1
83,69.92,1,1,PROSTATE CANCER,Death,0,1,0
56,74,2,5,,Hypophagia,1,0,0
49,84,2,8,BREAST CANCER,Groin abscess,1,0,0
40,86.1,1,1,SEIZURE,Inappropriate schedule of drug administration,0,0,0
82,71,1,8,COLORECTAL CANCER RECURRENT,Interstitial lung disease,0,0,0
38,70,2,5,SKIN COSMETIC PROCEDURE,Burning sensation,0,0,0
60,90,2,4,OSTEOPOROTIC FRACTURE,Onychomadesis,0,0,0
58,72,1,4,TYPE 2 DIABETES MELLITUS,Pancreatitis acute,1,0,0
15,42.7,1,5,GROWTH HORMONE DEFICIENCY,Foot fracture,0,0,0
88,55.5,1,16,ANGINA PECTORIS,Sudden death,0,1,0
78,63,2,1,ADRENOCORTICAL CARCINOMA,Vertigo,0,0,0
25,119.73,2,2,,Device difficult to use,0,0,0
80,88,1,15,PROSTATE CANCER,Cardiac failure congestive,1,1,0
63,113,2,5,STENT PLACEMENT,Agranulocytosis,0,0,0
74,95,1,4,CHRONIC LYMPHOCYTIC LEUKAEMIA,Ascites,1,0,0
49,68,2,9,HIV INFECTION,Renal failure acute,1,1,0
54,131.52,2,14,PRODUCT USED FOR UNKNOWN INDICATION,Hypotension,1,0,0
65,50,2,3,RHEUMATOID ARTHRITIS,Subarachnoid haemorrhage,0,1,0
32,69,2,5,NEUROMUSCULAR BLOCKING THERAPY,Caesarean section,0,0,0
49,63,2,7,RHEUMATOID ARTHRITIS,Product quality issue,1,0,0
57,113,1,7,GASTRIC CANCER,Dyspnoea,1,0,0
37,70,2,1,SENSITIVITY OF TEETH,Swollen tongue,0,0,0
64,64,2,3,OSTEOPOROSIS,Cystitis haemorrhagic,0,0,0
48,96.1,1,11,PRODUCT USED FOR UNKNOWN INDICATION,Arthralgia,0,0,1
74,85,1,4,GENERAL ANAESTHESIA,Upper airway obstruction,0,0,0
28637,84.8,2,7,GASTROOESOPHAGEAL REFLUX DISEASE,Blood pressure increased,0,0,0
46,60.77,1,4,,Dyspnoea,0,0,0
58,47,2,3,IMMUNE THROMBOCYTOPENIC PURPURA,Platelet count decreased,0,0,0
41,44,2,7,COLON CANCER,Choking sensation,1,0,0
20,77,2,4,ESSENTIAL THROMBOCYTHAEMIA,Myelofibrosis,0,0,0
23,46.6,1,1,MUCOPOLYSACCHARIDOSIS II,Chest pain,0,0,0
13,39.2,1,3,ATTENTION DEFICIT/HYPERACTIVITY DISORDER,Type 1 diabetes mellitus,1,0,0
53,55.78,2,1,OSTEOPOROSIS,Hip fracture,1,0,0
70,70,2,3,HYPERPHOSPHATAEMIA,Drug interaction,0,0,0
51,74,2,5,HODGKIN^S DISEASE,Gastrointestinal disorder,1,0,0
33,50,2,6,,Serum sickness,0,0,1
68,97.51,2,8,DIABETES MELLITUS,Diarrhoea,0,0,0
27,73,1,12,APLASTIC ANAEMIA,Febrile neutropenia,1,0,0
67,98.9,1,7,GASTROOESOPHAGEAL REFLUX DISEASE,Cold sweat,0,0,0
87,64.01,1,9,PLASMA CELL MYELOMA,Pancytopenia,1,0,0
70,66,2,6,PLASMA CELL MYELOMA,Sepsis,1,1,0
55,52.2,2,10,PLASMA CELL MYELOMA,Ovarian cancer,0,0,0
49,108,1,5,POLYNEUROPATHY,Liver function test abnormal,1,0,0
42,64,2,6,BREAST CANCER,Renal failure,0,1,0
50,108,2,1,HYPERCHOLESTEROLAEMIA,Myalgia,0,0,0
52,100,2,15,CHRONIC LYMPHOCYTIC LEUKAEMIA,Haemangioma of skin,1,0,0
77,68,1,16,Asthma,Death,1,1,2
20,70.3,2,1,CONTRACEPTION,Medical device removal,0,0,0
61,81.72,2,19,PRODUCT USED FOR UNKNOWN INDICATION,White blood cell count decreased,1,0,0
62,79.4,1,11,DYSPEPSIA,Nephrolithiasis,0,0,0
21,80,1,2,ANXIETY,Altered state of consciousness,0,0,0
35,78,2,1,EPILEPSY,Premature rupture of membranes,0,0,0
59,81,2,5,RHEUMATOID ARTHRITIS,Genital herpes simplex,1,0,0
58,80.3,2,6,PLASMA CELL MYELOMA,Pericarditis,0,0,0
63,100,1,9,,Loss of libido,0,0,0
93,44.45,2,5,ANALGESIC THERAPY,Death,0,1,1
57,53,2,11,RHEUMATOID ARTHRITIS,Invasive ductal breast carcinoma,1,0,0
21,50,2,4,SCHIZOPHRENIA,Confusional state,1,0,0
19,58.9,1,2,INFLAMMATORY BOWEL DISEASE,Intestinal obstruction,1,0,0
1,2.7,1,2,EPILEPSY,Caesarean section,0,0,0
45,74.91,2,5,RHEUMATOID ARTHRITIS,Chest pain,1,0,0
71,38,2,6,RHEUMATOID ARTHRITIS,Epilepsy,1,0,0
50,62,1,12,SCHIZOAFFECTIVE DISORDER,Neuroleptic malignant syndrome,1,0,0
62,55,2,1,RHEUMATOID ARTHRITIS,Thoracic vertebral fracture,0,0,0
65,52,1,11,ADENOCARCINOMA PANCREAS,Oesophageal spasm,1,0,0
52,67.12,2,3,MULTIPLE SCLEROSIS,Chest pain,0,0,0
46,85,1,24,CHRONIC HEPATITIS C,Conversion disorder,1,0,0
53,95,1,3,HEPATITIS C,Dizziness,0,0,0
54,84,1,3,HEPATITIS C,Pyrexia,0,0,0
61,84.37,1,9,,Drug ineffective,0,0,0
51,82.56,2,2,PULMONARY EMBOLISM,Menorrhagia,0,0,0
62,79,1,6,COLON CANCER,Palmar-plantar erythrodysaesthesia syndrome,0,0,0
2,11.79,2,3,ASTHMA,Heart rate increased,0,0,0
79,50.8,2,2,WHEEZING,Dizziness,0,0,0
59,58.06,2,11,,Sensitivity of teeth,0,0,0
4,15.88,2,2,CYSTIC FIBROSIS,Incorrect route of drug administration,0,0,0
53,56,1,24,CHEST PAIN,Non-small cell lung cancer,1,0,0
67,65,1,4,PARKINSON^S DISEASE,Hypergammaglobulinaemia benign monoclonal,0,0,0
79,40.1,2,2,PARKINSON^S DISEASE,Hypoventilation,1,0,0
65,75.75,2,2,PSORIASIS,Lung neoplasm malignant,0,0,0
15,2.9,1,2,HYPOXIA,Pneumocephalus,0,0,0
75,61,1,9,PLASMA CELL MYELOMA,Multi-organ failure,0,1,0
58,88.53,1,15,PLASMA CELL MYELOMA,Death,0,1,0
68,93.7,1,4,MYELODYSPLASTIC SYNDROME,Sepsis,1,1,0
64,107.5,1,11,,Muscle spasms,0,0,0
32,58.96,2,1,ANKYLOSING SPONDYLITIS,Labour complication,1,0,0
60,90.7,2,22,MULTIPLE SCLEROSIS,Dysarthria,1,0,1
55,98.88,1,4,,Rhabdomyolysis,1,0,0
62,74.84,1,7,,Laboratory test abnormal,1,0,0
76,55,2,14,RHEUMATOID ARTHRITIS,Dementia,1,0,0
53,68.1,2,10,NAUSEA,Loss of consciousness,0,0,0
66,78.92,2,1,HYPERTENSION,Myalgia,0,0,0
18,78.91,2,1,,Device difficult to use,0,0,0
52,73,2,4,PRODUCT USED FOR UNKNOWN INDICATION,Dysphagia,0,0,0
63,47.670,2,4,Osteoporosis,Stress fracture,1,2,2
60,33,2,9,CHRONIC OBSTRUCTIVE PULMONARY DISEASE,Dyspnoea,1,0,0
44,101,1,3,CROHN^S DISEASE,Blood potassium decreased,1,0,0
73,50,2,15,ANAEMIA,Erythema,0,0,0
45,52,1,2,ABDOMINAL PAIN UPPER,Drug interaction,0,0,0
57,79.38,2,3,HORMONE REPLACEMENT THERAPY,Drug ineffective,0,0,0
51,68,1,3,,Toxicity to various agents,0,1,0
66,52.16,2,2,MENOPAUSE,Chest pain,0,0,0
54,77.11,2,1,HORMONE REPLACEMENT THERAPY,Application site erythema,0,0,0
71,68.04,2,2,HORMONE REPLACEMENT THERAPY,Insomnia,0,0,0
45,70.31,2,1,HORMONE REPLACEMENT THERAPY,Application site erythema,0,0,0
45,68.04,2,2,HORMONE REPLACEMENT THERAPY,Application site pruritus,0,0,0
68,70.31,2,1,HORMONE REPLACEMENT THERAPY,Application site irritation,0,0,0
50,70.31,2,2,HORMONE REPLACEMENT THERAPY,Application site erythema,0,0,0
57,136.08,2,1,,Application site erythema,0,0,0
59,73.09,2,2,HORMONE REPLACEMENT THERAPY,Application site rash,0,0,0
50,58.51,2,2,HORMONE REPLACEMENT THERAPY,Application site erythema,0,0,0
43,73.03,2,1,HORMONE REPLACEMENT THERAPY,Application site irritation,0,0,0
56,65.77,2,1,HORMONE REPLACEMENT THERAPY,Application site hypersensitivity,0,0,0
48,70.31,2,2,HORMONE REPLACEMENT THERAPY,Application site pruritus,0,0,0
52,79.38,2,3,HORMONE REPLACEMENT THERAPY,Acne,0,0,0
65,55.34,2,2,HOT FLUSH,Drug ineffective,0,0,0
56,65.77,2,6,HORMONE REPLACEMENT THERAPY,Application site rash,0,0,0
63,54.43,2,1,HORMONE REPLACEMENT THERAPY,Application site irritation,0,0,0
59,64.86,2,2,HORMONE REPLACEMENT THERAPY,Palpitations,0,0,0
72,60.78,2,1,HORMONE REPLACEMENT THERAPY,Application site irritation,0,0,0
53,81.65,2,1,HORMONE REPLACEMENT THERAPY,Application site ulcer,0,0,0
52,129.28,2,4,HORMONE REPLACEMENT THERAPY,Dizziness,0,0,0
63,90.72,2,2,HORMONE REPLACEMENT THERAPY,Application site pruritus,0,0,0
75,74.84,2,3,HORMONE REPLACEMENT THERAPY,Application site rash,0,0,0
59,63.5,2,1,HORMONE REPLACEMENT THERAPY,Urticaria,0,0,0
48,77.4,2,6,,Cerebral haemorrhage,1,0,0
44,90.72,2,2,HORMONE REPLACEMENT THERAPY,Application site pruritus,0,0,0
53,99.79,2,4,UTERINE LEIOMYOMA,Drug effect decreased,0,0,0
49,77.11,2,2,HORMONE REPLACEMENT THERAPY,Application site erythema,0,0,0
46,81.65,2,3,ARTIFICIAL MENOPAUSE,Application site rash,0,0,0
54,49.9,2,2,MENOPAUSAL SYMPTOMS,Drug effect increased,0,0,0
67,75,1,2,"SCHIZOPHRENIA, PARANOID TYPE",Neuroleptic malignant syndrome,1,0,0
52,70.31,2,2,HORMONE REPLACEMENT THERAPY,Application site discolouration,0,0,0
72,55.79,2,8,OESTROGEN REPLACEMENT THERAPY,Application site reaction,0,0,0
42,56,1,4,CROHN^S DISEASE,Faecal incontinence,1,0,0
52,72.3,1,4,COLITIS ULCERATIVE,Gynaecomastia,0,0,0
53,58.97,2,1,ARTIFICIAL MENOPAUSE,Drug ineffective,0,0,0
59,99.79,1,1,PSORIATIC ARTHROPATHY,Cardiac operation,1,0,0
57,54.43,2,2,HORMONE REPLACEMENT THERAPY,Application site rash,0,0,0
46,92.99,2,2,HORMONE REPLACEMENT THERAPY,Application site irritation,0,0,0
67,68.04,2,1,HYSTERECTOMY,Local swelling,0,0,0
51,54.43,2,1,HORMONE REPLACEMENT THERAPY,Application site pruritus,0,0,0
54,77.11,2,1,,Application site burn,0,0,0
60,70.3,1,1,MYALGIA,Faeces discoloured,0,0,0
75,66,2,2,,Off label use,0,0,0
85,83.9,1,1,SWELLING,Off label use,0,0,0
67,111,2,4,PAIN PROPHYLAXIS,Incorrect drug administration duration,0,0,0
88,40.82,2,2,BACK PAIN,Drug ineffective,0,0,0
74,71,1,11,PLASMA CELL MYELOMA,Pneumonia,1,1,0
91,63.11,2,1,MYELODYSPLASTIC SYNDROME,Death,0,1,0
58,60,1,17,COLON CANCER RECURRENT,Osteomyelitis,0,0,0
29,75,1,3,ANKYLOSING SPONDYLITIS,Alveolitis,0,0,0
81,71.2,2,8,ACUTE CORONARY SYNDROME,Cholecystitis,1,0,0
56,60,2,2,GLAUCOMA,Pancreatic enzymes increased,0,0,0
84,99.88,1,5,BLOOD TESTOSTERONE DECREASED,Carotid artery occlusion,1,0,0
73,50,1,5,,Haemorrhage,0,1,0
68,80.27,2,7,TYPE 2 DIABETES MELLITUS,Pancreatitis,0,0,0
28,56.24,2,1,CONTRACEPTION,Abdominal pain,0,0,0
22,54.42,2,1,CONTRACEPTION,Uterine perforation,1,0,0
48,75,1,2,PSORIASIS,Dactylitis,0,0,0
50,115,2,2,MULTIPLE SCLEROSIS,Muscle spasms,1,0,0
59,64.5,2,2,BREAST CANCER,Joint injury,0,0,0
33,90.8,1,10,PSORIATIC ARTHROPATHY,Swollen tongue,1,0,0
25,55.4,2,3,PRODUCT USED FOR UNKNOWN INDICATION,Oedema peripheral,0,0,0
58,76,2,5,RHEUMATOID ARTHRITIS,Inflammation,1,0,0
66,51,1,2,PROSTATE CANCER,Cardiac arrest,0,1,0
61,69,2,10,,Eye infection bacterial,0,0,0
66,42.3,2,10,IMMUNOSUPPRESSANT DRUG THERAPY,Bile duct stone,1,0,0
29,65,2,3,SICKLE CELL ANAEMIA,Abortion spontaneous,0,0,0
29,68,2,3,PSORIATIC ARTHROPATHY,Disturbance in attention,0,0,0
26,55.78,2,2,MAJOR DEPRESSION,Abdominal distension,0,0,0
7,29.48,2,3,HYPERSENSITIVITY,Accidental overdose,0,0,0
27,64,1,4,EPIDURAL ANAESTHESIA,Altered state of consciousness,1,0,0
36,80,1,6,,Suicide attempt,0,0,0
64,90.4,1,8,RENAL TRANSPLANT,Neurogenic bladder,1,0,0
74,69.85,1,8,,Multiple injuries,1,0,0
11,33,2,3,PUBERTY,Crying,0,0,0
71,39.8,2,65,PLASMA CELL MYELOMA,Campylobacter gastroenteritis,1,1,0
40,49,2,9,OSTEOPOROSIS,Hypocalcaemia,0,0,0
67,61,1,19,NEPHROGENIC ANAEMIA,Fall,1,0,0
69,62,2,5,HYPERTENSION,Fall,1,0,0
37,58.5,2,1,SEASONAL ALLERGY,Agitation,0,0,0
32,76,2,19,RHEUMATOID ARTHRITIS,Haemorrhoids,1,0,0
81,89.8,1,6,ERECTILE DYSFUNCTION,Flushing,0,0,0
67,43.99,1,1,ERECTILE DYSFUNCTION,Intentional drug misuse,0,0,0
52,67.12,1,2,OCULOPHARYNGEAL DYSTROPHY,Muscle spasms,0,0,0
67,63.49,1,1,ERECTILE DYSFUNCTION,Drug ineffective,0,0,0
50,82.55,0,3,,Oral pain,0,0,1
77,50,2,2,CHRONIC OBSTRUCTIVE PULMONARY DISEASE,Dysuria,0,0,0
61,66.21,2,1,NUCLEAR MAGNETIC RESONANCE IMAGING,Urticaria,0,0,0
6,.7,1,8,PATENT DUCTUS ARTERIOSUS,Pulmonary haemorrhage,1,0,0
56,90.7,1,3,AMPUTATION STUMP PAIN,Drug ineffective,0,0,0
56,106.58,2,1,SMOKING CESSATION THERAPY,Oral discomfort,0,0,0
50,133.79,1,7,,Insomnia,0,0,0
50,81.63,2,1,NEUROPATHY PERIPHERAL,Drug ineffective,0,0,0
54,102.4,2,8,NEUROPATHY PERIPHERAL,Drug ineffective,0,0,0
47,124.35,2,6,FIBROMYALGIA,Pain,0,0,0
51,73,2,24,,Pain,0,0,0
82,66,2,16,,Body temperature fluctuation,0,0,0
76,43.08,2,2,DEPRESSION,Hallucination,0,0,0
72,94.33,2,3,NEUROPATHY PERIPHERAL,Fatigue,0,0,0
69,72,1,2,NON-SMALL CELL LUNG CANCER,Hypersensitivity,0,0,0
29,56,2,11,PROLACTINOMA,Blood prolactin increased,1,0,0
86,72.6,2,1,FIBROMYALGIA,Pain,0,0,0
54,102.4,2,8,NEUROPATHY PERIPHERAL,Drug ineffective,0,0,0
61,68.03,2,2,ANXIETY,Drug ineffective,0,0,0
76,65.8,1,1,SMOKING CESSATION THERAPY,Abnormal dreams,0,0,0
54,102.04,1,3,ANDROGEN DEFICIENCY,Nausea,1,0,0
44,81.63,2,9,,Drug ineffective,0,0,0
54,88.44,2,6,BLOOD CHOLESTEROL INCREASED,Vitamin D decreased,0,0,0
70,68,2,5,SMOKING CESSATION THERAPY,Drug effect incomplete,0,0,0
46,102,1,9,,Mood swings,0,0,0
65,71.99,2,1,COLONOSCOPY,Retching,0,0,0
34,65,2,5,PRODUCT USED FOR UNKNOWN INDICATION,Hypomagnesaemia,0,0,0
64,79.4,1,1,HYPERTENSION,Limb discomfort,0,0,0
57,90.7,1,8,NERVE INJURY,Neuralgia,1,0,0
70,60.78,2,4,COLONOSCOPY,Injury,0,0,0
58,85.28,2,2,DIABETIC NEUROPATHY,Drug ineffective for unapproved indication,0,0,0
23,63.49,2,3,CONTRACEPTION,Pain,1,0,0
36,89.8,2,1,MENORRHAGIA,Post procedural haemorrhage,0,0,0
62,111,2,2,LOW DENSITY LIPOPROTEIN INCREASED,Type 2 diabetes mellitus,0,0,0
28,52.15,2,1,CONTRACEPTION,Uterine perforation,1,0,0
21,69,2,1,CONTRACEPTION,Device dislocation,1,0,0
46,63.5,2,2,GASTRITIS,Paraesthesia,0,0,0
28,59,2,4,CONTRACEPTION,Uterine perforation,1,0,0
33,58.96,2,2,CONTRACEPTION,Menorrhagia,1,0,0
24,58.96,2,10,CONTRACEPTION,Mental disorder,1,0,0
63,80,1,4,,Dysphonia,1,0,1
78,97.51,2,3,PULMONARY HYPERTENSION,Haemoglobin decreased,1,0,0
21,84,2,6,PRODUCT USED FOR UNKNOWN INDICATION,Somnolence,1,0,0
53,68,1,5,SMOKING CESSATION THERAPY,Urinary retention,1,0,0
58,104,1,2,,Skin ulcer,0,0,0
1,3.99,1,5,PRODUCT USED FOR UNKNOWN INDICATION,Exposure during breast feeding,0,0,0
66,99.6,1,7,RENAL CELL CARCINOMA,Dehydration,1,0,0
54,102,1,4,DEPRESSION,Dengue fever,0,0,0
75,90,2,9,,Suicide attempt,1,0,0
74,88.4,1,3,PROSTATE CANCER METASTATIC,Atrial fibrillation,1,0,0
71,90.7,2,2,ARTHRITIS,Breast cancer,0,0,0
38,62,1,17,,Hereditary angioedema,0,0,0
22,69.92,2,1,CONTRACEPTION,Breast cyst,0,0,0
47,48.58,2,2,CONTRACEPTION,Discomfort,0,0,0
56,51,2,1,CROHN^S DISEASE,Depression,0,0,0
73,105.78,2,9,VASCULAR RUPTURE,Lung infection,0,0,0
64,101,1,6,HYPOAESTHESIA,Myocardial infarction,0,0,0
36,94.79,2,4,,Pulmonary embolism,1,0,0
46,78.46,2,1,,Deep vein thrombosis,1,0,0
20,83.9,2,6,,Pulmonary embolism,1,0,0
19,104.8,2,1,,Myocardial infarction,0,0,0
23,108.84,2,4,DRUG DEPENDENCE,Overdose,0,1,0
87,47,1,2,Hepatocellular carcinoma,Ascites,2,2,2
28,92.97,1,2,DRUG WITHDRAWAL MAINTENANCE THERAPY,Convulsion,0,0,0
18,39.04,1,4,PRODUCT USED FOR UNKNOWN INDICATION,Nephrogenic systemic fibrosis,0,0,1
85,90.8,1,1,PROSTATE CANCER,Renal impairment,1,1,0
82,75,1,1,SEDATION,Cardiac arrest,0,1,0
72,128,1,4,GASTROINTESTINAL SURGERY,Anaphylactic shock,0,0,0
60,58.5,2,2,DRUG DETOXIFICATION,Mental status changes,0,0,0
49,78.46,2,8,PAIN,Anxiety,0,0,0
73,50,2,1,SMOKING CESSATION THERAPY,Pneumonia,1,0,0
57,71,1,16,BONE MARROW CONDITIONING REGIMEN,Hepatocellular injury,0,0,0
56,92.97,1,1,PAIN,Road traffic accident,0,0,0
66,58,2,9,AGITATION,Sepsis,1,0,0
53,90,1,2,,Gastrointestinal haemorrhage,1,0,0
17,106,1,6,PARTIAL SEIZURES,"Hallucination, auditory",1,0,0
33,56.69,2,11,ANXIETY,Deep vein thrombosis,1,0,0
71,99.77,2,1,PAIN,Abasia,1,0,0
75,57.6,2,11,HYPERTONIC BLADDER,Drug ineffective,0,0,0
43,73,1,3,SCHIZOPHRENIA,Metabolic syndrome,1,0,0
34,60,2,1,CONTRACEPTION,Abortion spontaneous,0,0,0
66,81.63,2,46,PRODUCT USED FOR UNKNOWN INDICATION,Hepatitis toxic,0,0,0
32,67.7,2,7,ASTHMA,Skin infection,0,0,0
10,46.4,2,1,GROWTH HORMONE DEFICIENCY,Glaucoma,0,0,0
59,61,1,25,PULMONARY ARTERIAL HYPERTENSION,Cardiac failure,1,0,0
54,56.69,2,9,COMPLEX REGIONAL PAIN SYNDROME,Thrombosis,0,0,0
84,57.6,2,2,TYPE 2 DIABETES MELLITUS,Pancreatic carcinoma metastatic,0,0,0
74,34,2,3,,Fracture,1,0,0
52,72.56,2,3,CARDIOVASCULAR EVENT PROPHYLAXIS,Type 2 diabetes mellitus,0,0,0
73,58.96,2,7,NOCTURIA,Application site erythema,0,0,0
50,65,2,4,BLOOD CHOLESTEROL INCREASED,Type 2 diabetes mellitus,0,0,0
54,81,1,3,,Cardiac arrest,0,0,0
57,85.3,1,1,TYPE 2 DIABETES MELLITUS,Hypersensitivity,1,0,0
56,56.4,2,9,,Toxicity to various agents,1,0,0
55,90,1,10,PLASMA CELL MYELOMA,Myelodysplastic syndrome,0,0,0
77,90.7,2,2,MICTURITION DISORDER,Laryngitis,0,0,0
28,81,1,4,HEPATITIS B,Hepatitis,1,0,0
49,90,1,1,,Erythema,0,0,0
27,115,2,5,PRODUCT USED FOR UNKNOWN INDICATION,Drug interaction,0,0,0
21,80,1,2,DEPRESSION,Convulsion,0,0,0
20,47.63,2,2,SCHIZOAFFECTIVE DISORDER,Swelling,0,0,0
68,73.03,2,7,CEREBROVASCULAR ACCIDENT PROPHYLAXIS,Spinal column stenosis,1,0,0
52,72.56,2,12,,Liver disorder,0,0,0
85,82,1,3,IDIOPATHIC PULMONARY FIBROSIS,Blood glucose increased,0,0,0
41,117.94,2,5,INFLAMMATION,Abdominal pain upper,1,0,0
60,51,2,5,OEDEMA,Back pain,1,0,0
57,59.7,2,9,BONE MARROW CONDITIONING REGIMEN,Hepatocellular injury,0,0,0
62,65.76,2,3,LOW DENSITY LIPOPROTEIN INCREASED,Type 2 diabetes mellitus,0,0,0
55,50,2,2,LOW DENSITY LIPOPROTEIN INCREASED,Type 2 diabetes mellitus,0,0,0
49,79,2,1,LOW DENSITY LIPOPROTEIN INCREASED,Type 2 diabetes mellitus,0,0,0
46,69,2,2,LOW DENSITY LIPOPROTEIN INCREASED,Type 2 diabetes mellitus,0,0,0
47,70,2,1,SMOKING CESSATION THERAPY,Infarction,0,0,0
36,47.62,2,3,MULTIPLE SCLEROSIS,Drug dose omission,0,0,0
40,75,2,3,CYSTITIS,Psoriasis,0,0,0
30,73,2,18,BONE MARROW CONDITIONING REGIMEN,Hepatocellular injury,0,0,0
47,80.73,2,10,PRODUCT USED FOR UNKNOWN INDICATION,Uterine leiomyoma,0,0,0
55,82,2,3,CARDIOVASCULAR EVENT PROPHYLAXIS,Type 2 diabetes mellitus,0,0,0
51,60.33,1,4,CHRONIC LYMPHOCYTIC LEUKAEMIA,Hypermetabolism,0,1,0
11,8.38,1,2,HEART DISEASE CONGENITAL,Pneumonia,1,0,0
61,39,2,17,ACUTE GRAFT VERSUS HOST DISEASE,Graft versus host disease in liver,1,1,0
78,72,2,31,,Gastrointestinal haemorrhage,1,0,0
15,49.35,2,6,CROHN^S DISEASE,Crohn^s disease,1,0,0
72,72.6,2,3,COR PULMONALE CHRONIC,Death,0,1,0
88,59.1,2,5,COR PULMONALE CHRONIC,Urinary tract infection,1,0,0
19,46.4,1,16,ACUTE GRAFT VERSUS HOST DISEASE,Cytomegalovirus infection,1,0,0
60,82,1,8,POLYURIA,Chest pain,1,0,0
55,62.1,2,11,,Pain in extremity,0,0,0
40,81,2,3,PERITONEAL DIALYSIS,Death,0,1,0
83,124,1,3,PERITONEAL DIALYSIS,Peritoneal dialysis complication,0,0,0
58,78.2,1,10,,Infection,1,0,0
76,70.3,1,12,,Ascites,1,0,0
71,40.8,2,11,ARRHYTHMIA,Hypertension,0,1,0
67,59,2,6,LOW DENSITY LIPOPROTEIN INCREASED,Type 2 diabetes mellitus,0,0,0
39,54.2,2,7,PROPHYLAXIS AGAINST GRAFT VERSUS HOST DISEASE,Anaemia,1,0,0
26,55,2,1,COLONOSCOPY,Brain death,1,1,1
51,65,2,5,MITRAL VALVE REPAIR,Drug ineffective,0,0,0
64,80.7,2,13,MYOCARDIAL INFARCTION,Haemorrhage,1,0,0
25,55.79,1,3,COCCIDIOIDOMYCOSIS,Off label use,1,0,0
77,77.98,2,5,INCONTINENCE,Drug effect decreased,0,0,0
16,80,1,3,ACROMEGALY,Ocular discomfort,0,0,1
77,80.9,2,2,CORONARY ARTERY BYPASS,Drug effect decreased,0,0,0
66,108.45,1,7,NEOPLASM MALIGNANT,Feeling cold,0,0,0
63,66.86,1,6,ANGIOSARCOMA,Blood thyroid stimulating hormone increased,1,0,0
55,100,1,10,PROSTATE CANCER,Loss of consciousness,0,0,0
45,62,2,2,CROHN^S DISEASE,Ileus,1,0,0
64,104.3,2,9,STENT PLACEMENT,Ulcer,1,0,0
74,59.1,2,8,COLON CANCER,Dyspnoea,0,0,0
71,79.38,1,18,HYPERAMMONAEMIA,Off label use,1,1,0
15,50,2,7,CROHN^S DISEASE,Crohn^s disease,1,0,0
62,90,1,4,PSORIASIS,Renal failure,1,0,0
65,68.9,2,2,RESPIRATORY TRACT CONGESTION,Back pain,0,0,0
32,61.22,2,1,CONTRACEPTION,Asthenia,0,0,0
76,82,2,4,HYPOTHYROIDISM,Hyperglycaemia,1,0,0
55,76,1,4,COR PULMONALE CHRONIC,Gastrointestinal haemorrhage,1,0,0
57,93.89,2,13,,Gastrointestinal haemorrhage,1,0,0
48,62,2,9,HEPATITIS C,Alcohol abuse,1,0,0
66,65.7,2,2,COR PULMONALE CHRONIC,Cerebrovascular accident,1,0,0
64,140.6,1,4,TYPE 2 DIABETES MELLITUS,Blood glucose decreased,1,0,0
58,98.4,1,1,AORTIC ANEURYSM REPAIR,Drug effect decreased,0,0,0
89,52,2,14,VOMITING,Haemorrhagic stroke,1,1,0
66,106.14,1,13,PRODUCT USED FOR UNKNOWN INDICATION,Pneumonia,1,0,0
34,90,1,15,DEPRESSION,Accidental poisoning,0,1,0
34,90,1,14,PRODUCT USED FOR UNKNOWN INDICATION,Accidental poisoning,0,1,0
70,70,1,33,,Multiple injuries,1,0,0
58,56.7,2,2,NARCOLEPSY,Cholelithiasis,1,0,0
66,71.88,2,3,,Gastrointestinal haemorrhage,1,0,0
54,129.3,2,2,CATAPLEXY,Gastric operation,0,0,0
40,99.8,1,6,,Cellulitis,1,0,0
79,71.2,2,4,BLOOD PRESSURE,Type 2 diabetes mellitus,0,0,0
64,95,2,3,LOW DENSITY LIPOPROTEIN INCREASED,Type 2 diabetes mellitus,0,0,0
45,61,2,2,LOW DENSITY LIPOPROTEIN INCREASED,Type 2 diabetes mellitus,0,0,0
18,72.6,2,4,NARCOLEPSY,Aortic aneurysm,0,0,0
50,81,2,3,CARDIAC FAILURE,Type 2 diabetes mellitus,0,0,0
62,89,2,2,CARDIOVASCULAR EVENT PROPHYLAXIS,Type 2 diabetes mellitus,0,0,0
47,84.82,2,17,,Haemorrhage,1,0,0
15,43.9,2,8,,Nervous system disorder,0,0,0
53,60.2,2,2,MULTIPLE SCLEROSIS RELAPSE,Grand mal convulsion,0,0,0
62,95,1,7,,Asthenia,1,0,0
77,84,1,8,DIVERTICULITIS,Dyskinesia,1,0,0
61,80,1,3,PROPHYLAXIS,Palpitations,1,0,0
65,235,1,14,ANTICOAGULANT THERAPY,Multiple injuries,1,0,0
48,136.1,1,1,,Intentional overdose,1,0,0
48,120.32,1,3,CEREBROVASCULAR ACCIDENT,Multiple injuries,1,0,0
80,54,2,2,DIABETES MELLITUS,Cerebral infarction,1,0,0
62,95.7,2,7,,Multiple injuries,1,0,0
18,41,1,1,THALASSAEMIA BETA,Road traffic accident,0,0,1
72,81.63,2,8,BLADDER DISORDER,Application site pain,0,0,0
65,49,1,14,APLASTIC ANAEMIA,Renal disorder,0,0,0
18,49,2,12,CYSTIC FIBROSIS,Rhinovirus infection,0,0,0
17,59.02,2,1,POST COITAL CONTRACEPTION,Pregnancy after post coital contraception,0,0,0
45,115,1,19,ARTHRALGIA,Ventricular extrasystoles,0,0,0
64,136.8,2,15,,Immunosuppression,1,0,0
76,103.42,1,25,,Upper gastrointestinal haemorrhage,1,0,0
73,64,2,8,LOW DENSITY LIPOPROTEIN INCREASED,Type 2 diabetes mellitus,0,0,0
56,74,2,2,LOW DENSITY LIPOPROTEIN INCREASED,Type 2 diabetes mellitus,0,0,0
52,69,2,2,SMOKING CESSATION THERAPY,Gastric ulcer,0,0,0
63,98.7,2,11,DIABETES MELLITUS,Cervical spinal stenosis,1,0,0
54,62.6,2,5,PRODUCT USED FOR UNKNOWN INDICATION,Malabsorption,1,0,0
54,77.1,1,13,EOSINOPHILIA,Nephrogenic systemic fibrosis,0,0,1
74,56.7,2,12,TYPE IIA HYPERLIPIDAEMIA,Dehydration,1,0,0
78,88,1,9,HYPERCHOLESTEROLAEMIA,Cerebrovascular accident,1,0,0
52,58.2,2,15,,Atelectasis,1,0,0
73,59.3,2,15,,White blood cell count decreased,0,0,0
57,68,1,3,RECTOSIGMOID CANCER,Neutropenia,0,0,0
19,8.2,2,4,GASTROOESOPHAGEAL REFLUX DISEASE,Dystonia,1,0,0
26,71,1,4,SEDATION,Electrocardiogram QT prolonged,0,0,0
42,63.56,2,5,RHEUMATOID ARTHRITIS,Tendon rupture,1,0,0
79,73,1,4,THROMBOSIS PROPHYLAXIS,Interstitial lung disease,0,1,0
86,48,2,6,,Myopathy,0,0,0
51,70.29,1,7,CARDIAC DISORDER,Hypertension,1,0,0
52,70.3,2,7,TYPE IIA HYPERLIPIDAEMIA,Hepatic enzyme increased,0,0,0
70,93.4,1,2,MALIGNANT MELANOMA,Alanine aminotransferase increased,0,0,0
70,62,1,14,,Myelodysplastic syndrome transformation,1,1,0
69,69.84,2,3,PRODUCTIVE COUGH,Heart rate increased,0,0,0
64,99.77,2,18,NOCTURIA,Influenza,0,0,0
77,54.5,1,8,PLASMA CELL MYELOMA,Influenza,1,0,0
71,63,2,18,RHEUMATOID ARTHRITIS,Lower respiratory tract infection,0,0,0
65,36,1,3,CHRONIC LYMPHOCYTIC LEUKAEMIA,Eastern Cooperative Oncology Group performance status,1,1,0
71,81.65,2,18,ATRIAL FIBRILLATION,Upper gastrointestinal haemorrhage,1,0,0
86,58,2,1,ASTHMA,Cough,0,0,0
74,57,2,8,BLOOD GLUCOSE ABNORMAL,Pulmonary fibrosis,0,0,0
10,28.7,2,4,EPILEPSY,Hydronephrosis,0,0,0
45,59.87,2,43,,Dyspnoea,0,0,0
68,95.2,1,1,TYPE 1 DIABETES MELLITUS,Hypoglycaemic seizure,0,0,0
54,86,2,1,URINARY TRACT INFECTION,Tinnitus,0,0,0
60,104,2,3,CONVULSION,Insomnia,0,0,0
77,63.7,1,1,GLIOBLASTOMA,Brain oedema,1,0,0
45,81,2,2,LOW DENSITY LIPOPROTEIN INCREASED,Type 2 diabetes mellitus,0,0,0
57,58.95,2,2,LOW DENSITY LIPOPROTEIN INCREASED,Type 2 diabetes mellitus,0,0,0
56,111,1,5,,Drug hypersensitivity,0,0,0
51,89.7,2,2,LOW DENSITY LIPOPROTEIN INCREASED,Type 2 diabetes mellitus,0,0,0
60,68,2,2,LOW DENSITY LIPOPROTEIN INCREASED,Type 2 diabetes mellitus,0,0,0
59,87.53,2,15,,Rotator cuff syndrome,0,0,0
44,75.7,2,2,LOW DENSITY LIPOPROTEIN INCREASED,Type 2 diabetes mellitus,0,0,1
15,64.4,1,2,,Wrong drug administered,0,0,0
38,71.28,2,2,CONTRACEPTION,Pyrexia,0,0,0
72,70,2,11,CARDIOVASCULAR EVENT PROPHYLAXIS,Type 2 diabetes mellitus,0,0,0
53,100,1,8,DIABETES MELLITUS,Cerebrovascular accident,1,0,0
46,63.4,2,2,CARDIOVASCULAR EVENT PROPHYLAXIS,Type 2 diabetes mellitus,0,0,0
72,70.5,2,10,PRODUCT USED FOR UNKNOWN INDICATION,Rash,0,0,0
60,63,2,8,COR PULMONALE CHRONIC,Catheter site pain,1,0,0
73,45.9,1,5,CHRONIC LYMPHOCYTIC LEUKAEMIA,Cytomegalovirus infection,1,0,0
35,95.5,2,2,HEADACHE,Convulsion,1,0,1
0,2.9,1,4,HIV INFECTION,Hypotonia neonatal,1,0,0
88,85,2,1,PAIN,Convulsion,1,0,0
35,97.96,2,2,CONTRACEPTION,Drug ineffective,0,0,0
60,83.7,1,2,CHOLANGIOCARCINOMA,Convulsion,1,0,0
64,72.11,2,7,ANXIETY,Product tampering,0,0,0
42,83,2,1,PRODUCT USED FOR UNKNOWN INDICATION,Investigation,1,0,0
55,69.8,2,8,OVARIAN CANCER,Abdominal distension,1,0,0
72,71.5,1,6,MANTLE CELL LYMPHOMA,Respiratory failure,1,0,0
44,64,2,3,,Hypersensitivity,0,0,0
18,65,1,4,INFLUENZA,Encephalopathy,1,0,0
73,85,2,9,CHRONIC OBSTRUCTIVE PULMONARY DISEASE,Chest pain,1,0,0
30,2,,1,,Pneumothorax,0,0,0
44,52,2,9,SCHIZOPHRENIA,Ileus,0,0,0
75,76.5,2,7,CARDIOVASCULAR DISORDER,Pneumonia,1,0,0
71,77,2,9,RHEUMATOID ARTHRITIS,Colitis,0,1,0
58,84,1,8,MEMORY IMPAIRMENT,Infarction,0,0,0
53,78,1,1,ANTIRETROVIRAL THERAPY,Oesophageal cancer metastatic,0,0,0
11,35,2,12,,Bronchopulmonary aspergillosis,0,0,0
34,79.9,2,5,CONTRACEPTION,Drug ineffective,0,0,0
64,52,2,10,OSTEOPOROSIS,Cardiogenic shock,0,1,0
73,54.4,2,26,CEREBROVASCULAR ACCIDENT,Haemorrhage,1,1,0
64,64.4,2,1,ATRIAL FIBRILLATION,Arteriospasm coronary,1,0,0
2,11.79,1,4,TEETHING,Drug ineffective,0,0,0
6,18.14,2,3,SEASONAL ALLERGY,Accidental overdose,0,0,0
21,53.57,2,1,CONTRACEPTION,Device dislocation,0,0,0
69,99.77,2,7,PULMONARY HYPERTENSION,Cardiac arrest,1,1,0
47,97,2,2,RHEUMATOID ARTHRITIS,Off label use,0,0,0
45,70,2,11,RHEUMATOID ARTHRITIS,Activities of daily living impaired,1,0,1
58,72.56,1,6,GAIT DISTURBANCE,Muscle rupture,0,0,1
63,54.42,2,6,GAIT DISTURBANCE,Fall,0,0,0
46,56.3,2,6,CHEMOTHERAPY,Feeling hot,0,0,0
45,73,1,4,AFFECTIVE DISORDER,Anxiety,0,0,1
55,72,2,2,LOW DENSITY LIPOPROTEIN INCREASED,Type 2 diabetes mellitus,0,0,0
4,17.8,1,19,PNEUMONIA STREPTOCOCCAL,Pulmonary thrombosis,1,0,0
58,73,2,2,MENTAL DISORDER,Parkinson^s disease,0,0,0
54,81,2,5,PSORIATIC ARTHROPATHY,Off label use,0,0,0
36,75.82,2,1,CONTRACEPTION,Device dislocation,0,0,0
81,75,1,1,CHRONIC LYMPHOCYTIC LEUKAEMIA,Cough,1,0,0
89,48,2,3,ATRIAL FIBRILLATION,Basal cell carcinoma,0,0,0
18,56.75,2,2,CONTRACEPTION,Muscle spasms,0,0,0
67,96,2,1,BREAST CANCER,Lung disorder,1,1,0
53,70,1,8,PREMEDICATION,White blood cell count decreased,1,1,0
59,65.76,2,3,HYPERSENSITIVITY,Palpitations,0,0,0
60,61.22,2,15,STENT PLACEMENT,Alanine aminotransferase increased,0,0,0
78,82,2,6,,Angioplasty,1,0,0
51,68,1,5,COMPLETED SUICIDE,Toxicity to various agents,0,1,0
22,81.72,2,2,CONTRACEPTION,Device dislocation,0,0,0
16,52.7,1,4,CROHN^S DISEASE,Crohn^s disease,1,0,0
13,64.5,1,19,INFLAMMATORY BOWEL DISEASE,Constipation,1,0,0
42,60,1,1,ANKYLOSING SPONDYLITIS,Bronchopulmonary aspergillosis,1,0,0
49,87.6,1,7,HIV INFECTION,Rash,0,0,0
88,180,1,3,PLASMA CELL MYELOMA,Toxicity to various agents,0,0,0
68,96,2,2,ATRIAL FIBRILLATION,Retinal vein occlusion,0,0,0
86,70,1,7,,Spontaneous haematoma,1,0,0
65,93,1,6,ANKYLOSING SPONDYLITIS,Inguinal hernia,1,0,0
40,60.84,2,1,PLASMA CELL MYELOMA,Toxicity to various agents,0,0,0
64,65,2,4,RHEUMATOID ARTHRITIS,Arthralgia,1,0,0
61,30.19,1,7,PARKINSON^S DISEASE,Pain,0,0,0
47,131.66,2,10,SLEEP APNOEA SYNDROME,Chromaturia,0,0,0
38,61.29,2,3,PREMENSTRUAL SYNDROME,Premenstrual syndrome,0,0,0
66,80.7,2,4,OSTEOPOROSIS,Atypical femur fracture,1,0,1
57,93,1,2,OFF LABEL USE,Asthenia,0,0,0
62,66,2,2,TYPE 2 DIABETES MELLITUS,Cerebral haemorrhage,1,0,0
46,77.1,2,2,CARDIOVASCULAR EVENT PROPHYLAXIS,Type 2 diabetes mellitus,0,0,0
67,61,2,6,ROUTINE HEALTH MAINTENANCE,Type 2 diabetes mellitus,0,0,0
38,80.81,2,2,CONTRACEPTION,Device dislocation,0,0,0
43,83.99,1,4,CROHN^S DISEASE,Intestinal obstruction,1,0,0
73,83.99,2,2,CONVULSION,Myocardial infarction,1,0,0
62,48,2,4,CONVULSION,Oncologic complication,1,0,0
62,62,1,8,ATRIAL FIBRILLATION,Pancytopenia,0,0,0
48,55.6,1,2,,Anorectal discomfort,1,0,0
19,49.94,2,1,POST COITAL CONTRACEPTION,Nasopharyngitis,0,0,0
72,97,1,2,HYPERTENSION,Cerebrovascular accident,1,0,0
53,63.49,2,2,CHRONIC HEPATITIS C,Transaminases increased,0,0,0
1,8,2,3,GRAND MAL CONVULSION,Death,0,1,0
19,68.1,2,1,POST COITAL CONTRACEPTION,Menstruation irregular,0,0,0
85,64.85,2,6,,Atrial fibrillation,1,0,0
49,79,2,15,PRODUCT USED FOR UNKNOWN INDICATION,Spinal column injury,0,0,0
18,44.95,2,1,CONTRACEPTION,Device expulsion,0,0,0
58,60.1,1,6,SQUAMOUS CELL CARCINOMA OF THE TONGUE,Sepsis,0,1,0
63,97,1,5,HYPERCHOLESTEROLAEMIA,Joint swelling,0,0,0
84,43,2,6,TYPE 2 DIABETES MELLITUS,Seronegative arthritis,0,0,0
22,89.89,2,3,POST COITAL CONTRACEPTION,Menstruation irregular,0,0,0
17,67.19,2,1,CONTRACEPTION,Device expulsion,0,0,0
87,55,2,15,PRODUCT USED FOR UNKNOWN INDICATION,Musculoskeletal stiffness,0,0,0
889,81.2,2,9,MULTIPLE ALLERGIES,Intentional product misuse,0,0,0
52,68.1,2,10,RHEUMATOID ARTHRITIS,Convulsion,1,0,0
59,81.72,1,5,PSORIASIS,Pharyngitis streptococcal,1,0,0
57,99.77,2,3,SMOKING CESSATION THERAPY,Drug intolerance,0,0,0
7,29.93,2,5,,Drug ineffective,0,0,0
45,99,1,7,,Ulcer,1,0,1
27,57,2,1,,Uterine operation,0,0,0
72,44,1,6,PARKINSON^S DISEASE,Clostridium difficile colitis,1,0,0
40,55.39,2,10,CROHN^S DISEASE,Glioma,1,0,0
67,55,2,9,PARKINSON^S DISEASE,Constipation,0,0,1
53,58,1,8,,Blood creatine phosphokinase increased,0,0,0
47,58.57,2,1,CROHN^S DISEASE,Colitis,1,0,0
70,64.85,2,1,PULMONARY HYPERTENSION,Oedema peripheral,0,0,0
67,65,2,4,DIABETES MELLITUS,Dizziness,0,0,0
865,104.3,2,8,GASTRIC CANCER,Gastric cancer,1,0,0
62,82.1,1,14,METASTATIC MALIGNANT MELANOMA,Hypertension,1,0,0
3,20.9,2,4,JUVENILE IDIOPATHIC ARTHRITIS,Injection site vesicles,0,0,0
56,136,2,13,HYPERTENSION,Hyperkalaemia,1,0,0
53,71,1,9,HEPATOCELLULAR CARCINOMA,Hepatic encephalopathy,1,0,0
76,65,2,8,OSTEOPOROSIS POSTMENOPAUSAL,Osteoarthritis,0,0,0
71,68,2,6,CHRONIC OBSTRUCTIVE PULMONARY DISEASE,Cardiac disorder,1,0,0
73,50,2,15,TYPE 2 DIABETES MELLITUS,Influenza,1,0,0
18,76,1,7,SLEEP DISORDER,Drug interaction,0,0,0
72,79.45,2,3,CROHN^S DISEASE,Cataract,0,0,0
20144,42,2,11,"DELUSIONAL DISORDER, UNSPECIFIED TYPE",Alopecia,0,0,0
63,111,2,9,HYPERURICAEMIA,Feeling abnormal,0,0,0
56,63,2,8,BACK PAIN,Myocardial infarction,1,0,0
56,63,2,8,MULTIPLE SCLEROSIS RELAPSE,Myocardial infarction,1,0,0
66,98.43,2,14,CARDIOVASCULAR DISORDER,Blindness,1,0,0
39,65,2,2,RHEUMATOID ARTHRITIS,Perineal pain,1,0,0
0,2.81,2,2,MULTIPLE SCLEROSIS,Premature baby,0,0,0
61,65,2,1,IRON OVERLOAD,Aspiration,0,1,0
46,66,2,1,MULTIPLE SCLEROSIS,Flushing,0,0,0
83,70,2,7,BREAST CANCER METASTATIC,Pneumonitis,0,0,0
47,52.15,2,7,NEURALGIA,Cerebrovascular accident,0,0,0
38,75.8,2,7,PANCREATIC NEUROENDOCRINE TUMOUR,Febrile neutropenia,1,0,0
22,71.4,2,2,LYMPHOMA,Hypoxia,1,0,0
65,86,1,5,PERIPHERAL ARTERIAL OCCLUSIVE DISEASE,Iron deficiency anaemia,1,0,0
66,56.75,2,13,PRODUCT USED FOR UNKNOWN INDICATION,Movement disorder,1,0,0
76,80.7,2,2,,Chest pain,1,0,0
58,100,2,1,PSORIASIS,Oliguria,0,0,0
60,81.64,1,14,,Rectal haemorrhage,1,0,0
770,82,1,3,ASTHMA,Asthma,0,0,0
63,97,2,5,DIABETES MELLITUS,Fatigue,0,0,0
51,73.71,2,8,MULTIPLE SCLEROSIS,Chest pain,0,0,0
83,48,2,2,MEMORY IMPAIRMENT,Abdominal infection,1,0,0
74,77,2,3,,Respiratory failure,0,0,0
70,75.7,2,19,MULTIPLE SCLEROSIS,Refractory anaemia with ringed sideroblasts,1,0,0
7,36,2,3,,Partial seizures,1,0,0
12,51,1,5,HAEMOSIDEROSIS,Pyelonephritis,1,0,0
36,56.69,2,6,MULTIPLE SCLEROSIS,Central nervous system lesion,0,0,0
33,55,2,1,RELAPSING-REMITTING MULTIPLE SCLEROSIS,Abortion spontaneous,0,0,0
57,88.89,2,2,MULTIPLE SCLEROSIS,Chest discomfort,0,0,0
96,37,2,3,GASTROINTESTINAL DISORDER,Haemoglobin decreased,0,1,0
36,87,1,2,RENAL CELL CARCINOMA,Death,1,1,0
70,80,2,4,HYPERTENSION,Diabetes mellitus,0,0,0
26,63,1,6,CYSTIC FIBROSIS,Post procedural complication,1,0,0
71,58,2,18,OSTEOPOROSIS,Pulmonary embolism,1,0,0
9,8,1,3,FOOD ALLERGY,Malnutrition,0,0,0
45,49,2,1,MULTIPLE SCLEROSIS,Appendicitis,1,0,0
33,82,1,12,HIV INFECTION,Blood antidiuretic hormone increased,1,0,0
82,90,1,1,MYELODYSPLASTIC SYNDROME,Cardiac disorder,0,1,0
60,60,2,4,HEPATITIS C,Weight decreased,0,0,0
64,62,2,4,HEPATITIS C,Viral load increased,0,0,0
61,68.7,1,18,MANTLE CELL LYMPHOMA,Interstitial lung disease,1,0,0
75,72.58,1,1,NASOPHARYNGITIS,Sudden death,0,1,0
44,79.38,2,1,ANKYLOSING SPONDYLITIS,Pulmonary embolism,0,1,0
98,52.16,2,14,ARTHRALGIA,Hypersensitivity,1,1,1
27,52.16,2,1,,Pain,0,0,0
51,56.7,2,1,DEPRESSION,Weight increased,1,0,0
34,86.18,2,1,,Weight increased,0,0,0
43,68.3,1,31,DIFFUSE LARGE B-CELL LYMPHOMA,Febrile neutropenia,1,0,0
61,77.11,2,2,BREAST CANCER RECURRENT,Skin odour abnormal,0,0,0
73,72.58,2,6,ARTHRALGIA,Dizziness,0,0,0
85,64.41,2,1,BRONCHITIS,Haemorrhoids,0,0,0
68,81.65,2,9,DRUG THERAPY,Feeling abnormal,0,0,0
62,64.41,2,1,HYPERTENSION,Nausea,0,0,0
60,81.65,1,3,HYPOTONIA,Pain,0,0,1
55,124.74,1,4,BLOOD TESTOSTERONE DECREASED,Pain,0,0,1
74,133.36,1,1,BLOOD TESTOSTERONE DECREASED,Injection site pain,0,0,1
68,81.65,1,7,ORAL HERPES,Pancreatitis,1,0,0
56,77.11,2,1,MAJOR DEPRESSION,Product substitution issue,0,0,0
7,29.48,1,1,ATTENTION DEFICIT/HYPERACTIVITY DISORDER,Drug effect delayed,0,0,0
46,59.42,2,3,PAIN,Hypersensitivity,1,0,0
36,58.97,2,4,,Fibromyalgia,0,0,0
40,62.6,2,2,MUSCLE SPASMS,Muscle spasms,0,0,0
28,58.06,2,2,AUTOIMMUNE THYROIDITIS,Headache,0,0,0
45,120.2,1,1,ASTHMA,Device malfunction,0,0,0
15,58.97,2,1,MIGRAINE,Abdominal discomfort,0,0,0
35,78.02,1,1,TYPE 1 DIABETES MELLITUS,Device malfunction,0,0,0
28,63.5,2,1,COMPLEX REGIONAL PAIN SYNDROME,Dental caries,0,0,1
40,73.48,1,1,HYPERSENSITIVITY,Depression,0,0,0
15,73.03,1,1,ASTHMA,Scoliosis,0,0,1
33,113.4,2,1,CONTRACEPTION,Back pain,0,0,0
70,104.33,1,2,BLOOD CHOLESTEROL INCREASED,Urinary incontinence,0,0,0
53,81.65,1,1,DYSPEPSIA,Hypersensitivity,0,0,0
45,79.38,2,1,ROSACEA,Burning sensation,0,0,0
55,74.84,2,1,ATTENTION DEFICIT/HYPERACTIVITY DISORDER,Wheezing,0,0,1
81,62.6,2,1,SLEEP DISORDER,Palpitations,0,0,0
43,81.65,2,1,INFLUENZA,Influenza,0,0,0
55,74.84,2,1,,Dyspnoea,1,0,0
47,76.2,2,1,NASAL DISORDER,Headache,0,0,0
50,58.97,2,1,MIGRAINE,Headache,0,0,1
31,65.77,2,2,STAPHYLOCOCCAL INFECTION,Drug hypersensitivity,1,0,0
53,76.2,2,1,HYPERTENSION,Blood pressure fluctuation,0,0,1
68,57.15,2,1,OSTEOARTHRITIS,Dyspnoea,1,0,0
8,25.4,1,2,DERMATITIS ATOPIC,Milk allergy,0,0,1
31,45.81,2,6,PROPHYLAXIS,Balance disorder,0,0,1
37,85.28,2,3,NERVE INJURY,Sedation,0,0,0
34,96.62,2,1,NEURALGIA,"Hallucinations, mixed",0,0,0
59,115.67,1,2,FAMILIAL RISK FACTOR,Muscle spasms,0,0,1
63,58.06,2,2,RETINAL DISORDER,Swelling face,0,0,0
59,63.5,2,1,WOUND INFECTION,Vaginal haemorrhage,0,0,0
62,89.81,2,1,DIABETES MELLITUS,Flatulence,1,0,0
7,29.03,1,1,ATTENTION DEFICIT/HYPERACTIVITY DISORDER,Cough,0,0,0
35,98.88,2,1,MUSCLE SPASMS,Hallucination,0,0,0
52,47,2,4,BLADDER PAIN,Mental disorder,1,0,0
25,54.43,2,1,GENERALISED ANXIETY DISORDER,Dysuria,0,0,0
66,54.43,1,1,,Swelling face,0,0,0
36,104.33,2,2,MIGRAINE,Hypoaesthesia oral,0,0,1
72,68,1,4,ATRIAL FIBRILLATION,Subdural haematoma,1,0,0
4,11.25,2,1,,Alopecia,1,0,0
54,108.86,1,18,TESTICULAR FAILURE,Cerebrovascular accident,1,0,0
48,68,1,11,GLIOBLASTOMA MULTIFORME,Intracranial tumour haemorrhage,1,0,0
86,74,1,1,,Subdural haemorrhage,1,0,0
8,25,2,2,,Acute respiratory distress syndrome,0,1,0
41,57.15,2,1,FIBROMYALGIA,Nausea,0,0,0
59,81.83,2,1,,Blood prolactin increased,0,0,0
55,68,1,1,NEURALGIA,Memory impairment,0,0,0
67,78.02,2,2,COLONOSCOPY,Nausea,0,0,0
77,60.6,1,1,,Toxicity to various agents,1,0,0
53,90.9,1,2,HEPATITIS C,Faeces discoloured,0,0,0
44,75.5,2,2,SKIN WRINKLING,Eye swelling,0,0,0
61,86.36,2,2,,Monocyte count decreased,1,0,0
63,110.4,2,6,NEOPLASM MALIGNANT,Flushing,0,0,0
53,71,2,2,,Lobar pneumonia,1,0,0
53,110.5,2,2,,Neutrophil count decreased,0,0,0
63,97,1,4,HYPERCHOLESTEROLAEMIA,Local swelling,0,0,0
77,90,2,2,,Syncope,1,0,0
70,53.4,2,1,,Tongue disorder,1,0,0
26,78.2,1,1,,Erectile dysfunction,0,0,0
66,74.9,2,1,,Hypotension,1,0,0
36,49.9,2,1,EPILEPSY,Drug eruption,1,0,0
70,55,2,2,IRON DEFICIENCY ANAEMIA,Dyspnoea,1,0,0
42,70,2,20,CHRONIC LYMPHOCYTIC LEUKAEMIA,Back pain,1,0,0
61,70.31,2,4,FIBROMYALGIA,Product packaging quantity issue,0,0,0
18,80.74,2,1,ATTENTION DEFICIT/HYPERACTIVITY DISORDER,Attention deficit/hyperactivity disorder,0,0,0
43,58.97,2,2,ANXIETY,Drug effect decreased,0,0,0
33,69.4,2,3,IMMUNOSUPPRESSANT DRUG THERAPY,Small intestinal obstruction,0,0,0
78,74.84,1,4,PANCREATIC CARCINOMA METASTATIC,Constipation,1,0,0
79,75.75,1,5,ACUTE MYELOID LEUKAEMIA,Nausea,1,0,0
74,78.93,1,4,,Abdominal pain,1,0,0
50,44.68,2,13,MUCOPOLYSACCHARIDOSIS IV,Infusion related reaction,1,0,0
59,90.72,1,7,DIABETES MELLITUS,Suicidal ideation,1,0,0
63,57.15,2,3,BREAST CANCER METASTATIC,Dyspnoea,1,0,0
78,73,2,8,CEREBROVASCULAR ACCIDENT PROPHYLAXIS,Rash macular,0,0,0
26,54.43,2,1,ANXIETY,Anger,0,0,1
73,79.37,2,1,PRODUCT USED FOR UNKNOWN INDICATION,Incorrect drug administration duration,0,0,0
52,56.7,2,5,OSTEOPOROSIS,Gait disturbance,0,0,0
57,54.43,2,2,BIPOLAR II DISORDER,Crying,0,0,1
8,21.32,1,1,ATTENTION DEFICIT/HYPERACTIVITY DISORDER,Product substitution issue,0,0,0
30,79.38,2,1,HYPOTHYROIDISM,Product quality issue,0,0,0
37,65.77,2,1,CONTRACEPTION,Pruritus generalised,0,0,1
52,127.01,2,1,DIABETES MELLITUS MANAGEMENT,Fungal infection,0,0,0
51,97.52,1,1,SINUSITIS,Contraindication to medical treatment,1,0,1
76,59,2,7,GASTROOESOPHAGEAL REFLUX DISEASE,Malabsorption,0,0,1
26,77.11,2,2,OVARIAN CYST,Deep vein thrombosis,0,0,1
65,83.92,2,3,HYPERCHOLESTEROLAEMIA,Pruritus generalised,0,0,0
15,47.63,2,3,DEPRESSION,Loss of consciousness,1,0,1
50,162.39,2,1,SINUSITIS,Abdominal pain,1,0,0
55,61.24,2,2,PROPHYLAXIS,Arthralgia,0,0,0
17,56.7,2,1,,Menorrhagia,0,0,1
31,80.74,1,2,ANKYLOSING SPONDYLITIS,Pain,1,0,1
65,120.2,1,4,BLOOD TESTOSTERONE DECREASED,Pulmonary embolism,1,0,1
19,105,1,1,SCHIZOTYPAL PERSONALITY DISORDER,Sexual dysfunction,0,0,0
62,67.13,2,1,COLONOSCOPY,Abdominal pain upper,0,0,0
10,35.83,1,1,ASTHMA,Hypersensitivity,0,0,0
54,71.67,2,1,PANIC ATTACK,Visual field defect,0,0,0
66,65.32,2,1,COLONOSCOPY,Nausea,0,0,0
64,90.72,2,1,LOW DENSITY LIPOPROTEIN INCREASED,Pain in extremity,0,0,0
34,99.79,1,2,DRUG THERAPY,Product counterfeit,1,0,0
34,99.79,1,2,PAIN MANAGEMENT,Gastrointestinal disorder,0,0,0
92,74.84,1,1,GLAUCOMA,Product substitution issue,0,0,0
55,129.28,2,1,DEPRESSION,Crying,0,0,0
82,62.14,2,1,HYPERTENSION,Product substitution issue,0,0,0
30,58.51,2,1,CONTRACEPTION,Product substitution issue,0,0,0
31,68.04,2,1,ATTENTION DEFICIT/HYPERACTIVITY DISORDER,Product quality issue,0,0,0
96,82.7,1,1,DIABETES MELLITUS,Hypoglycaemia,0,1,0
48,63,1,1,MULTIPLE SCLEROSIS,Progressive multifocal leukoencephalopathy,0,1,0
24,61.24,2,1,THERAPY CHANGE,Confusional state,0,0,0
50,69.85,1,1,MALARIA PROPHYLAXIS,Mouth ulceration,0,0,0
56,108.86,2,1,SMOKING CESSATION THERAPY,Dizziness,0,0,0
29,64.86,2,1,URINARY TRACT INFECTION,Myalgia,0,0,0
47,88.45,1,1,BLOOD CHOLESTEROL INCREASED,Weight decreased,0,0,0
68,90.72,2,2,CHRONIC MYELOID LEUKAEMIA,Pancreatitis,1,0,0
39,79.38,2,1,DEPRESSION,Anger,0,0,0
44,79.38,2,1,RESTLESS LEGS SYNDROME,Nausea,0,0,0
60,90.72,2,1,NEUROPATHY PERIPHERAL,Depression,0,0,0
28,120.2,2,2,URINARY TRACT INFECTION,Back pain,0,0,1
39,58.51,2,1,DEPRESSION,Drug ineffective,0,0,0
50,59.6,2,1,MYASTHENIA GRAVIS,Nausea,0,0,0
56,79.38,1,1,ATTENTION DEFICIT/HYPERACTIVITY DISORDER,Dyspnoea,1,0,0
69,95.5,1,1,HYPERLIPIDAEMIA,Blood creatine phosphokinase increased,0,0,0
58,140.3,1,1,,Pulmonary embolism,1,0,0
52,92.4,1,1,,Blood pressure increased,0,0,0
78,41.18,2,2,,Incoherent,1,0,0
8,40,1,2,,Pancreatitis acute,1,0,0
67,116.3,1,1,,Laryngeal oedema,0,0,0
59,92.5,1,2,NEUROMUSCULAR BLOCKADE,Drug effect decreased,0,0,0
38,99.79,2,1,SINUSITIS,Tendonitis,0,0,1
14,50,1,1,ATTENTION DEFICIT/HYPERACTIVITY DISORDER,Amnesia,0,0,0
62,68.49,2,1,DEVICE THERAPY,Device malfunction,0,0,0
70,77.7,1,1,PSORIASIS,Chronic obstructive pulmonary disease,1,0,0
60,54.5,2,2,HEPATITIS C,Fall,1,0,0
53,52.1,2,2,HEPATITIS C,Pleuritic pain,1,0,0
85,65.9,1,1,HYPERTENSION,Fall,1,0,0
68,75,1,2,AORTIC VALVE REPLACEMENT,Epistaxis,1,0,0
39,175,1,1,CELLULITIS,Hypersensitivity,1,0,0
55,81.8,1,1,,Toxicity to various agents,1,0,0
59,68.04,2,4,GLIOBLASTOMA MULTIFORME,Brain tumour operation,1,0,0
7,6.3,1,12,ANTIFUNGAL PROPHYLAXIS,Tachycardia,0,0,0
19,105,2,2,POLYCYSTIC OVARIES,Transverse sinus thrombosis,1,0,0
65,77.11,1,1,PROPHYLAXIS AGAINST SOLAR RADIATION,Hypersensitivity,1,0,0
61,86,1,5,ATRIAL FIBRILLATION,Haemorrhage intracranial,1,0,0
65,70,1,1,,Pyrexia,1,0,0
81,80,1,2,ATRIAL FIBRILLATION,Asthenia,1,0,0
52,83.01,1,8,DIABETIC RETINAL OEDEMA,Asthenia,1,0,0
45,108.86,1,7,NASOPHARYNGITIS,Local swelling,0,0,0
46,56.7,2,1,HYPERSENSITIVITY,Feeling jittery,0,0,0
63,91.2,2,1,HAEMOCHROMATOSIS,Neutropenia,0,0,0
48,98.1,1,7,GASTRIC CANCER,Flushing,0,0,0
44,119,2,6,RECTAL CANCER,Hypertension,0,0,0
62,87.1,1,17,,Sepsis,1,1,0
56,82.5,1,19,,Abdominal pain,0,1,0
29,42.18,2,11,BREAKTHROUGH PAIN,Death,0,1,0
24,67.1,2,2,PULMONARY ARTERIAL HYPERTENSION,Pneumothorax,1,0,0
42,82,2,2,PRODUCT USED FOR UNKNOWN INDICATION,Renal failure acute,1,0,0
86,42,2,3,PULMONARY ARTERIAL HYPERTENSION,Haemorrhoids,1,0,0
73,107,2,2,PULMONARY ARTERIAL HYPERTENSION,Dizziness,0,0,0
34,66.2,2,2,COR PULMONALE CHRONIC,Sickle cell anaemia with crisis,1,0,0
79,64.41,1,1,COR PULMONALE CHRONIC,Thrombosis,1,0,0
17,58.97,2,2,ACNE CYSTIC,Drug hypersensitivity,0,0,0
45,74.8,2,7,SOMNOLENCE,Ankylosing spondylitis,0,0,0
29,56.7,2,6,NARCOLEPSY,Mental disorder,1,0,0
11,41,2,6,SEDATION,Syncope,1,0,0
71,74.84,2,10,PLASMA CELL MYELOMA,Cholecystitis,1,0,0
69,54.16,2,12,PLASMA CELL MYELOMA,Clostridium difficile infection,1,0,0
70,85.73,1,7,PLASMA CELL MYELOMA,Pneumonia pneumococcal,1,0,0
84,91.63,1,13,PLASMA CELL MYELOMA,Gastrointestinal haemorrhage,1,0,0
73,87.54,2,4,MYELODYSPLASTIC SYNDROME,Atrial fibrillation,1,0,0
78,127.92,2,32,5Q MINUS SYNDROME,Gout,1,0,0
80,77.11,1,2,PLASMA CELL MYELOMA,Rash generalised,0,0,0
80,56.7,2,5,PLASMA CELL MYELOMA,Granulocyte count decreased,0,0,0
65,54.89,2,18,PLASMA CELL MYELOMA,Plasmacytoma,0,0,0
55,65,2,14,,Adverse event,1,0,0
36,99.88,2,4,POST COITAL CONTRACEPTION,Menstruation irregular,0,0,0
20,49.94,2,1,POST COITAL CONTRACEPTION,Menstruation irregular,0,0,0
55,101.59,2,4,HYPERSENSITIVITY,Overdose,0,0,0
21,53.57,2,1,POST COITAL CONTRACEPTION,Abdominal distension,0,0,0
41,78.92,1,1,ALOPECIA,Balance disorder,0,0,1
50,49.89,2,1,HYPOTRICHOSIS,Drug ineffective,0,0,0
68,88.9,2,5,INSOMNIA,Psychotic disorder,0,0,0
68,78.5,2,6,PRODUCT USED FOR UNKNOWN INDICATION,Chalazion,0,0,0
75,62.59,2,2,PRODUCT USED FOR UNKNOWN INDICATION,Alopecia,0,0,0
33,131.97,2,2,CONTRACEPTION,Device breakage,0,0,0
51,58.96,2,15,HYPOTRICHOSIS,Hordeolum,0,0,0
35,58.96,2,2,GROWTH OF EYELASHES,Trichiasis,0,0,0
68,170,2,1,GROWTH OF EYELASHES,Madarosis,0,0,0
24,95.24,2,1,CONTRACEPTION,Device breakage,0,0,0
70,91.9,1,3,MYELODYSPLASTIC SYNDROME,Febrile neutropenia,1,0,0
66,72.2,1,21,NON-SMALL CELL LUNG CANCER,Cardiac failure congestive,1,1,0
39,68,2,1,CONTRACEPTION,Pleurisy,0,0,0
16,38.4,2,2,BODY HEIGHT BELOW NORMAL,Growth retardation,0,0,0
51,68,2,6,HEPATITIS C,Anaemia,1,0,0
44,133,1,8,HEPATITIS C,Mental disorder,1,0,0
59,104.77,1,6,ALVEOLITIS ALLERGIC,Lower respiratory tract infection,1,0,0
69,62,1,18,IMMUNE THROMBOCYTOPENIC PURPURA,Epistaxis,1,0,0
47,71,2,6,PRODUCT USED FOR UNKNOWN INDICATION,VIIth nerve paralysis,1,0,0
72,108.05,2,10,METASTATIC MALIGNANT MELANOMA,Eyelid oedema,1,0,0
34,103.1,2,2,PRODUCT USED FOR UNKNOWN INDICATION,Throat tightness,0,0,0
72,42,2,1,RHEUMATOID ARTHRITIS,Cardiac arrest,0,1,0
79,48,0,1,OSTEOPOROSIS,Intestinal obstruction,0,0,0
3,14.9,2,2,CHRONIC HEPATITIS C,Lethargy,0,0,0
42,70,2,2,MULTIPLE SCLEROSIS,Breast cancer in situ,1,0,0
37,73,2,4,MULTIPLE SCLEROSIS,Gait disturbance,1,0,0
68,87,1,2,MALIGNANT MELANOMA,Liver sarcoidosis,0,0,1
20,61,2,1,RHEUMATOID ARTHRITIS,Sensorimotor disorder,0,0,1
46,65,2,6,ANKYLOSING SPONDYLITIS,Spinal pain,1,0,0
77,92,2,1,PSORIATIC ARTHROPATHY,Macular degeneration,0,0,0
75,81,2,3,PRODUCT USED FOR UNKNOWN INDICATION,Lung infection,0,0,0
61,45.5,2,4,DEPRESSION,Cardiac failure,0,1,0
61,104,1,2,MALIGNANT MELANOMA,Colitis,0,0,0
59,106.12,2,17,RHEUMATOID ARTHRITIS,Liver disorder,0,0,0
22,68.27,2,2,CONTRACEPTION,Feeling abnormal,0,0,0
60,70,2,2,DIABETES MELLITUS,Myocardial infarction,1,0,0
58,53,2,32,Prophylaxis of nausea and vomiting,Intra-abdominal haemorrhage,1,2,2
16,68.93,2,1,CONTRACEPTION,Weight increased,0,0,0
80,74,1,15,,Tumour lysis syndrome,1,1,0
58,75.36,2,1,PRODUCT USED FOR UNKNOWN INDICATION,Pruritus,0,0,0
82,63.5,2,6,MYELOFIBROSIS,Diarrhoea,0,0,1
72,49.2,2,6,PLASMA CELL MYELOMA,Full blood count decreased,0,0,0
75,78.93,1,8,PLASMA CELL MYELOMA,Hypotension,1,0,0
70,62.59,2,12,PRODUCT USED FOR UNKNOWN INDICATION,Angina unstable,1,0,0
53,67,1,8,DIFFUSE LARGE B-CELL LYMPHOMA,Pyrexia,1,0,0
47,79.37,1,1,COLITIS ULCERATIVE,Drug ineffective,1,0,0
58,136.5,2,9,RHEUMATOID ARTHRITIS,Rheumatoid arthritis,0,0,0
70,108.84,1,2,RHEUMATOID ARTHRITIS,Dialysis,0,0,0
55,39.95,2,6,STEM CELL TRANSPLANT,Dehydration,1,0,0
79,100.33,1,1,WALDENSTROM^S MACROGLOBULINAEMIA,Death,0,1,0
76,175,1,3,PLASMA CELL MYELOMA,Toxicity to various agents,0,0,0
76,176,1,2,PLASMA CELL MYELOMA,Toxicity to various agents,0,0,0
57,85.5,1,6,NON-HODGKIN^S LYMPHOMA,Alanine aminotransferase increased,0,0,0
81,48,2,3,PLASMA CELL MYELOMA,Toxicity to various agents,0,0,0
35,125,2,1,PLASMA CELL MYELOMA,Toxicity to various agents,0,0,0
42,88.45,1,7,PLASMA CELL MYELOMA,Diverticular perforation,0,0,0
67,63.5,1,7,PLASMA CELL MYELOMA,Death,0,1,0
63,60.32,2,6,RELAPSING-REMITTING MULTIPLE SCLEROSIS,Autoimmune hepatitis,1,0,0
40,60.84,2,1,PLASMA CELL MYELOMA,Toxicity to various agents,0,0,0
76,76,1,12,MANTLE CELL LYMPHOMA,Mantle cell lymphoma,0,1,0
50,104.87,1,2,PLASMA CELL MYELOMA,Myocardial infarction,0,1,0
75,54,2,10,CEREBROVASCULAR ACCIDENT PROPHYLAXIS,Cerebellar haemorrhage,0,1,0
51,57.15,2,2,DEPRESSION,Orgasmic sensation decreased,0,0,0
44,120,2,6,HYPERTENSION,Oedema,0,0,0
18,72.56,2,10,,Pulmonary embolism,1,0,0
37,83.45,2,3,,Pulmonary embolism,1,0,0
51,92,1,5,TYPE 2 DIABETES MELLITUS,Pancreatic pseudocyst,1,0,0
60,64,2,8,CHRONIC OBSTRUCTIVE PULMONARY DISEASE,Fall,0,0,0
49,95,2,1,CHRONIC OBSTRUCTIVE PULMONARY DISEASE,Incorrect route of drug administration,0,0,0
4,17.3,1,3,GROWTH HORMONE DEFICIENCY,Clavicle fracture,0,0,0
25,81.27,2,4,ASTHMA,Maternal exposure during pregnancy,1,0,0
48,100,2,9,DEPRESSION,Abdominal pain upper,0,0,1
1,4.25,1,5,ANXIETY DISORDER,Neonatal respiratory distress syndrome,0,0,0
74,57,2,11,PULMONARY HYPERTENSION,Left ventricular failure,1,0,0
20,48.6,2,9,BREAST CANCER METASTATIC,Duodenal ulcer,1,0,0
36,59.93,2,1,CONTRACEPTION,Device expulsion,0,0,0
37,105.78,2,1,CONTRACEPTION,Device expulsion,0,0,0
55,109,1,5,CHRONIC OBSTRUCTIVE PULMONARY DISEASE,Dyspnoea,0,0,0
49,129,2,2,GASTROOESOPHAGEAL REFLUX DISEASE,Faeces discoloured,0,0,0
80,54.9,1,4,TYPE 1 DIABETES MELLITUS,Metastases to liver,0,1,0
73,68.27,2,3,URINARY INCONTINENCE,Drug effect decreased,0,0,0
28,68.27,2,1,CONTRACEPTION,Pain,0,0,0
66,99.79,2,3,ACUTE MYELOID LEUKAEMIA,Febrile neutropenia,1,0,0
51,90,1,3,RHEUMATOID ARTHRITIS,Basal cell carcinoma,1,0,0
19,65.76,2,2,CONTRACEPTION,Device dislocation,1,0,0
81,100,1,1,CHRONIC OBSTRUCTIVE PULMONARY DISEASE,Incorrect route of drug administration,0,0,0
72,136,1,11,DIABETES MELLITUS,Lip swelling,0,0,0
48,100,2,9,DEPRESSION,Abdominal pain upper,0,0,1
43,80,2,3,BREAST CANCER METASTATIC,Convulsion,0,0,0
90,90,2,1,PROPHYLAXIS,Groin abscess,0,0,0
66,58,2,3,TYPE 1 DIABETES MELLITUS,Myocardial infarction,1,0,0
64,66,2,2,TYPE 2 DIABETES MELLITUS,Angioedema,1,0,0
67,136.5,1,1,TYPE 2 DIABETES MELLITUS,Infection,1,0,0
68,122.4,2,3,BLOOD CHOLESTEROL INCREASED,Blood glucose increased,0,0,0
56,90.7,1,3,AMPUTATION STUMP PAIN,Neuralgia,0,0,0
22,86.17,2,3,NEUROPATHY PERIPHERAL,Hyperhidrosis,0,0,0
52,119.73,1,3,,Dyspepsia,0,0,0
43,65.76,2,25,FIBROMYALGIA,Fibromyalgia,0,0,0
66,75,2,4,BLADDER PROLAPSE,Intentional product misuse,0,0,0
61,111.57,2,5,PAIN,Abdominal discomfort,0,0,0
77,48.98,2,1,BRONCHOPULMONARY ASPERGILLOSIS,Hallucination,0,0,0
46,124.35,2,5,SJOGREN^S SYNDROME,Disturbance in attention,0,0,0
63,78.91,2,14,RHEUMATOID ARTHRITIS,Rash,0,0,0
62,72.56,2,4,DIABETIC NEUROPATHY,Pain,0,0,0
59,77.1,2,2,POST HERPETIC NEURALGIA,Drug ineffective,0,0,0
80,90.7,1,4,ERECTILE DYSFUNCTION,Dizziness,0,0,0
72,98,2,31,NEUROPATHY PERIPHERAL,Neuropathy peripheral,0,0,0
58,70.3,1,1,PULMONARY MYCOSIS,Lung infection,1,0,0
70,58.05,2,2,COLITIS ULCERATIVE,Gastrointestinal disorder,0,0,0
34,44,2,15,APLASTIC ANAEMIA,Febrile neutropenia,1,0,0
31,58.18,2,15,CROHN^S DISEASE,Crohn^s disease,1,0,0
54,68.9,2,9,DEPRESSION,Chest pain,0,0,0
65,74.83,2,6,DEPRESSION,Diabetes mellitus,0,0,0
35,74.83,1,1,ARTHRITIS,Nasopharyngitis,0,0,0
42,91.61,2,2,DEPRESSION,Drug withdrawal syndrome,0,0,0
72,86.17,2,4,OSTEOARTHRITIS,Tremor,0,0,0
69,118.82,2,3,ANXIETY,Flushing,0,0,0
61,86.17,2,12,RHEUMATOID ARTHRITIS,Limb discomfort,0,0,0
83,72.56,2,1,ARTHRITIS,Eye disorder,0,0,0
42,91.61,2,1,DEPRESSION,Withdrawal syndrome,0,0,0
24,63.5,2,2,ANXIETY,Dizziness,0,0,0
90,70.75,1,2,HYPOAESTHESIA,Constipation,0,0,0
54,88.44,2,4,NEUROPATHY PERIPHERAL,Foot fracture,0,0,0
30,72.6,1,4,SWELLING,Drug dose omission,0,0,0
59,108.39,2,3,FIBROMYALGIA,Pain,0,0,0
66,75,2,4,BLADDER PROLAPSE,Fungal infection,0,0,0
58,106,2,2,SMOKING CESSATION THERAPY,Drug ineffective,0,0,0
41,87.98,2,4,NEURALGIA,Local swelling,0,0,0
76,63.49,2,1,NEUROPATHY PERIPHERAL,Drug ineffective,0,0,0
88,61.22,2,2,PAIN,Pain,0,0,0
64,67.57,2,5,ARTHRITIS,Drug intolerance,0,0,0
42,87.98,2,4,NEURALGIA,Local swelling,0,0,0
61,95.24,1,2,CONVULSION,Headache,0,0,0
59,92.97,1,2,SMOKING CESSATION THERAPY,Deafness,0,0,0
53,116.55,2,3,OSTEOARTHRITIS,Blood cholesterol increased,0,0,0
64,77.1,2,2,MAJOR DEPRESSION,Drug ineffective,1,0,0
59,81.63,2,4,POST-TRAUMATIC STRESS DISORDER,Hearing impaired,0,0,0
53,65.76,1,2,ANXIETY,Nasopharyngitis,0,0,0
58,105.67,2,2,SMOKING CESSATION THERAPY,Abnormal dreams,0,0,0
42,87.98,2,2,NEURALGIA,Fibromyalgia,0,0,0
57,67.12,2,5,DEPRESSION,Intentional product misuse,0,0,0
77,122,1,1,CHRONIC OBSTRUCTIVE PULMONARY DISEASE,Incorrect route of drug administration,0,0,0
37,89.34,2,5,SMOKING CESSATION THERAPY,Anxiety,0,0,0
61,77.1,2,3,DEPRESSION,Feeling abnormal,0,0,0
67,90.7,2,6,ARTHRITIS,Musculoskeletal stiffness,0,0,0
12,40.9,1,4,BONE MARROW CONDITIONING REGIMEN,Acute graft versus host disease,1,0,0
69,64,2,1,CHRONIC OBSTRUCTIVE PULMONARY DISEASE,Incorrect route of drug administration,0,0,0
42,82,2,5,IMMUNOSUPPRESSION,Renal cyst,1,0,0
28,60,1,1,EPILEPSY,Asthenia,1,0,0
66,138.02,2,2,COLORECTAL CANCER,Death,0,1,0
72,61.22,2,3,BRONCHIECTASIS,Pain in extremity,0,0,0
62,70,2,1,FABRY^S DISEASE,Loss of consciousness,1,0,0
81,74,2,5,PLASMA CELL MYELOMA,Breast cancer,0,0,0
83,54.4,2,18,PREMEDICATION,Failure to thrive,1,0,0
61,57,1,16,BONE MARROW CONDITIONING REGIMEN,Acute graft versus host disease in intestine,1,1,0
43,99.77,1,2,PATHOLOGY TEST,Vomiting,0,0,0
60,57,1,2,CHRONIC OBSTRUCTIVE PULMONARY DISEASE,Dyspnoea,0,0,0
66,76.19,2,3,CARDIOVASCULAR EVENT PROPHYLAXIS,Type 2 diabetes mellitus,0,0,0
27,177,2,2,,Device difficult to use,0,0,0
58,89.8,1,4,MUSCULOSKELETAL PAIN,Off label use,0,0,0
53,82.99,2,1,TOOTHACHE,Inappropriate schedule of drug administration,0,0,0
70,74.83,2,3,MUSCULOSKELETAL PAIN,Urticaria,0,0,0
36,105.67,2,2,ARTHRALGIA,Drug ineffective,0,0,0
80,54.42,1,3,ARTHRALGIA,Drug ineffective,0,0,0
49,48,2,1,RHEUMATOID ARTHRITIS,Herpes zoster,0,0,0
16,46.8,2,4,CROHN^S DISEASE,Vulval abscess,1,0,0
17,54,2,6,RHEUMATOID ARTHRITIS,Depressed level of consciousness,1,0,0
40,68,2,3,BLOOD TRIGLYCERIDES INCREASED,Type 2 diabetes mellitus,0,0,0
66,129.25,1,1,PULMONARY HYPERTENSION,Diabetes mellitus,0,0,0
28,74.83,2,4,ANXIETY,Systemic lupus erythematosus,0,0,0
20,56.69,1,4,RHINORRHOEA,Overdose,0,0,0
71,60,2,21,MINERAL SUPPLEMENTATION,Gait disturbance,1,0,1
84,61.69,2,14,FLUID RETENTION,Abdominal pain,1,0,0
44,120,2,6,HYPERTENSION,Oedema,0,0,0
37,70,2,1,,Abortion missed,0,0,0
57,68.04,2,2,DEPRESSION,Cerebrovascular accident,1,0,0
57,57,1,2,PULMONARY ARTERIAL HYPERTENSION,Oesophageal carcinoma,0,1,0
77,87.7,1,15,,Epistaxis,0,0,0
65,122.4,2,2,BLOOD CHOLESTEROL INCREASED,Hypertension,0,0,0
9,54,2,4,,Hospitalisation,1,0,0
4,18,1,2,OSTEOSARCOMA,Transaminases increased,1,0,0
25,107.14,2,3,CONTRACEPTION,Device expulsion,0,0,0
29,72.64,2,2,CONTRACEPTION,Dyspareunia,0,0,0
26,62,2,10,TYPE 2 DIABETES MELLITUS,Renal failure,0,0,0
57,72.57,2,3,RHEUMATOID ARTHRITIS,Gastroenteritis,0,0,0
34,64.47,2,4,CONTRACEPTION,Device dislocation,0,0,0
70,60,2,4,ATRIAL FIBRILLATION,Cerebrovascular accident,1,0,1
58,50,1,2,PERITONEAL DIALYSIS,Fluid overload,1,0,0
49,81.63,2,3,NEUROPATHY PERIPHERAL,Intentional product misuse,0,0,0
53,90.7,2,12,RHEUMATOID ARTHRITIS,Contusion,0,0,0
86,46.71,2,2,INSOMNIA,Drug ineffective,0,0,0
72,52,1,4,,Hepatitis acute,1,0,0
19,49.7,2,12,BONE MARROW CONDITIONING REGIMEN,Febrile neutropenia,0,0,0
42,68,2,13,,Pulmonary embolism,1,1,0
19,46.4,1,17,HISTIOCYTOSIS HAEMATOPHAGIC,Febrile neutropenia,1,0,0
34,172.52,1,1,PERITONEAL DIALYSIS,Cardiomyopathy,1,1,0
55,62,2,3,BLOOD CHOLESTEROL ABNORMAL,Type 2 diabetes mellitus,0,0,0
67,80.45,1,2,RENAL FAILURE CHRONIC,Myocardial infarction,1,0,0
23,52,2,3,ASTHMA,Asthma,1,0,0
39,73,2,1,HYPERCOAGULATION,Abortion spontaneous,0,0,0
47,79,1,11,PANCREATITIS CHRONIC,Hypernatraemia,1,0,0
71,76,2,4,LOW DENSITY LIPOPROTEIN INCREASED,Type 2 diabetes mellitus,0,0,0
64,74,1,52,COLORECTAL CANCER,Respiratory failure,0,1,0
32,62,2,4,,Abortion spontaneous,0,0,0
43,77.18,1,1,PLASMA CELL MYELOMA,Unevaluable event,0,0,0
71,107,1,5,ATRIAL FIBRILLATION,Gastric polyps,1,0,0
60,73,1,14,PRODUCT USED FOR UNKNOWN INDICATION,Renal failure acute,1,0,0
76,90.7,1,10,MYELOFIBROSIS,Death,1,1,1
63,82,1,31,PLASMA CELL MYELOMA,Pneumonia,1,0,0
79,40.1,2,2,PARKINSON^S DISEASE,General physical health deterioration,1,0,0
57,79.5,2,11,HYPERLIPIDAEMIA,Renal mass,1,0,0
62,113.38,2,16,ASTHMA,Delirium,1,0,0
61,75,1,4,INFLAMMATORY MYOFIBROBLASTIC TUMOUR,Pyopneumothorax,1,1,0
36,52.15,2,1,CONTRACEPTION,Pain,1,0,0
47,79.37,2,1,CONTRACEPTION,Device issue,0,0,0
24,63.49,2,6,,Injury,1,0,0
9,40.82,1,1,SEASONAL ALLERGY,Accidental overdose,0,0,0
27,49.49,2,2,CONTRACEPTION,Embedded device,0,0,0
40,90,1,6,,Dyspepsia,1,0,1
22,145,1,3,,Urticaria,0,0,0
90,70.82,2,3,PLASMA CELL MYELOMA,Unevaluable event,0,0,0
16,90,2,5,CONVULSION,Petit mal epilepsy,0,0,0
22,69,1,15,TONSILLITIS,Pancytopenia,1,0,0
55,97.96,1,2,PRODUCT USED FOR UNKNOWN INDICATION,Diabetic ketoacidosis,1,0,0
63,72.6,2,16,CHRONIC LYMPHOCYTIC LEUKAEMIA,Pneumonia,1,0,0
49,92.52,2,5,BLOOD CALCIUM DECREASED,Blood calcium decreased,1,0,0
47,117.3,2,7,SYSTEMIC LUPUS ERYTHEMATOSUS,Breast cancer,0,0,0
49,48.6,2,4,SYSTEMIC LUPUS ERYTHEMATOSUS,Lupus vasculitis,1,0,0
74,62.2,1,3,PLASMA CELL MYELOMA,Unevaluable event,0,0,0
66,60,2,2,CHRONIC OBSTRUCTIVE PULMONARY DISEASE,Confabulation,1,0,0
76,84,2,6,OESOPHAGEAL ADENOCARCINOMA,Neutropenia,0,0,0
76,44.49,2,3,PLASMA CELL MYELOMA,Toxicity to various agents,0,0,0
85,160,2,3,PLASMA CELL MYELOMA,Toxicity to various agents,0,0,0
44,49,2,3,RHEUMATOID ARTHRITIS,Swelling face,0,0,1
39,69.7,2,3,PRODUCT USED FOR UNKNOWN INDICATION,Chest pain,1,0,0
65,53,2,1,CHRONIC OBSTRUCTIVE PULMONARY DISEASE,Chronic obstructive pulmonary disease,1,0,0
24,77.18,2,3,CONTRACEPTION,Device dislocation,0,0,0
56,125,2,2,PLASMA CELL MYELOMA,Toxicity to various agents,0,0,0
51,91.6,2,2,LOW DENSITY LIPOPROTEIN INCREASED,Type 2 diabetes mellitus,0,0,0
58,78,2,1,LOW DENSITY LIPOPROTEIN INCREASED,Type 2 diabetes mellitus,0,0,0
91,54,2,4,GLAUCOMA,Loss of consciousness,1,0,0
68,57,2,2,LOW DENSITY LIPOPROTEIN INCREASED,Type 2 diabetes mellitus,0,0,0
69,137,2,1,PLASMA CELL MYELOMA,Unevaluable event,0,0,0
72,57,1,5,PRODUCT USED FOR UNKNOWN INDICATION,Malaise,0,0,0
66,47,2,3,EPILEPSY,Loss of consciousness,0,0,0
61,160,1,1,PLASMA CELL MYELOMA,Unevaluable event,0,0,0
64,81.72,1,1,PLASMA CELL MYELOMA,Nausea,0,0,0
64,73,1,9,PRODUCT USED FOR UNKNOWN INDICATION,Dyspnoea,0,0,0
81,48,2,11,HYPERCHOLESTEROLAEMIA,Rhabdomyolysis,1,0,0
67,87.08,2,3,BLOOD TRIGLYCERIDES INCREASED,Type 2 diabetes mellitus,0,0,0
4,20.75,1,2,ASTROCYTOMA,Convulsion,1,0,0
49,63.5,2,3,MULTIPLE SCLEROSIS,Hypersensitivity,0,0,0
3,15,2,5,EAR INFECTION,Insomnia,0,0,0
65,176,2,2,PLASMA CELL MYELOMA,Toxicity to various agents,0,0,0
73,82,1,3,CHRONIC OBSTRUCTIVE PULMONARY DISEASE,Muscle spasms,0,0,0
45,98,2,1,PLASMA CELL MYELOMA,Toxicity to various agents,0,0,0
31,57,2,4,IRON DEFICIENCY,Anaphylactic reaction,0,0,0
68,70,1,2,PRODUCT USED FOR UNKNOWN INDICATION,Palpitations,0,0,0
25,54.8,2,2,IRON DEFICIENCY,Rash,0,0,0
72,63,2,12,PRODUCT USED FOR UNKNOWN INDICATION,Blood pressure increased,0,0,0
59,76,1,1,GOUT,Pancreatitis,1,0,0
86,72,2,3,BRONCHITIS,Pancreatitis,1,0,0
66,58,2,8,AGITATION,Sepsis,1,0,0
26,55.78,2,2,MAJOR DEPRESSION,Abdominal distension,0,0,0
36,86,1,2,COLON CANCER,Agranulocytosis,0,1,0
770,75,1,2,DYSPHAGIA,Dermatitis bullous,0,0,0
22241,85.3,1,25,NAUSEA,Malignant neoplasm progression,0,1,0
9,7.6,1,4,EPILEPSY,Diet refusal,1,0,0
63,54,2,3,,Faeces discoloured,0,0,0
46,68.03,2,7,ATROPHIC VULVOVAGINITIS,Hypoaesthesia,0,0,0
63,53.06,2,4,DYSPAREUNIA,Poor quality sleep,0,0,0
39,64,2,4,SKIN WRINKLING,Anaphylactic reaction,0,0,0
61,55.33,2,6,DYSPAREUNIA,Nausea,0,0,0
45,71.2,2,1,PRODUCT USED FOR UNKNOWN INDICATION,Contusion,0,0,0
57,47.17,2,3,DYSPAREUNIA,Swelling face,0,0,0
55,72.56,2,2,ATROPHIC VULVOVAGINITIS,Vaginal haemorrhage,0,0,0
80,102.04,1,10,ATRIAL FIBRILLATION,Aortic aneurysm,1,0,0
60,52.61,2,2,RHEUMATOID ARTHRITIS,Pyrexia,0,0,0
46,90,1,1,BIPOLAR I DISORDER,Mania,0,0,0
39,58,1,2,HEPATITIS B,Rectal cancer,0,0,0
57,113.83,2,2,SCHIZOPHRENIA,Influenza,1,0,0
55,62.13,2,3,DYSPAREUNIA,Vaginal haemorrhage,0,0,0
53,69,1,2,BACK PAIN,Extra dose administered,0,0,0
48,87.08,2,2,DYSPAREUNIA,Rash,0,0,0
67,68.48,2,2,VULVOVAGINAL DRYNESS,Hypersensitivity,0,0,0
47,74.83,2,4,PRODUCT USED FOR UNKNOWN INDICATION,Dysmenorrhoea,0,0,0
55,63.49,2,1,DYSPAREUNIA,Vaginal discharge,0,0,0
38,100,1,4,HIDRADENITIS,Seminoma,1,0,0
64,97.7,2,3,DIABETES MELLITUS,Myocardial infarction,1,0,0
78,57.7,2,17,TYPE 2 DIABETES MELLITUS,Bronchopneumonia,1,1,0
58,80.5,2,7,TYPE 2 DIABETES MELLITUS,Myocardial infarction,1,0,0
59,89.8,1,3,NEUROENDOCRINE TUMOUR,Fatigue,0,1,0
40,93,2,3,ROUTINE HEALTH MAINTENANCE,Type 2 diabetes mellitus,0,0,0
47,70.75,2,30,PRODUCT USED FOR UNKNOWN INDICATION,Nephrogenic systemic fibrosis,0,0,1
61,88,1,9,,Abdominal pain upper,0,0,0
59,70,2,7,,Renal infarct,1,0,1
67,104.31,2,3,HYPERTONIC BLADDER,Drug ineffective,0,0,0
58,44.44,2,17,CYSTIC FIBROSIS,Wheezing,0,0,1
56,68.03,2,5,CARDIOVASCULAR EVENT PROPHYLAXIS,Type 2 diabetes mellitus,0,0,0
64,77.1,,3,BLOOD CHOLESTEROL INCREASED,Type 2 diabetes mellitus,0,0,0
53,72.56,1,1,SMOKING CESSATION THERAPY,Drug effect incomplete,0,0,0
59,70,1,2,BENIGN PROSTATIC HYPERPLASIA,Respiratory failure,0,0,0
5,17,2,1,PRODUCT USED FOR UNKNOWN INDICATION,Tachycardia,1,0,0
16,43.54,1,17,EXFOLIATION SYNDROME,Psoriasis,0,0,0
29,50,2,7,HIV INFECTION,Hepatocellular injury,0,0,0
43,80.03,1,5,METASTATIC MALIGNANT MELANOMA,Hepatic haematoma,1,0,0
55,80,1,4,HEPATITIS B,Drug ineffective,0,0,0
62,80,2,2,SARCOMA,Febrile neutropenia,1,0,0
70,50,1,3,HEPATITIS B,Spinal fracture,1,0,0
85,105,1,6,ATRIAL FIBRILLATION,Gingival bleeding,1,0,0
69,56,2,8,BLOOD CHOLESTEROL INCREASED,Type 2 diabetes mellitus,0,0,0
54,65,2,3,METASTATIC MALIGNANT MELANOMA,Thrombocytopenia,0,0,0
20,75,2,1,HERPES SIMPLEX MENINGITIS,Renal tubular necrosis,1,0,0
79,78,1,1,CHRONIC OBSTRUCTIVE PULMONARY DISEASE,Pneumonia,1,0,0
82,81,1,3,ATRIAL FIBRILLATION,Ischaemic stroke,1,0,0
76,83,2,2,MALIGNANT MELANOMA,Pulmonary hypertension,1,0,0
85,65.76,2,1,HYPERTONIC BLADDER,Drug ineffective,0,0,0
63,86.17,1,1,LEUKAEMIA,Headache,0,0,0
28,92.06,2,10,PRODUCT USED FOR UNKNOWN INDICATION,Dyspnoea,0,0,0
45,64.2,1,3,ANALGESIC THERAPY,Post procedural infection,0,0,0
66,67,2,4,CHRONIC OBSTRUCTIVE PULMONARY DISEASE,Pulmonary thrombosis,1,0,0
37,75.82,2,1,CONTRACEPTION,Device dislocation,0,0,0
58,113,1,1,MALIGNANT MELANOMA,Interstitial lung disease,1,0,0
80,72.56,2,9,INCONTINENCE,Pain,0,0,0
44,64,2,5,CARDIOVASCULAR EVENT PROPHYLAXIS,Type 2 diabetes mellitus,0,0,0
45,64.5,2,2,EPILEPSY,Coronary artery disease,1,0,0
86,54.43,2,7,TYPE 2 DIABETES MELLITUS,Swollen tongue,0,0,0
86,104.31,2,3,ARTHRITIS,Arthropathy,0,0,0
53,108.86,2,1,ANTICOAGULANT THERAPY,Epistaxis,0,0,0
55,67.8,1,5,,Delirium,1,0,0
45,68,2,2,LOW DENSITY LIPOPROTEIN INCREASED,Renal disorder,0,0,0
64,77.1,2,2,MAJOR DEPRESSION,Nasopharyngitis,0,0,0
48,102.5,1,31,PRODUCT USED FOR UNKNOWN INDICATION,Weight increased,0,0,0
50,79.82,2,7,DEPRESSION,Myocardial infarction,1,0,0
78,67.12,2,5,HYPOAESTHESIA,Cerebrovascular accident,0,0,0
52,47.62,2,1,RHEUMATOID ARTHRITIS,Polychondritis,1,0,0
29,102.6,2,1,CONTRACEPTION,Device expulsion,0,0,0
63,60,2,13,HOT FLUSH,Product adhesion issue,0,0,0
67,152,1,1,PRODUCT USED FOR UNKNOWN INDICATION,Abdominal pain upper,0,0,0
71,69.09,2,11,ATRIAL FIBRILLATION,Vascular occlusion,1,0,0
73,98,1,6,ATRIAL FIBRILLATION,Bile duct stenosis,1,0,0
84,44,2,12,CEREBROVASCULAR ACCIDENT PROPHYLAXIS,Subcutaneous haematoma,1,0,0
66,65.31,2,9,,Death,0,1,0
50,94.79,2,9,NERVE COMPRESSION,Spinal disorder,0,0,0
78,55.78,2,1,GINGIVITIS,Clostridium difficile infection,0,0,0
28,80.27,1,4,ERECTILE DYSFUNCTION,Affective disorder,0,0,0
69,69.39,1,7,METASTASES TO LUNG,Renal impairment,1,1,0
28,63,2,4,CROHN^S DISEASE,Faecal calprotectin increased,1,0,0
37,73,2,9,TUBERCULOSIS,Prothrombin time shortened,1,0,0
78,94,1,1,MANTLE CELL LYMPHOMA,Dyspnoea,1,0,0
62,67,1,4,HEPATOCELLULAR CARCINOMA,Pyrexia,0,0,0
38,51.76,2,1,CONTRACEPTION,Device expulsion,0,0,0
60,74.38,2,6,DYSPAREUNIA,Micturition urgency,0,0,0
70,53.97,2,2,HORMONE REPLACEMENT THERAPY,Lung neoplasm malignant,0,0,0
19,63,2,1,TOOTHACHE,Drug ineffective,0,0,0
38,62.2,2,2,CONTRACEPTION,Pelvic pain,0,0,0
82,71,2,3,ATRIAL FIBRILLATION,Intestinal operation,1,0,0
34,62.13,2,9,HEPATITIS C,Irritable bowel syndrome,0,0,0
75,90.7,2,8,MICTURITION URGENCY,Drug ineffective,0,0,0
73,68.2,1,5,RHEUMATOID ARTHRITIS,Organising pneumonia,1,0,0
18,82,2,7,INDUCTION OF ANAESTHESIA,Oxygen saturation decreased,0,0,0
69,61,1,11,PLASMA CELL MYELOMA,Stevens-Johnson syndrome,1,0,0
44,81,1,5,HEPATITIS C,Lung adenocarcinoma stage IV,1,0,0
82,60,2,9,BLOOD CHOLESTEROL INCREASED,Tachycardia,1,0,0
84,81.63,2,2,,Blood pressure increased,1,0,0
51,47.6,2,8,CROHN^S DISEASE,Vision blurred,1,0,0
60,68,2,2,DEPRESSION,Disorientation,0,0,0
79,92,2,9,GOUT,Vasculitic rash,1,0,0
70,65,1,5,WOUND INFECTION BACTERIAL,Agranulocytosis,0,0,0
48,100,2,9,DEPRESSION,Diarrhoea,0,0,1
47,83,2,8,RHEUMATOID ARTHRITIS,Musculoskeletal stiffness,1,0,0
57,88.9,1,4,HIV INFECTION,Calculus urinary,1,0,0
63,58.11,2,8,CROHN^S DISEASE,Dysplasia,0,0,0
84,76,2,1,NEUROPATHY PERIPHERAL,Gait disturbance,0,0,0
73,60,2,1,ENDOCARDITIS BACTERIAL,Renal failure acute,1,0,0
86,82,1,6,PLASMA CELL MYELOMA,Electrolyte imbalance,1,0,0
10,46.2,2,7,EWING^S SARCOMA,Dehydration,1,0,0
39,62,2,4,,Asthenia,1,0,0
64,74,1,9,PANCREATIC INSUFFICIENCY,Chronic obstructive pulmonary disease,0,0,0
23,22,2,1,MUCOPOLYSACCHARIDOSIS VI,Endotracheal intubation complication,0,1,0
1,4.26,1,5,ANXIETY DISORDER,Kidney duplex,0,0,0
78,61.22,2,5,HYPERTONIC BLADDER,Oral herpes,0,0,0
63,111,2,8,HYPERTENSION,Nausea,0,0,0
54,81,1,3,,Cardiac arrest,0,0,0
66,58,2,9,AGITATION,Sepsis,1,0,0
48,99.77,2,2,URINARY INCONTINENCE,Application site erythema,0,0,0
62,73.55,2,4,CROHN^S DISEASE,Ulcer,1,0,0
21,53.5,2,2,HIV INFECTION,Immune reconstitution inflammatory syndrome,1,0,0
5,80,2,2,DEPRESSION,Ventricular tachycardia,1,0,0
54,92,1,14,,Cauda equina syndrome,1,0,1
15,66,1,4,MULTIPLE SCLEROSIS,Gamma-glutamyltransferase increased,0,0,0
45,91.5,1,5,TYPE 2 DIABETES MELLITUS,Angioedema,0,0,0
35,90,2,1,MULTIPLE SCLEROSIS,Abortion spontaneous,0,0,0
68,97,2,2,RHEUMATOID ARTHRITIS,Non-Hodgkin^s lymphoma,0,0,0
82,90,1,1,BLADDER CANCER,Folliculitis,1,0,0
76,57.66,2,11,PANCREATIC CARCINOMA,Chronic obstructive pulmonary disease,0,1,0
71,132,2,1,CHRONIC OBSTRUCTIVE PULMONARY DISEASE,Fall,0,0,0
32,67.7,2,7,ASTHMA,Skin infection,0,0,0
86,72,1,1,PRODUCT USED FOR UNKNOWN INDICATION,Product quality issue,0,0,0
46,61.7,1,5,MALIGNANT MELANOMA,Pigmentation disorder,0,0,0
60,68.03,2,2,DEPRESSION,Multiple chemical sensitivity,0,0,0
33,88,1,3,ATRIAL FIBRILLATION,Psoriasis,0,0,0
48,100,2,9,DEPRESSION,Abdominal pain upper,0,0,1
65,100,1,3,HYPERLIPIDAEMIA,Immune-mediated necrotising myopathy,1,0,0
51,47,2,3,BREAST CANCER,Toxic skin eruption,0,0,0
25,79.37,2,1,CONTRACEPTION,Cyst,0,0,0
49,79,0,2,HEPATITIS C,Viral load increased,0,0,0
37,62.59,2,4,BACK PAIN,Local swelling,0,0,0
54,81,1,3,PRODUCT USED FOR UNKNOWN INDICATION,Cardiac arrest,0,0,0
46,87,2,8,SEIZURE,Depression,0,0,0
69,68,1,23,B-CELL LYMPHOMA,Anaemia,1,0,0
79,54.8,2,3,RHEUMATOID ARTHRITIS,Nephrotic syndrome,1,0,0
57,98.11,2,2,ASTHMA,Pneumonia,0,0,1
67,68,1,2,MULTIPLE SCLEROSIS,Myocardial infarction,0,1,0
61,55.33,2,2,RHEUMATOID ARTHRITIS,Systemic lupus erythematosus,0,0,0
85,56,1,19,,Pneumonia,0,1,1
54,56,2,7,MULTIPLE SCLEROSIS,Urticaria,0,0,0
47,60,2,1,MULTIPLE SCLEROSIS,Depressed mood,0,0,0
54,72,2,3,PRODUCT USED FOR UNKNOWN INDICATION,Blood parathyroid hormone increased,0,0,0
45,92,2,1,MULTIPLE SCLEROSIS,Aspartate aminotransferase increased,0,0,0
40,70,2,8,MULTIPLE SCLEROSIS,Chills,0,0,0
53,82,2,5,,Pulmonary embolism,1,0,0
26,74,1,1,PSORIASIS,Vasculitis gastrointestinal,1,0,0
51,69.39,2,9,ANAPLASTIC ASTROCYTOMA,Anaplastic astrocytoma,0,0,0
1,2.7,1,3,EPILEPSY,Neonatal respiratory distress syndrome,0,0,0
83,93,1,10,STENT PLACEMENT,Retroperitoneal haematoma,1,0,0
51,76.2,2,15,,Intentional overdose,1,0,0
6,34.8,2,1,B-CELL TYPE ACUTE LEUKAEMIA,Injection site pain,0,0,0
60,62,2,3,CHRONIC OBSTRUCTIVE PULMONARY DISEASE,Gastric ulcer,0,0,0
43,73,2,5,BREAST CANCER,Inflammation,0,0,0
59,88.6,2,1,PSORIATIC ARTHROPATHY,Pleurisy,1,0,0
56,104.5,2,8,PSORIATIC ARTHROPATHY,Arthralgia,1,0,0
34,94,2,4,RHEUMATOID ARTHRITIS,Papilloma,1,0,0
30,75.28,2,1,CONTRACEPTION,Swelling face,0,0,0
78,86.64,2,1,WALDENSTROM^S MACROGLOBULINAEMIA,Tremor,0,0,0
8,23,2,5,PYREXIA,Gingival hyperplasia,1,0,0
88,85,2,9,ATRIAL FIBRILLATION,Subdural haematoma,1,1,0
52,97.52,1,8,,Cardiac arrest,0,1,0
30,86.18,1,1,CROHN^S DISEASE,Completed suicide,0,1,0
50,86.18,1,2,BIPOLAR I DISORDER,Depression,1,0,0
62,79.38,2,1,RESPIRATORY TRACT INFECTION,Drug ineffective,0,0,0
68,86.18,2,1,HYPOTHYROIDISM,Diarrhoea,0,0,1
3,17.69,2,2,ASTHMA,Back pain,0,0,1
37,58.97,2,1,MUSCLE BUILDING THERAPY,Muscle tightness,0,0,0
18,65.77,2,1,WEIGHT CONTROL,Renal disorder,0,0,0
68,88.9,1,8,HYPERTENSION,Cough,0,0,0
67,68,2,1,BRONCHITIS,Oropharyngeal pain,0,0,0
58,158,2,7,CLOSTRIDIUM DIFFICILE INFECTION,Blister,0,0,0
63,58.06,2,2,BOWEL PREPARATION,Acute phosphate nephropathy,1,0,0
54,81,1,3,PRODUCT USED FOR UNKNOWN INDICATION,Cardiac arrest,0,0,0
62,81.65,2,1,,Dyspnoea,0,0,0
50,82.55,0,3,PRODUCT USED FOR UNKNOWN INDICATION,Oral pain,0,0,1
58,75.4,1,4,RENAL TRANSPLANT,Focal segmental glomerulosclerosis,1,0,0
32,83.1,2,1,ORAL CONTRACEPTION,Chest pain,1,0,0
75,81.65,2,1,INFECTION,Paralysis,0,0,0
46,97.52,2,1,RESTLESS LEGS SYNDROME,Rash,0,0,0
52,73,1,18,DELIRIUM,Respiratory arrest,1,0,0
53,95.71,2,1,OSTEOMYELITIS,Nausea,1,0,0
84,50.5,2,3,PLASMA CELL MYELOMA,Pneumonia pneumococcal,1,0,0
57,102.06,1,1,SINUSITIS,Insomnia,0,0,0
22,70,1,10,,Toxic epidermal necrolysis,1,1,0
35,78,2,3,EPILEPSY,Premature rupture of membranes,0,0,0
43,70.31,2,1,COUGH,Dizziness,0,0,0
50,68,2,9,APPLICATION SITE INFECTION,Frequent bowel movements,1,0,0
51,83.92,1,1,RHEUMATOID ARTHRITIS,Erectile dysfunction,0,0,1
71,73,2,1,CHRONIC OBSTRUCTIVE PULMONARY DISEASE,Incorrect route of drug administration,0,0,0
38,54,2,1,,Arthralgia,0,0,0
85,74.1,1,7,RHEUMATOID ARTHRITIS,Myocardial infarction,1,0,0
73,92.99,1,2,PROSTATIC SPECIFIC ANTIGEN INCREASED,Muscular weakness,0,0,1
30,67.6,2,4,MYCOSIS FUNGOIDES,Dyspnoea,1,0,0
57,80,1,1,PROSTATITIS,Convulsion,0,0,1
31,61.24,2,2,ACUTE MYELOID LEUKAEMIA,Neuropathy peripheral,0,0,1
53,98.43,1,1,BLOOD TESTOSTERONE DECREASED,Cerebrovascular accident,1,0,1
60,46.2,2,1,,Abdominal pain,1,0,0
81,101,1,2,RHEUMATOID ARTHRITIS,Dyspnoea,1,0,0
24,63.5,2,2,ANXIETY,Dizziness,0,0,0
52,69.5,2,2,,Dizziness,1,0,0
63,111,2,8,GOUT,Cough,0,0,0
18,87.09,2,3,BRONCHITIS,Pain,0,0,1
45,122.47,1,2,BLOOD TESTOSTERONE DECREASED,Migraine,1,0,1
44,85,1,6,,Haematemesis,1,0,0
43,59.93,1,1,PLASMA CELL MYELOMA,Toxicity to various agents,0,0,0
36,104.33,1,2,GASTROINTESTINAL INFECTION,Muscle spasms,1,0,1
73,74.2,1,2,,Fatigue,1,0,0
49,108,1,5,POLYNEUROPATHY,Liver function test abnormal,1,0,0
26,72.58,2,1,MENTAL DISORDER,Dizziness,0,0,0
40,108.8,1,6,,Rectal haemorrhage,1,0,0
21,79.38,1,1,SEASONAL ALLERGY,Urticaria,0,0,0
65,82.1,1,2,,Nephrolithiasis,1,0,0
84,99.79,1,2,URINARY TRACT INFECTION,Myocardial infarction,0,0,1
72,44,1,6,PARKINSON^S DISEASE,Clostridium difficile colitis,1,0,0
75,79.38,2,1,OSTEOPOROSIS,Tooth disorder,0,0,1
22,89.81,2,1,,Diplopia,0,0,1
66,75.3,2,1,BOWEL PREPARATION,Vomiting,0,0,0
80,57.15,2,1,RHEUMATOID ARTHRITIS,Blood pressure increased,0,0,0
50,101,2,12,DIFFUSE LARGE B-CELL LYMPHOMA,Left ventricular dysfunction,1,0,0
54,113.4,2,1,ARTHRITIS,Hypoaesthesia oral,0,0,0
59,86,1,3,HYPERTENSION,Myocardial infarction,0,1,0
35,77.16,2,10,PRODUCT USED FOR UNKNOWN INDICATION,Breast cancer metastatic,1,1,0
64,119.2,1,2,ATRIAL FIBRILLATION,Haemorrhage intracranial,1,0,0
32,79,1,21,,Injection site mass,0,0,0
29,127.01,2,2,ENDOMETRIOSIS,Muscular weakness,0,0,1
74,80.8,1,1,FIBROMYALGIA,Angioedema,0,0,0
55,65.77,2,2,MOOD SWINGS,Nausea,0,0,0
67,163,1,17,THROMBOSIS PROPHYLAXIS,Subdural haematoma,0,1,0
34,81.65,2,1,,Pain,0,0,0
35,81.65,2,1,INSOMNIA,Hallucination,0,0,0
69,127.7,1,2,,Drug dose omission,1,0,0
28,76.2,2,1,HELICOBACTER INFECTION,Chest pain,0,0,0
46,67.59,2,1,GASTROOESOPHAGEAL REFLUX DISEASE,Appendicitis,0,0,0
28,72.58,2,1,CONTRACEPTION,Urine odour abnormal,0,0,1
44,65.77,2,2,SLEEP DISORDER,Suicidal ideation,0,0,0
51,99.79,1,1,BACK PAIN,Serotonin syndrome,1,0,0
55,90.72,2,2,SINUSITIS,Bone pain,0,0,1
66,66.4,2,1,BREAST CANCER,Tremor,1,0,0
78,81.8,1,13,HEART TRANSPLANT,Clostridium difficile infection,1,0,0
59,56.7,2,1,SINUS DISORDER,Gait disturbance,0,0,1
58,63.5,1,1,CONJUNCTIVITIS,Hypersensitivity,0,0,0
53,94.35,2,1,HYPERTENSION,Alopecia,0,0,0
32,59.88,2,1,BRUCELLA TEST POSITIVE,Drug withdrawal syndrome,0,0,1
66,67,2,10,PRODUCT USED FOR UNKNOWN INDICATION,Rash,0,0,0
63,111,2,8,HYPERTENSION,Nausea,0,0,0
29,79.38,2,1,BACK PAIN,Nausea,1,0,0
37,48.08,2,2,ANXIETY,Movement disorder,0,0,0
8,33.57,1,1,ATTENTION DEFICIT/HYPERACTIVITY DISORDER,Priapism,0,0,0
61,63.5,2,3,HYPERHIDROSIS,Feeling drunk,0,0,0
58,85.73,2,1,BIPOLAR DISORDER,Fall,0,0,1
39,104.33,2,1,CONTRACEPTION,Depression,0,0,0
32,78,2,2,EPILEPSY,Gestational diabetes,0,0,0
28,104.87,2,1,CONTRACEPTION,Device breakage,0,0,0
76,71.8,1,1,SURGERY,Neutropenia,1,0,0
54,51.71,2,1,,Malaise,0,0,0
37,83.01,2,1,,Uterine pain,0,0,0
50,111.59,2,1,SINUSITIS,Tendonitis,0,0,1
40,88.45,2,1,MUSCLE SPASMS,Nasopharyngitis,0,0,0
88,56.75,2,5,ACUTE MYELOID LEUKAEMIA,Acute myeloid leukaemia,0,1,0
42,70.89,2,18,FABRY^S DISEASE,Cardiac disorder,0,0,0
34,80.74,1,1,ALOPECIA,Dysarthria,0,0,1
63,111,2,8,GOUT,Depression,0,0,0
68,79.83,2,1,URINARY TRACT INFECTION,Tendonitis,0,0,1
75,81,1,2,COLON CANCER METASTATIC,Skin burning sensation,0,0,0
28,117.94,1,1,GENITAL HERPES,Hypertension,0,0,1
73,62.1,2,10,CHRONIC LYMPHOCYTIC LEUKAEMIA,Dyspnoea exertional,1,0,0
52,64,1,2,PROPHYLAXIS,Hepatitis acute,1,0,0
69,102.6,1,22,CHRONIC LYMPHOCYTIC LEUKAEMIA,Pyrexia,1,0,0
6,17.46,1,3,CHRONIC GRANULOMATOUS DISEASE,Viral infection,1,0,0
26,56.7,2,2,INFECTION PROPHYLAXIS,Diarrhoea,0,0,0
69,124.74,1,2,POST-TRAUMATIC STRESS DISORDER,Rash,0,0,0
61,95.26,2,2,GLYCOSYLATED HAEMOGLOBIN INCREASED,Cardiac disorder,0,0,0
31,99.79,2,1,EAR INFECTION,Tendonitis,0,0,1
46,98,1,11,MALIGNANT MELANOMA,Meningitis aseptic,1,0,0
68,80,1,5,BLADDER SQUAMOUS CELL CARCINOMA STAGE UNSPECIFIED,Off label use,0,0,0
79,62.6,2,19,URINARY TRACT INFECTION,Interstitial lung disease,0,0,0
54,77.11,2,2,RESTLESS LEGS SYNDROME,Loss of consciousness,1,0,0
36,58.97,2,3,MULTIPLE SCLEROSIS,Dermatitis bullous,0,0,0
24,108.86,1,2,INSOMNIA,Hypoaesthesia,0,0,0
25,56,2,1,,Joint swelling,0,0,0
62,68.04,2,1,SINUS CONGESTION,Dizziness,0,0,0
46,63.5,2,3,URINARY TRACT INFECTION,Pyrexia,0,0,0
37,86.18,2,1,DEPRESSION,Suicidal ideation,0,0,0
49,147.42,2,1,BRONCHITIS,Diarrhoea,0,0,0
87,63,2,11,DIARRHOEA,Infectious colitis,1,0,0
60,111.13,1,1,BLOOD TESTOSTERONE DECREASED,Pulmonary embolism,1,0,0
37,38,2,8,INFLUENZA,Convulsion,0,1,0
31,77.27,1,2,PAIN,Injection site erythema,0,0,0
67,57.6,2,11,COLITIS ULCERATIVE,Arthralgia,1,0,0
58,81.65,1,8,TYPE 2 DIABETES MELLITUS,Abdominal pain,1,0,0
63,72.58,2,4,BRONCHITIS,Synovitis,0,0,0
62,110,2,2,ATRIAL FIBRILLATION,Occult blood positive,1,0,0
78,50.6,1,6,SEDATIVE THERAPY,Anaphylactic shock,0,0,0
69,75.7,2,2,OSTEOPOROSIS POSTMENOPAUSAL,Vomiting,1,0,0
17,58,2,1,ACNE,Drug reaction with eosinophilia and systemic symptoms,0,0,0
18,46,2,1,BACTERIAL INFECTION,Headache,0,0,1
69,55,1,3,RECTAL CANCER RECURRENT,Small intestinal obstruction,0,0,0
59,100.3,1,12,,Sick sinus syndrome,1,0,0
31,92.08,2,4,MYELODYSPLASTIC SYNDROME,Febrile neutropenia,1,0,0
44,77.11,2,1,DEPRESSION,Alopecia,0,0,0
73,92,1,2,LUNG NEOPLASM MALIGNANT,Haematuria,1,0,0
62,99.79,2,2,PROPHYLAXIS,Myalgia,0,0,1
42,85,1,1,PRODUCT USED FOR UNKNOWN INDICATION,Retroperitoneal fibrosis,0,0,1
58,49.44,2,1,PULMONARY ARTERIAL HYPERTENSION,Lung operation,0,0,0
47,56.7,2,1,INSOMNIA,Insomnia,0,0,0
36,64.2,2,2,PULMONARY ARTERIAL HYPERTENSION,Medical device complication,1,0,0
55,89.36,2,1,HYPERTENSION,Arthralgia,0,0,0
70,60.3,2,1,PULMONARY ARTERIAL HYPERTENSION,Convulsion,1,0,0
64,83.92,2,1,COLONOSCOPY,Chills,0,0,0
26,65.77,2,4,PULMONARY ARTERIAL HYPERTENSION,Syncope,1,0,0
66,81.65,1,1,HYPOTHYROIDISM,Tension headache,1,0,0
61,76.2,2,1,DACRYOCYSTITIS,Vomiting,1,0,0
25,45.36,2,1,ADDISON^S DISEASE,Fatigue,1,0,0
37,63.2,2,4,PULMONARY ARTERIAL HYPERTENSION,Fatigue,1,0,0
58,81.65,2,2,SOCIAL PHOBIA,Headache,0,0,0
17,68.4,2,1,CROHN^S DISEASE,Anger,0,0,0
58,56.7,2,1,NARCOLEPSY,Drug effect decreased,0,0,0
72,89.81,1,3,PULMONARY ARTERIAL HYPERTENSION,Clavicle fracture,1,0,0
71,72.57,2,4,COR PULMONALE CHRONIC,Respiratory distress,1,0,0
52,96.62,2,1,,Product substitution issue,0,0,0
56,91.17,1,2,COR PULMONALE CHRONIC,Cerebral haemorrhage,1,0,0
58,68.04,2,1,ASTHMA,Asthma,0,0,0
19,75,2,3,,Deep vein thrombosis,0,0,0
56,90.7,2,1,PULMONARY ARTERIAL HYPERTENSION,Hypovolaemia,1,1,0
72,98,2,9,MYELODYSPLASTIC SYNDROME,Deep vein thrombosis,0,0,1
33,81.64,2,3,PULMONARY ARTERIAL HYPERTENSION,Lung infection,1,0,0
63,66,2,1,PULMONARY ARTERIAL HYPERTENSION,Pulmonary oedema,1,1,0
76,66.23,2,2,PLASMA CELL MYELOMA,Atrial fibrillation,1,0,0
65,86.18,2,1,ANXIETY,Headache,0,0,0
68,85,1,6,CHRONIC OBSTRUCTIVE PULMONARY DISEASE,Pneumonia,1,0,0
74,81,1,8,CHRONIC OBSTRUCTIVE PULMONARY DISEASE,Suicidal ideation,0,0,0
74,120,1,13,PRODUCT USED FOR UNKNOWN INDICATION,Agitation,1,0,0
57,58,2,8,,Polyserositis,1,0,0
61,77.11,1,1,ARRHYTHMIA PROPHYLAXIS,Drug ineffective,0,0,0
76,65,2,21,PLASMA CELL MYELOMA,Influenza,1,0,0
61,75,2,3,RHEUMATOID ARTHRITIS,Endometrial cancer,1,1,0
73,62.1,2,7,DYSPNOEA,Eye pain,0,0,0
74,91,2,1,CHRONIC OBSTRUCTIVE PULMONARY DISEASE,Incorrect route of drug administration,0,0,0
24821,48.5,2,8,HYPERTENSION,Viral infection,0,0,0
80,56,2,10,COLON CANCER,Herpes zoster,0,0,0
57,80,1,6,CORONARY ARTERIAL STENT INSERTION,Chest pain,1,0,1
65,91.63,1,2,ANTIPLATELET THERAPY,Air embolism,1,0,1
78,88.6,2,10,ANXIETY,Depression,1,0,0
63,167,2,14,MULTIPLE SCLEROSIS RELAPSE,Appendicitis,1,0,0
69,53,2,29,PYREXIA,Injection site erythema,0,0,0
68,88,1,7,RECTAL CANCER METASTATIC,Gravitational oedema,0,0,0
62,50.79,2,1,POLLAKIURIA,Application site swelling,0,0,0
21,50,2,4,INSOMNIA,Confusional state,1,0,0
48,100,2,9,DEPRESSION,Abdominal pain upper,0,0,1
37,62.59,2,4,BACK PAIN,Pruritus,0,0,0
68,67,1,1,ARTHRALGIA,Eczema,0,0,0
74,62,2,2,LOW DENSITY LIPOPROTEIN INCREASED,Type 2 diabetes mellitus,0,0,0
82,45,2,8,OSTEOPOROSIS,Hepatic function abnormal,0,0,0
54,64,2,2,CARDIOVASCULAR EVENT PROPHYLAXIS,Fatigue,0,0,0
62,119,1,9,PSORIASIS,Empyema,1,0,0
63,61,2,4,,Type 2 diabetes mellitus,0,0,0
54,66.67,2,15,RHEUMATOID ARTHRITIS,Tooth abscess,0,0,0
49,78,2,7,BLOOD CHOLESTEROL INCREASED,Myocardial infarction,0,0,1
56,63.04,2,13,OSTEOPOROSIS,Pulmonary embolism,1,0,0
22,69,1,18,TONSILLITIS,Pancytopenia,1,0,0
85,54,1,5,PROSTATE CANCER,Hyperkalaemia,1,0,0
69,91.63,1,2,5Q MINUS SYNDROME,Pancytopenia,1,0,0
80,56,2,9,COLON CANCER,Herpes zoster,0,0,0
61,76.8,2,6,PLASMA CELL MYELOMA,Peripheral sensory neuropathy,0,0,0
75,92.53,1,10,PLASMA CELL MYELOMA,Cellulitis,0,0,0
55,78,1,2,IMMUNOSUPPRESSION,Cardiac arrest,0,1,0
66,67,2,10,,Rash,0,0,0
75,68.27,2,7,,Application site erythema,0,0,0
63,82.1,1,16,,Post procedural haemorrhage,0,0,1
85,82,2,4,,Dehydration,1,0,0
76,75.28,2,5,HYPERTONIC BLADDER,Rash,0,0,0
66,45.36,2,4,PLASMA CELL MYELOMA,Pneumonia,1,0,0
87,58.06,2,10,PLASMA CELL MYELOMA,Blood pressure abnormal,1,0,0
60,101,1,13,,Orthostatic hypotension,1,0,0
43,75,1,3,FABRY^S DISEASE,End stage renal disease,1,0,0
67,185,2,10,PLASMA CELL MYELOMA,Pulmonary thrombosis,1,0,0
72,99.88,1,4,BRONCHITIS,Sensation of foreign body,0,0,0
62,76,1,1,TYPE 2 DIABETES MELLITUS,Pneumonia,1,1,0
61,99.14,2,12,TYPE 2 DIABETES MELLITUS,Renal tubular necrosis,1,0,0
45,104.87,2,6,RHEUMATOID ARTHRITIS,Rheumatoid arthritis,1,0,0
78,79.3,2,8,CORONARY ARTERY DISEASE,Dyspnoea exertional,1,0,0
34,65,1,2,EPILEPSY,Diarrhoea,0,0,0
68,65,1,28,ASPERGILLUS INFECTION,Blood sodium decreased,0,1,0
61,55,2,5,CONVULSION,Rash erythematous,0,0,0
58,70,2,3,STATUS EPILEPTICUS,Anaphylactic reaction,0,0,0
51,90,1,7,EPILEPSY,Rash maculo-papular,0,0,0
7,19,1,17,BONE MARROW CONDITIONING REGIMEN,Acute myeloid leukaemia recurrent,0,1,0
48,75,2,12,RHEUMATOID ARTHRITIS,Herpes zoster,0,0,0
89,85.91,2,27,MYELODYSPLASTIC SYNDROME,Atrial fibrillation,1,0,0
76,67.13,2,16,,Acute myeloid leukaemia,0,0,0
45,64.5,2,1,GAUCHER^S DISEASE,Knee arthroplasty,0,0,0
20,45,1,6,,Status epilepticus,1,0,0
55,86,2,3,PRODUCT USED FOR UNKNOWN INDICATION,Urticaria,0,0,0
69,54,1,13,APLASTIC ANAEMIA,Bradycardia,1,0,0
63,110.4,2,6,NEOPLASM MALIGNANT,Flushing,0,0,0
71,63.87,1,14,PLASMA CELL MYELOMA,Renal failure,0,0,0
54,75,1,4,ANTIVIRAL TREATMENT,Drug interaction,0,0,0
58,68,2,2,CARDIOVASCULAR EVENT PROPHYLAXIS,Type 2 diabetes mellitus,0,0,0
45,60,2,3,ANTIVIRAL TREATMENT,Pancytopenia,0,0,0
48,77,1,4,ANTIVIRAL TREATMENT,Pancytopenia,0,0,0
39,70,2,4,PARTIAL SEIZURES,Infertility female,0,0,0
28,63,2,1,PULMONARY EMBOLISM,Evacuation of retained products of conception,0,0,0
43,108.86,2,7,PLASMA CELL MYELOMA,Pancytopenia,0,0,0
63,67.6,2,13,ATYPICAL MYCOBACTERIAL INFECTION,Neutrophil count decreased,0,0,0
64,86,2,4,,Pleural effusion,0,1,0
71,88.45,1,11,PLASMA CELL MYELOMA,Laboratory test abnormal,0,0,0
60,99.3,1,10,PLASMA CELL MYELOMA,Hepatic enzyme increased,0,0,0
12,38.9,2,1,BIPOLAR DISORDER,Hypertension,1,0,0
66,65,1,9,ACUTE GRAFT VERSUS HOST DISEASE,Pneumonia,1,1,0
74,92.99,1,6,MYELODYSPLASTIC SYNDROME,Full blood count decreased,1,0,0
63,91.8,1,9,PLASMA CELL MYELOMA,Interstitial lung disease,0,0,0
49,98.4,1,3,,Asthenia,0,0,0
73,79.38,2,10,PLASMA CELL MYELOMA,Pneumonia,1,0,0
63,99.79,2,12,PLASMA CELL MYELOMA,Immunoglobulins increased,0,0,0
83,44.5,2,4,MYELODYSPLASTIC SYNDROME,Back pain,1,0,0
66,72.6,1,3,PLASMA CELL MYELOMA,Drug intolerance,0,0,0
27,69.8,2,1,PAROXYSMAL NOCTURNAL HAEMOGLOBINURIA,Aspergillus infection,1,1,0
72,59,1,13,APLASTIC ANAEMIA,Renal impairment,1,1,0
74,42,2,5,BOWEL PREPARATION,Hemiparesis,0,0,1
62,60,2,1,MYELODYSPLASTIC SYNDROME,Sinus disorder,0,0,0
84,62.13,2,8,URINARY INCONTINENCE,Drug administered at inappropriate site,0,0,0
71,70.3,2,2,PLASMA CELL MYELOMA,Rash erythematous,0,0,0
60,68.27,2,6,ENURESIS,Headache,0,0,0
89,85,1,9,WHEEZING,American trypanosomiasis,0,0,0
72,50.35,2,1,PLASMA CELL MYELOMA,Somnolence,0,0,0
67,80.29,2,2,PLASMA CELL MYELOMA,Bone marrow failure,1,0,0
43,76,2,1,CONTRACEPTION,Breast cancer stage I,0,0,0
77,49.9,2,9,PLASMA CELL MYELOMA,Abdominal distension,0,0,0
75,64,2,15,MYELOFIBROSIS,Hyperkalaemia,1,0,0
18,75,1,1,CHILLS,Erythema,0,0,0
29,79.55,1,4,PAIN,Erythema,0,0,0
71,65.3,2,9,PLASMA CELL MYELOMA,Tooth disorder,0,0,0
62,113.4,1,18,PLASMA CELL MYELOMA,Laboratory test abnormal,0,0,0
65,61.3,2,15,LUNG TRANSPLANT REJECTION,Bone marrow toxicity,0,0,0
8,.8,2,3,ANTIRETROVIRAL THERAPY,Respiratory arrest,0,1,0
18,76,1,6,DEPRESSION,Drug interaction,0,0,0
69,72.9,1,5,PLASMA CELL MYELOMA,Pulmonary embolism,0,0,0
61,77.11,2,3,PULMONARY ARTERIAL HYPERTENSION,Death,0,1,0
65,74.84,2,3,COR PULMONALE CHRONIC,Death,0,1,0
63,70,1,81,DIFFUSE LARGE B-CELL LYMPHOMA,Infection,1,0,0
42,90,1,4,PULMONARY ARTERIAL HYPERTENSION,Death,1,1,0
52,111,1,16,TYPE 1 DIABETES MELLITUS,Cardiac operation,0,0,0
74,69,1,3,PLASMA CELL MYELOMA,Plasma cell myeloma,1,0,0
83,63.5,2,4,MYELODYSPLASTIC SYNDROME,Haematemesis,0,0,0
77,80.29,2,1,PLASMA CELL MYELOMA,Diarrhoea,1,0,0
56,85,1,1,DEPRESSION,Pulmonary embolism,1,0,1
56,84.82,2,4,PLASMA CELL MYELOMA,Pneumonia,1,0,0
80,67.13,2,12,PLASMA CELL MYELOMA,Haemoglobin decreased,0,0,0
59,70.3,1,3,PLASMA CELL MYELOMA,Plasma cell myeloma,0,0,1
40,103,2,5,CONTRACEPTION,Caesarean section,0,0,0
66,71.67,2,3,PLASMA CELL MYELOMA,Periorbital oedema,0,0,0
72,63.5,2,15,DIFFUSE LARGE B-CELL LYMPHOMA,Meningitis aseptic,1,0,0
66,98.23,2,6,CARDIOVASCULAR EVENT PROPHYLAXIS,Adenocarcinoma of colon,1,0,0
78,68.04,1,10,MYELOFIBROSIS,Squamous cell carcinoma of skin,0,0,0
62,80.9,1,4,RENAL FAILURE CHRONIC,Pancreatitis,1,0,0
87,90.7,1,4,PLASMA CELL MYELOMA,Asthenia,1,0,0
66,84,1,4,RENAL TRANSPLANT,Cardiac arrest,1,1,0
58,85,1,1,ATRIAL FIBRILLATION,Ischaemic stroke,1,0,1
85,80.74,1,17,MYELODYSPLASTIC SYNDROME,Keratoacanthoma,0,0,0
59,45.4,2,10,PLASMA CELL MYELOMA,Anxiety,0,0,0
29383,76,1,25,PERIPHERAL ARTERIAL OCCLUSIVE DISEASE,Chronic obstructive pulmonary disease,1,0,0
56,89.8,2,6,PLASMA CELL MYELOMA,Pneumonia,0,0,0
33,75,2,3,,Uterine disorder,1,0,0
73,88.5,1,6,PLASMA CELL MYELOMA,Intraocular pressure increased,0,0,0
29,74.83,2,8,CONTRACEPTION,Hormone level abnormal,1,0,0
75,61.2,2,5,COUGH,Pneumonia,1,0,0
64,87.5,1,3,PLASMA CELL MYELOMA,Amnesia,0,0,0
75,81.19,1,1,PLASMA CELL MYELOMA,Laceration,0,0,0
37,103.4,2,1,CONTRACEPTION,Device expulsion,0,0,0
62,103.15,2,24,MYELODYSPLASTIC SYNDROME,Haemoglobin decreased,1,0,0
81,71.67,2,5,PLASMA CELL MYELOMA,Cardiac failure congestive,1,0,0
32,55.84,2,2,POST COITAL CONTRACEPTION,Abortion induced,0,0,0
63,145,2,7,PLASMA CELL MYELOMA,Sluggishness,0,0,0
56,54,1,2,MYELODYSPLASTIC SYNDROME,Septic shock,1,0,0
76,162.6,1,3,PLASMA CELL MYELOMA,Platelet count decreased,0,0,0
68,101.61,2,12,DIABETES MELLITUS,Drug hypersensitivity,1,0,0
71,61.8,2,11,COLORECTAL CANCER,Tumour lysis syndrome,1,1,0
56,117.9,1,15,PLASMA CELL MYELOMA,Brain neoplasm,0,0,0
76,81,1,5,PRODUCT USED FOR UNKNOWN INDICATION,Cerebral infarction,0,0,0
72,67.13,2,7,MYELODYSPLASTIC SYNDROME,Incorrect dose administered,0,0,0
35,70.75,2,1,CONTRACEPTION,Device expulsion,0,0,0
72,80.7,1,9,PLASMA CELL MYELOMA,Fall,0,0,0
32,113.38,2,6,,Multiple sclerosis relapse,1,0,0
25,54.93,2,1,CONTRACEPTION,Device expulsion,0,0,0
85,79.37,2,4,POLLAKIURIA,Skin irritation,0,0,0
79,73.94,2,5,PLASMA CELL MYELOMA,Colitis ischaemic,1,0,0
56,70.76,2,4,LYMPHOMA,Platelet count decreased,0,0,0
50,54.48,2,3,UTERINE POLYP,Dizziness,1,0,0
50,72.58,2,2,PLASMA CELL MYELOMA,Pneumonia,1,0,0
64,57,2,3,HYPERTENSION,Type 2 diabetes mellitus,0,0,0
56,103,2,3,,Retinal detachment,1,0,0
53,80,1,26,BRAIN NEOPLASM MALIGNANT,Multi-organ failure,1,1,0
48,86,2,3,LOW DENSITY LIPOPROTEIN INCREASED,Type 2 diabetes mellitus,0,0,0
55,65.76,2,2,LOW DENSITY LIPOPROTEIN INCREASED,Cardiovascular disorder,0,0,1
45,93,1,4,PRODUCT USED FOR UNKNOWN INDICATION,Death,1,1,0
60,84.81,2,2,LOW DENSITY LIPOPROTEIN INCREASED,Type 2 diabetes mellitus,0,0,0
54,107,2,2,LOW DENSITY LIPOPROTEIN INCREASED,Type 2 diabetes mellitus,0,0,0
54,75,2,7,,Type 2 diabetes mellitus,0,0,0
51,80,2,2,LOW DENSITY LIPOPROTEIN INCREASED,Type 2 diabetes mellitus,0,0,0
65,104,2,3,,Type 2 diabetes mellitus,0,0,0
37,63,2,4,BACK PAIN,Local swelling,0,0,0
61,67.13,1,10,PLASMA CELL MYELOMA,Vomiting,1,0,0
54,81,1,3,PRODUCT USED FOR UNKNOWN INDICATION,Cardiac arrest,0,0,0
42,100,2,1,SEDATION,Medication error,0,1,0
50,127,2,7,FUNGAL INFECTION,Pruritus,1,0,0
63,111,2,8,GOUT,Depression,0,0,0
68,89,1,8,HYPERTENSION,Cough,0,0,0
54,98.43,2,4,PLASMA CELL MYELOMA,Renal failure,1,0,0
39,81.18,2,2,DEPRESSION,Product quality issue,0,0,0
56,47.8,1,9,EPILEPSY,Sudden death,0,1,0
69,74.83,1,4,,Hypoacusis,0,1,0
65,56,2,1,SMOKING CESSATION THERAPY,Abnormal dreams,0,0,0
58,102.95,2,6,FIBROMYALGIA,Arthralgia,0,0,0
80,90.7,1,4,ERECTILE DYSFUNCTION,Dizziness,0,0,0
60,104.33,2,5,PLASMA CELL MYELOMA,Pneumonia,1,0,0
80,57.2,2,9,5Q MINUS SYNDROME,Spinal fracture,0,0,0
60,90.7,1,1,BACK PAIN,Intentional drug misuse,0,0,0
72,86.17,1,2,INFLAMMATION,Dyspepsia,0,0,0
63,56.69,2,2,RENAL CANCER,Dyspnoea exertional,0,0,0
31,83,2,4,LABOUR INDUCTION,Hyponatraemic seizure,0,0,0
66,106,1,13,ATRIAL FIBRILLATION,Cerebrovascular accident,1,0,0
73,83.01,2,1,PLASMA CELL MYELOMA,Cellulitis,1,0,0
76,49,2,7,ATRIAL FIBRILLATION,Cerebrovascular accident,1,0,0
74,60.77,1,1,,Nervousness,0,0,0
29,88.53,2,1,CONTRACEPTION,Device expulsion,0,0,0
43,54,1,1,DIABETES MELLITUS,Myocardial infarction,1,0,0
70,63.49,2,1,PAIN,Poor quality drug administered,0,0,0
39,111.11,1,8,RESTLESS LEGS SYNDROME,Mania,0,0,0
71,80.73,2,3,ARTHRITIS,Intentional drug misuse,0,0,0
72,86.17,2,5,PAIN IN EXTREMITY,Poor quality drug administered,0,0,0
57,93.88,2,1,RHEUMATOID ARTHRITIS,Pneumonia,0,0,0
41,104.31,1,1,SEXUAL DYSFUNCTION,Myocardial infarction,0,0,0
76,98.87,2,19,RHEUMATOID ARTHRITIS,Diarrhoea,0,0,0
53,61,2,1,PAIN,Drug effect decreased,0,0,0
68,71.66,2,12,,Oropharyngeal pain,0,0,0
80,91,2,13,,Liver disorder,1,0,0
83,58.96,2,1,,Throat irritation,0,0,0
71,86.17,1,3,,Cardiac disorder,0,0,0
82,72.56,2,1,ARTHRITIS,Limb discomfort,0,0,0
16,43.54,1,16,,Drug ineffective,0,0,0
45,77.1,2,9,DWARFISM,Ocular discomfort,0,0,0
64,86,2,3,,Headache,0,0,0
81,77.1,2,6,HEADACHE,Drug ineffective,0,0,0
19,81.63,1,3,ANXIETY DISORDER,Dyspnoea,0,0,0
53,79.37,1,1,ERECTILE DYSFUNCTION,Intentional drug misuse,0,0,0
3,12.25,2,1,,Nasopharyngitis,0,0,0
59,77.1,2,2,FIBROMYALGIA,Weight increased,0,0,0
67,68.27,1,7,ERECTILE DYSFUNCTION,Flushing,0,0,0
66,54,2,3,SMOKING CESSATION THERAPY,Dizziness,0,0,0
53,74.83,2,2,SMOKING CESSATION THERAPY,Pain in jaw,0,0,0
73,95.24,1,16,,Gastric dilatation,0,0,0
44,53.1,2,3,ANXIETY,Drug ineffective,0,0,0
76,76.19,2,2,BLOOD CHOLESTEROL INCREASED,Reaction to drug excipients,0,0,0
13,34,1,1,DWARFISM,Viral infection,0,0,0
37,79.37,1,9,VOMITING,Pain,0,0,0
65,75.93,2,18,PLASMA CELL MYELOMA,Vomiting,1,0,0
58,87.1,2,2,NERVE INJURY,Somnolence,0,0,0
64,87.1,2,2,NERVE INJURY,Weight increased,0,0,0
71,68,2,9,DIABETES MELLITUS,Pain in extremity,1,0,0
84,36.28,2,7,,Epilepsy,0,0,0
33,101.7,2,3,CONTRACEPTION,Device dislocation,0,0,0
21,70.3,1,2,MULTIPLE SCLEROSIS,Retinal disorder,0,0,0
66,44,2,12,RHEUMATOID ARTHRITIS,Pneumonia bacterial,1,0,0
61,92.53,1,7,MYELODYSPLASTIC SYNDROME,Anaemia,1,0,0
74,92.08,2,1,PLASMA CELL MYELOMA,Renal failure,0,0,0
63,65.7,1,4,HYPERTENSION,Cerebral infarction,1,0,0
76,53.2,2,8,HYPERTENSION,Loss of consciousness,1,0,1
74,65,2,5,BLOOD PRESSURE MANAGEMENT,Hepatic function abnormal,1,0,0
75,65,2,12,PROPHYLAXIS,Embolic stroke,1,0,0
84,50,2,8,Atrial fibrillation,Aortic dissection,1,1,0
88,56,2,4,ATRIAL FIBRILLATION,Embolic stroke,1,0,1
69,83,1,6,ATRIAL FIBRILLATION,Cerebral infarction,1,0,0
36,63,2,2,LOW DENSITY LIPOPROTEIN INCREASED,Type 2 diabetes mellitus,0,0,0
60,48,2,2,BREAST CANCER,Psychotic disorder,0,0,0
64,86.17,2,2,LOW DENSITY LIPOPROTEIN INCREASED,Type 2 diabetes mellitus,0,0,0
70,67,1,4,THYROID CANCER,Left ventricular dysfunction,0,0,0
739,71.7,2,4,HYPERTENSION,Hypertension,0,0,0
77,55.7,2,1,PLASMA CELL MYELOMA,Arthritis,0,0,0
71,65.32,1,1,PLASMA CELL MYELOMA,Abscess oral,0,0,0
74,64.41,1,1,B-CELL LYMPHOMA,Dyspnoea,1,0,0
85,52.16,2,12,PLASMA CELL MYELOMA,Atrial fibrillation,0,0,0
78,86.18,1,12,PLASMA CELL MYELOMA,Blood pressure decreased,1,0,0
4,19.2,2,8,T-CELL TYPE ACUTE LEUKAEMIA,Bronchiectasis,1,0,0
82,65.77,1,10,PLASMA CELL MYELOMA,Influenza,1,0,0
76,48.54,2,1,MYELODYSPLASTIC SYNDROME,Malaise,1,0,0
67,68,2,1,BRONCHITIS,Pruritus,0,0,0
64,99.79,1,4,PLASMA CELL MYELOMA,Hypersensitivity,0,0,0
40,60,2,3,,Pericardial effusion,1,0,0
48,82.54,1,5,CYSTIC FIBROSIS,Cystic fibrosis,1,0,0
54,72,2,4,ANTIVIRAL TREATMENT,Drug interaction,0,0,0
62,82,1,4,PROSTATIC DISORDER,Heart rate decreased,0,0,0
46,135,1,1,DIABETES MELLITUS,Adverse event,0,0,0
58,90,2,10,CHRONIC HEPATITIS C,Neutrophil count decreased,0,0,0
47,65.83,2,1,CONTRACEPTION,Device breakage,0,0,0
62,72,1,4,BENIGN PROSTATIC HYPERPLASIA,Rectal haemorrhage,0,0,0
62,79.1,2,2,DIABETES MELLITUS,Adverse event,0,0,0
68,66.68,1,6,MYELODYSPLASTIC SYNDROME,Haemoglobin decreased,1,0,0
49,63,2,3,HEPATITIS C,Abscess,0,0,0
25,63.56,2,2,CONTRACEPTION,Device expulsion,0,0,0
70,70,2,3,TONGUE NEOPLASM MALIGNANT STAGE UNSPECIFIED,Coma,0,0,0
44,84.44,2,2,MULTIPLE SCLEROSIS,Injection site necrosis,0,0,0
52,62,2,4,SOFT TISSUE SARCOMA,Renal impairment,0,0,0
67,82,1,3,THROMBOSIS PROPHYLAXIS,Gastrointestinal haemorrhage,1,1,0
72,95,1,9,CHRONIC OBSTRUCTIVE PULMONARY DISEASE,Basal cell carcinoma,0,0,0
66,79.37,2,8,POLLAKIURIA,Rash,0,0,0
75,101.61,1,9,MYELODYSPLASTIC SYNDROME,Pancytopenia,0,0,1
40,85,2,1,GESTATIONAL DIABETES,Maternal exposure during pregnancy,0,0,0
72,80,2,1,RHEUMATOID ARTHRITIS,Colon cancer,1,0,0
64,102.06,1,10,PLASMA CELL MYELOMA,Cataract,0,0,0
21,50,2,4,INSOMNIA,Confusional state,1,0,0
50,83,0,3,PRODUCT USED FOR UNKNOWN INDICATION,Sinusitis,0,0,1
69,54,2,4,PRODUCT USED FOR UNKNOWN INDICATION,Urinary incontinence,0,0,0
72,71.22,2,11,PLASMA CELL MYELOMA,Deep vein thrombosis,0,0,0
66,151.64,2,13,RHEUMATOID ARTHRITIS,Respiratory failure,1,0,0
52,85.26,1,1,BACK PAIN,Aphthous stomatitis,0,0,0
76,58.06,2,11,PLASMA CELL MYELOMA,Plasma cell myeloma,0,0,1
72,72.56,2,2,BACK PAIN,Insomnia,0,0,0
72,62.59,2,1,ANALGESIC THERAPY,Somnolence,0,0,0
88,77,1,12,ANALGESIC THERAPY,Extra dose administered,0,0,0
78,61.24,1,2,PLASMA CELL MYELOMA,Local swelling,0,0,1
35,90,1,2,PSORIATIC ARTHROPATHY,Skin plaque,0,0,0
81,78.01,2,5,HEADACHE,Nervousness,0,0,0
79,74,1,2,PLASMA CELL MYELOMA,Pneumonia,1,0,0
51,56.7,2,10,PLASMA CELL MYELOMA,White blood cell count decreased,0,0,0
72,92.9,1,3,PLASMA CELL MYELOMA,Haemoglobin decreased,1,0,0
72,73.48,1,5,MYELODYSPLASTIC SYNDROME,Neutrophil count decreased,0,0,0
27,67,2,3,,Gastric ulcer,0,0,0
64,71,2,2,GLAUCOMA,Ocular neoplasm,0,0,1
68,45.35,2,3,RHEUMATOID ARTHRITIS,Septic shock,1,0,0
22,104,2,1,,Extra dose administered,0,0,0
62,71,2,7,ARTHRITIS,Aphagia,0,0,0
42,83.9,1,1,,Peripheral coldness,1,0,0
62,74.83,1,6,ARTHRALGIA,Blood test abnormal,1,0,0
51,54.3,2,14,HEPATITIS C,Diabetes mellitus,1,0,0
80,56,2,10,COLON CANCER,Herpes zoster,0,0,0
26,56,2,2,MAJOR DEPRESSION,Dizziness,0,0,0
76,115.5,1,71,HYPERURICAEMIA,Cardiac failure congestive,1,0,0
61,46,2,6,,Anaemia,0,1,0
60,56.69,2,3,CONSTIPATION,Flatulence,0,0,0
11,40,2,1,RHINITIS,Henoch-Schonlein purpura,0,0,0
74,113.5,2,9,PSORIATIC ARTHROPATHY,Lumbar radiculopathy,1,0,0
77,64,2,2,BLADDER CANCER,Thrombocytopenia,0,0,0
27,51.7,2,3,,Oesophagitis,1,0,0
57,88.44,2,3,FIBROMYALGIA,Arthropathy,0,0,0
62,123,1,15,LUNG ADENOCARCINOMA,Blood pressure decreased,0,0,0
62,96,2,3,DEPRESSION,Homicidal ideation,0,0,0
65,62,1,2,PLASMA CELL MYELOMA,Respiratory distress,0,1,0
42,83.99,1,2,CROHN^S DISEASE,Muscle rupture,0,0,0
56,74.83,1,4,CONSTIPATION,Underdose,0,0,0
66,58,2,9,AGITATION,Sepsis,1,0,0
79,79,1,2,LUNG CARCINOMA CELL TYPE UNSPECIFIED RECURRENT,Pancytopenia,0,0,0
68,78,2,8,HEPATITIS C,Anaemia,0,0,0
43,80.75,2,27,PRODUCT USED FOR UNKNOWN INDICATION,Drug interaction,0,0,0
63,110,2,6,NEOPLASM MALIGNANT,Dyspnoea,0,0,0
46,64,2,2,GASTRITIS,Confusional state,0,0,0
80,74,2,11,PRODUCT USED FOR UNKNOWN INDICATION,Supraventricular tachycardia,0,0,0
35,78.46,2,3,BACK PAIN,Palpitations,0,0,0
64,90.7,2,6,BLADDER DISORDER,Drug ineffective,0,0,0
27,66,2,7,PAIN,Pain,0,0,0
46,95,1,2,GOUT,Mouth ulceration,0,0,0
64,109.8,1,28,,Muscular weakness,1,0,0
85,66.68,2,19,ATRIAL FIBRILLATION,Upper gastrointestinal haemorrhage,1,0,0
10,26,2,1,GROWTH RETARDATION,Molluscum contagiosum,0,0,0
86,29,2,2,MALIGNANT GLIOMA,Cerebral haemorrhage,1,0,0
70,44.9,2,2,CHRONIC OBSTRUCTIVE PULMONARY DISEASE,Dyspnoea,0,0,0
82,79.4,2,3,ASTHMA,Lip swelling,0,0,0
71,78.5,2,6,CARCINOID TUMOUR OF THE SMALL BOWEL,Atrial fibrillation,1,0,0
69,62,2,5,HYPERTENSION,Fall,1,0,0
66,75,1,1,METASTATIC RENAL CELL CARCINOMA,Poisoning,1,0,0
60,96,1,1,RENAL CELL CARCINOMA,Gouty arthritis,0,0,0
61,85.26,1,20,HEPATOCELLULAR CARCINOMA,Enterocolitis infectious,1,0,0
83,70,2,7,HYPERTENSION,Pain in extremity,0,0,0
66,62.59,2,1,BLOOD CHOLESTEROL INCREASED,Diabetes mellitus,0,0,0
41,69,2,7,,Chest pain,0,0,0
76,62,1,9,TYPE 2 DIABETES MELLITUS,Pulmonary tuberculosis,1,0,0
22,53,2,2,CONTRACEPTION,Caesarean section,1,0,0
33,70,1,1,ACUTE HIV INFECTION,Sudden onset of sleep,0,0,0
23,51.25,2,3,PRODUCT USED FOR UNKNOWN INDICATION,Overdose,0,1,0
50,64,2,9,CHRONIC OBSTRUCTIVE PULMONARY DISEASE,Lung neoplasm malignant,1,0,0
68,61,1,12,CHRONIC OBSTRUCTIVE PULMONARY DISEASE,Cough,1,0,0
68,93,1,7,PLASMA CELL MYELOMA,Ageusia,1,0,0
0,1.9,1,1,CONTRACEPTION,Premature baby,1,0,0
76,56.25,2,10,PLASMA CELL MYELOMA,Lumbar vertebral fracture,0,0,0
71,45,1,5,SYSTEMIC CANDIDA,Sepsis,0,1,0
29,47,2,1,,Endocarditis,1,0,0
74,75.25,2,22,PLASMA CELL MYELOMA,Hypoaesthesia,0,0,0
65,62.35,2,15,METASTATIC RENAL CELL CARCINOMA,Pericardial effusion,1,0,0
78,78,1,3,PLASMA CELL MYELOMA,Oral mucosal blistering,0,0,0
51,76,1,2,BRONCHITIS,Hypoacusis,0,0,0
53,88,2,9,PLASMA CELL MYELOMA,Throat irritation,0,0,0
75,88,1,9,PLASMA CELL MYELOMA,Blood cholesterol increased,0,0,0
61,95,1,3,HYPERCHOLESTEROLAEMIA,Swelling face,0,0,0
62,69,2,8,PLASMA CELL MYELOMA,Cholelithiasis,1,0,0
6,10,2,1,HAEMANGIOMA,Sleep terror,0,0,0
61,89.8,2,9,PLASMA CELL MYELOMA,Blood glucose increased,0,0,0
52,45,2,13,PLASMA CELL MYELOMA,Pericardial effusion,0,0,0
57,74.8,2,1,MANTLE CELL LYMPHOMA,Drug dose omission,0,0,0
44,96,2,11,BREAST CANCER METASTATIC,Post procedural infection,1,0,0
57,104,1,8,PLASMA CELL MYELOMA,Vitamin D decreased,0,0,0
63,98,1,4,PSORIASIS,Convulsion,1,0,0
78,61.24,1,1,PLASMA CELL MYELOMA,Irritability,0,0,0
56,62.59,2,13,DEPRESSION,Disturbance in attention,0,0,0
45,111,1,10,RESTLESS LEGS SYNDROME,Off label use,0,0,0
47,124.35,2,6,FIBROMYALGIA,Dysarthria,0,0,0
62,72.6,2,2,PLASMA CELL MYELOMA,Weight increased,0,0,0
59,150,1,6,IMMUNOSUPPRESSION,Obsessive-compulsive disorder,0,0,0
69,136.82,1,1,DYSPNOEA,Pneumonia,1,0,0
82,62.65,2,16,PRODUCT USED FOR UNKNOWN INDICATION,Rhinorrhoea,0,0,0
52,85.71,1,1,HIV INFECTION,Fall,0,0,1
7,23,1,5,CONVULSION,Eye swelling,0,0,0
80,50.8,2,1,PLASMA CELL MYELOMA,Drug intolerance,0,0,0
64,83.92,1,1,PLASMA CELL MYELOMA,Treatment failure,0,0,0
62,65,1,2,MEDICATION DILUTION,Chills,0,0,0
49,104.78,1,8,PLASMA CELL MYELOMA,Hepatic enzyme increased,0,0,0
78,55,1,10,LUNG LOBECTOMY,Hypotension,0,0,0
80,55.5,1,8,DISEASE COMPLICATION,Oedema,1,0,0
48,121.67,2,11,PSORIATIC ARTHROPATHY,Mycobacterium tuberculosis complex test positive,1,0,0
77,82.56,1,8,PLASMA CELL MYELOMA,Weight increased,0,0,0
63,78.5,2,2,PLASMA CELL MYELOMA,Vitamin D deficiency,0,0,0
63,58.06,1,8,PLASMA CELL MYELOMA,Nerve injury,0,0,0
73,75,2,9,PLASMA CELL MYELOMA,Heart rate irregular,0,0,0
54,111,1,5,PRODUCT USED FOR UNKNOWN INDICATION,Pruritus,0,0,0
82,70.31,2,1,PLASMA CELL MYELOMA,Fatigue,0,0,0
61,57.8,2,11,MYELODYSPLASTIC SYNDROME,Septic shock,1,1,0
95,63,2,6,ATRIAL FIBRILLATION,Haemorrhage,1,1,0
82,63.13,2,9,ANGINA PECTORIS,Chest pain,1,0,0
53,79.83,2,7,PLASMA CELL MYELOMA,Pyrexia,1,0,0
61,61.24,1,9,PLASMA CELL MYELOMA,Bone marrow failure,0,0,0
71,62.59,2,1,BLOOD CHOLESTEROL INCREASED,Diabetes mellitus,0,0,0
69,60.7,1,20,PLASMA CELL MYELOMA,Chest pain,1,0,0
68,136,1,3,ACROMEGALY,Ulcer haemorrhage,1,0,0
3,14,1,2,ASTHMA,Abnormal behaviour,0,0,0
70,64,2,9,,Dizziness,0,0,1
43,70.3,1,9,FIBROMYALGIA,Road traffic accident,0,0,0
59,48.5,2,3,PAIN,Gastric ulcer,0,0,0
34,74,1,3,DEPRESSIVE SYMPTOM,Activation syndrome,0,0,0
19,52.15,2,1,CONTRACEPTION,Menorrhagia,0,0,0
49,99,2,1,CHRONIC OBSTRUCTIVE PULMONARY DISEASE,Tongue blistering,0,0,0
69,74.8,2,9,PLASMA CELL MYELOMA,Breast mass,0,0,0
43,73.7,1,5,HIV INFECTION,Suicide attempt,1,0,0
55,92.97,1,7,GAIT DISTURBANCE,Cerebrovascular accident,0,0,0
47,45.81,2,3,GAIT DISTURBANCE,Incoherent,1,0,0
56,61,2,15,MULTIPLE SCLEROSIS,Myocardial infarction,1,0,0
65,72,2,4,HYPERTENSION,Cardiac disorder,0,0,0
72,100,2,2,PRODUCT USED FOR UNKNOWN INDICATION,Haematemesis,1,0,0
31,96,1,3,DEPRESSION,Abnormal dreams,0,0,0
48,77,2,5,,Liver function test abnormal,0,0,0
75,65,2,4,HYPERTENSION,Pulmonary fibrosis,0,0,0
68,61.2,1,10,,Post procedural complication,1,0,0
59,86,1,14,GASTRIC ULCER,Skin erosion,1,0,0
72,74,1,15,GOUT,Hepatitis acute,0,1,0
73,89,2,1,CHRONIC OBSTRUCTIVE PULMONARY DISEASE,Incorrect route of drug administration,0,0,0
71,104,1,1,DYSPNOEA,Incorrect route of drug administration,0,0,0
62,77,2,7,NAUSEA,Febrile neutropenia,1,0,0
83,50,1,5,PARKINSON^S DISEASE,Arrhythmia,0,0,0
63,96.62,2,10,PRODUCT USED FOR UNKNOWN INDICATION,Vasculitis,0,0,0
62,63,2,3,CHRONIC OBSTRUCTIVE PULMONARY DISEASE,Wheezing,0,0,0
83,82,2,4,OSTEOPOROTIC FRACTURE,Blister,0,0,0
63,92,1,7,,Dermatomyositis,1,0,0
55,80,1,2,ANKYLOSING SPONDYLITIS,Erythema nodosum,1,0,0
81,92,1,1,IMMUNE THROMBOCYTOPENIC PURPURA,Rash,1,0,0
47,52.3,2,14,NON-HODGKIN^S LYMPHOMA UNSPECIFIED HISTOLOGY INDOLENT,Muscular weakness,0,0,0
73,110,1,6,METASTATIC MALIGNANT MELANOMA,Intestinal perforation,1,0,0
72,71,2,1,CHRONIC OBSTRUCTIVE PULMONARY DISEASE,Sneezing,0,0,0
72,75,1,2,ATRIAL FIBRILLATION,Dental caries,0,0,0
26,142,2,3,MULTIPLE SCLEROSIS,Abortion spontaneous,0,0,0
73,46,2,9,GLIOBLASTOMA,Interstitial lung disease,1,0,0
58,65,2,4,NEUTROPENIA,Neutropenia,0,0,0
66,77,2,4,OSTEOPOROSIS,Femur fracture,0,0,1
65,68.94,2,2,RESPIRATORY TRACT CONGESTION,Disturbance in attention,0,0,0
33,56,2,4,MULTIPLE SCLEROSIS,Underdose,0,0,0
45,74,2,9,MULTIPLE SCLEROSIS,Gait disturbance,0,0,0
41,83,1,21,PSORIASIS,Generalised oedema,1,1,0
26,108,2,1,MULTIPLE SCLEROSIS,Visual impairment,0,0,0
67,47,2,1,MULTIPLE SCLEROSIS,Influenza like illness,0,0,0
67,47,2,1,MULTIPLE SCLEROSIS,Influenza like illness,0,0,0
63,51,2,2,MULTIPLE SCLEROSIS,Fatigue,0,0,0
47,81,2,1,MULTIPLE SCLEROSIS,Capillary fragility,0,0,0
44,65,2,1,MULTIPLE SCLEROSIS,Tremor,0,0,0
24,111,2,1,MULTIPLE SCLEROSIS,Drug intolerance,0,0,0
72,54,2,9,MULTIPLE SCLEROSIS,Mobility decreased,0,0,0
47,64,2,1,MULTIPLE SCLEROSIS,Flatulence,0,0,0
85,86,1,5,HYPERCHOLESTEROLAEMIA,Muscular weakness,0,0,0
77,85,1,11,BENIGN PROSTATIC HYPERPLASIA,Dermatitis allergic,0,0,0
6,25.05,1,1,PRODUCT USED FOR UNKNOWN INDICATION,Psychomotor hyperactivity,0,0,0
74,79.83,2,18,TYPE 2 DIABETES MELLITUS,Pancreatic carcinoma metastatic,1,1,1
66,104.33,2,1,INSOMNIA,Vertigo,0,0,0
64,68.04,1,1,CHRONIC OBSTRUCTIVE PULMONARY DISEASE,Toothache,0,0,0
29,61.24,1,1,PROSTATITIS,Tendon pain,0,0,1
49,50.8,2,1,SYSTEMIC LUPUS ERYTHEMATOSUS,Diverticulitis,1,0,0
67,95,1,1,PULMONARY FIBROSIS,Off label use,0,0,0
54,52.16,2,1,CHEMOTHERAPY,Splenic rupture,1,0,0
40,81.65,1,1,INSOMNIA,Torticollis,0,0,1
69,74.3,1,18,INFECTION,Neutropenia,1,0,0
43,104.33,2,1,WEIGHT CONTROL,Menorrhagia,0,0,0
78,90.72,1,5,HYPOAESTHESIA,Hypoaesthesia,0,0,0
79,65.77,2,7,RASH,Malaise,0,0,0
17,70,1,1,ACNE CYSTIC,Thrombocytopenia,0,0,0
63,48.08,2,7,ANGINA UNSTABLE,Muscle spasms,1,0,0
73,63.5,2,7,BLOOD CHOLESTEROL,Headache,0,0,0
26,58.06,2,17,CONVULSION,Libido decreased,0,0,1
60,82,1,13,,Peritonitis,1,0,0
73,58.97,2,9,INFLUENZA,Abdominal pain,0,0,0
65,112.49,1,6,ERECTILE DYSFUNCTION,Convulsion,1,0,0
81,85.28,1,7,HYPERTENSION,Heart rate increased,1,0,0
7,19.96,2,2,ASTHMA,Mood altered,0,0,0
50,83.92,2,1,ROSACEA,Rosacea,0,0,0
33,108.86,2,1,MULTIPLE SCLEROSIS,Alopecia,0,0,0
15,58.97,2,1,SINUSITIS,Loss of consciousness,0,0,0
37,52.16,2,1,RESPIRATORY TRACT INFECTION,Insomnia,0,0,0
60,114,1,12,CHRONIC OBSTRUCTIVE PULMONARY DISEASE,Candida infection,0,0,0
69,77.27,1,1,CHRONIC OBSTRUCTIVE PULMONARY DISEASE,Incorrect route of drug administration,0,0,0
46,124.74,1,1,ASTHMA,Abnormal dreams,0,0,0
79,66,1,5,BREAST CANCER,Disorientation,1,0,0
85,100,1,14,CHRONIC MYELOMONOCYTIC LEUKAEMIA,Acute myeloid leukaemia,1,0,0
82,95,1,1,DIABETIC RETINAL OEDEMA,Death,0,1,0
73,53,2,5,OSTEOPOROSIS,Tibia fracture,1,0,0
78,57,1,5,GASTRITIS PROPHYLAXIS,Acute myocardial infarction,1,0,0
33,60,2,4,PROPHYLAXIS OF NAUSEA AND VOMITING,Renal failure,1,1,0
71,78.47,2,9,PLASMA CELL MYELOMA,Renal failure,1,0,1
41,40,2,7,PROPHYLAXIS,Malignant neoplasm progression,0,1,0
45,74.83,1,1,PRODUCT USED FOR UNKNOWN INDICATION,Bruxism,0,0,0
61,78.69,2,2,MULTIPLE SCLEROSIS,Lymphadenopathy,0,0,0
59,80,1,3,PRODUCT USED FOR UNKNOWN INDICATION,Photosensitivity reaction,0,0,0
59,69,1,5,CONVULSION,Atrioventricular block complete,1,0,0
30,61.24,1,1,ECZEMA,Off label use,0,0,0
15,58.97,2,1,COUGH,Fall,0,0,0
16,77.11,1,1,ACNE,Convulsion,1,0,0
51,113,2,2,BREAST CANCER,Cough,1,0,0
38,104.33,2,1,HERPES SIMPLEX,Haemorrhage,0,0,0
23,107.05,2,1,ENDOMETRIOSIS,Loss of consciousness,0,0,0
37,90.72,2,2,MENSTRUAL DISORDER,Hypoaesthesia,1,0,0
65,86.18,1,1,BLOOD CHOLESTEROL INCREASED,Myalgia,0,0,1
41,68.49,2,1,SINUSITIS,Panic attack,0,0,0
37,75.3,2,22,ENDOMETRIOSIS,Deep vein thrombosis,1,0,1
48,63.5,2,1,GROWTH OF EYELASHES,Muscle twitching,0,0,0
57,80.74,1,1,BLOOD CHOLESTEROL INCREASED,Myalgia,0,0,0
22,12.7,1,1,INFLUENZA,Oral mucosal blistering,0,0,0
35,86.18,2,1,ROSACEA,Erythema,0,0,1
42,63.49,2,16,,Pain,1,0,0
39,91,2,8,,Injury,1,0,0
25,61.22,2,5,,Pain,1,0,0
27,90.7,2,2,,Injury,0,0,0
36,55,2,4,CONTRACEPTION,Hemiplegia,1,0,0
25,66.21,2,2,,Injury,1,0,0
65,95,1,23,PLASMA CELL MYELOMA,Atrial flutter,1,0,0
17,70,1,1,ACNE CYSTIC,Neutropenia,0,0,0
57,90.72,1,1,OSTEONECROSIS,Vitamin D decreased,0,0,1
32,82.8,1,4,PRODUCT USED FOR UNKNOWN INDICATION,Hepatic steatosis,0,1,0
78,107.96,2,1,PLASMA CELL MYELOMA,Anaemia,0,0,0
46,47.63,2,2,ERYTHEMA,Flushing,0,0,0
54,63.5,2,1,SLEEP DISORDER,Depression,0,0,0
19,50,2,2,EPILEPSY,Sudden unexplained death in epilepsy,0,1,0
69,81.65,1,1,COUGH,Wheezing,1,0,0
8,26.3,2,8,INFLUENZA,Drug-induced liver injury,1,0,0
57,76,1,18,DIFFUSE LARGE B-CELL LYMPHOMA,Febrile neutropenia,1,0,0
51,77.11,1,2,BODY TEMPERATURE DECREASED,Cerebrovascular accident,1,0,1
67,85,1,6,COLON CANCER METASTATIC,Acute myeloid leukaemia,0,0,0
61,95,1,3,HYPERCHOLESTEROLAEMIA,Swelling face,0,0,0
30,68.04,2,1,CONTRACEPTION,Discomfort,1,0,0
56,61,2,4,CHRONIC OBSTRUCTIVE PULMONARY DISEASE,Drug ineffective,0,0,0
72,103.42,1,9,PLASMA CELL MYELOMA,Haemoglobin decreased,0,0,0
83,65,2,11,TYPE 2 DIABETES MELLITUS,Dermatitis exfoliative,0,0,0
56,52.16,2,3,,Headache,0,0,0
72,67.13,2,8,PLASMA CELL MYELOMA,Pulmonary embolism,0,0,0
42,68.04,2,1,DEPRESSION,Suicidal ideation,0,0,1
63,97,1,4,HYPERCHOLESTEROLAEMIA,Arthritis,0,0,0
66,69,1,6,PRODUCT USED FOR UNKNOWN INDICATION,Vasospasm,0,0,0
27,63.5,2,5,ROSACEA,Erythema,0,0,0
61,70,1,1,DIABETES MELLITUS,Herpes zoster,1,0,0
72,70,2,1,OSTEOPOROSIS PROPHYLAXIS,Bone pain,0,0,1
63,80,1,2,PAIN IN EXTREMITY,Vomiting,1,0,1
59,104.77,1,6,ALVEOLITIS ALLERGIC,Lower respiratory tract infection,1,0,0
21,75,1,8,CYSTIC FIBROSIS,Chills,1,0,0
61,81.65,2,5,SINUSITIS,Asthma,0,0,0
50,96,1,1,PRODUCT USED FOR UNKNOWN INDICATION,Tunnel vision,0,0,0
72,64.3,2,8,Breast cancer,Muscle swelling,2,2,1
34,77.11,2,1,SKIN WRINKLING,Drug ineffective,0,0,0
75,77.11,1,3,,Blood pressure increased,0,0,0
66,67,1,1,DIABETES MELLITUS,Cerebral haemorrhage,1,0,0
37,65,2,1,,Paraesthesia,0,0,0
8,45.36,1,1,MIGRAINE,Dysphemia,0,0,0
77,70,2,4,OVARIAN CANCER,Anaphylactic shock,0,0,0
36,143.79,1,2,,Dizziness,0,0,0
56,136,2,1,CHRONIC OBSTRUCTIVE PULMONARY DISEASE,Incorrect route of drug administration,0,0,0
65,90.7,2,10,PLASMA CELL MYELOMA,Thrombosis,0,0,0
79,61,2,1,CHRONIC OBSTRUCTIVE PULMONARY DISEASE,Incorrect route of drug administration,0,0,0
40,65,2,4,RHEUMATOID ARTHRITIS,Tuberculosis,1,0,0
69,60,1,12,POST HERPETIC NEURALGIA,Diverticulum intestinal haemorrhagic,1,0,0
69,117.48,1,14,PARKINSON^S DISEASE,Screaming,0,0,0
41,49,2,1,PRODUCT USED FOR UNKNOWN INDICATION,Suicide attempt,1,0,0
40,90.72,1,1,STRESS,Memory impairment,0,0,0
30,90.72,2,6,ATRIAL FIBRILLATION,Gastroenteritis viral,1,0,0
66,99,1,10,PROTEINURIA,Herpes zoster disseminated,1,0,0
73,53,2,3,NON-HODGKIN^S LYMPHOMA,Epilepsy,0,0,0
3,20.9,2,5,JUVENILE IDIOPATHIC ARTHRITIS,Erythema,0,0,0
56,61.22,2,3,NASOPHARYNGITIS,Loss of consciousness,0,0,0
76,72.56,1,16,URINARY INCONTINENCE,Arthralgia,0,0,0
74,67.59,2,5,OSTEOPOROSIS POSTMENOPAUSAL,Cellulitis,0,0,0
54,90.7,1,2,DYSPEPSIA,Dyspnoea,0,0,0
66,74.83,2,2,SMOKING CESSATION THERAPY,Dehydration,1,0,0
42,90,1,7,DRUG ABUSE,Nausea,1,0,0
55,134.72,1,1,DEPRESSION,Jaw disorder,0,0,0
55,68.04,2,8,URINARY TRACT INFECTION,Insomnia,0,0,0
57,68,2,1,PAIN,Hypersensitivity,0,0,0
84,77.11,1,20,CROHN^S DISEASE,Cardiac failure congestive,1,0,0
72,76.2,2,7,OSTEOPOROSIS,Blister,0,0,1
75,58.97,2,7,ACTINIC KERATOSIS,Blister,0,0,0
61,75,1,2,TINNITUS,Dyspnoea,1,0,0
72,69.4,1,1,CHRONIC OBSTRUCTIVE PULMONARY DISEASE,Incorrect route of drug administration,0,0,0
63,72.58,2,9,CYSTITIS,Tendonitis,0,0,1
66,71.7,1,10,PROTEINURIA,Basal cell carcinoma,0,0,0
76,74,2,2,,Thrombocytopenia,1,0,0
59,57,1,2,LUNG INFECTION,Drug ineffective,0,1,0
79,75,1,4,PRODUCT USED FOR UNKNOWN INDICATION,Epistaxis,0,0,0
64,88.45,1,4,PROSTATE CANCER,Arthralgia,0,0,0
49,64.41,2,4,PULMONARY ARTERIAL HYPERTENSION,Dyspnoea,1,0,0
72,107.94,2,23,OSTEOPOROSIS,Hypophosphataemia,1,0,0
51,72.57,2,2,COR PULMONALE CHRONIC,Weight decreased,1,0,0
57,104.33,2,1,DIABETES MELLITUS,Thyroid cancer,0,0,0
76,58.9,2,1,PULMONARY ARTERIAL HYPERTENSION,Paracentesis,0,0,0
71,51,1,6,,Acute respiratory distress syndrome,1,1,0
87,90,1,10,ATRIAL FIBRILLATION,Gastrointestinal haemorrhage,1,0,0
65,73.9,2,3,PULMONARY ARTERIAL HYPERTENSION,International normalised ratio increased,1,0,0
79,54,2,26,DIABETES MELLITUS,Cardiac failure,1,0,0
44,84.1,1,15,,Myocardial infarction,1,0,0
73,88.8,1,2,LUNG NEOPLASM MALIGNANT,Haematuria,1,0,0
66,101.6,1,3,PULMONARY ARTERIAL HYPERTENSION,Haemoptysis,1,0,0
55,56.7,2,4,COR PULMONALE CHRONIC,Dehydration,1,0,0
65,142.8,1,4,PULMONARY ARTERIAL HYPERTENSION,Hip fracture,1,0,0
70,60.32,2,1,PULMONARY ARTERIAL HYPERTENSION,Visual impairment,1,0,0
72,98.9,1,5,PLASMA CELL MYELOMA,Asthenia,0,0,0
51,84,2,4,,Red blood cell sedimentation rate increased,1,0,0
53,58,2,10,LUNG NEOPLASM MALIGNANT,Type II hypersensitivity,1,0,0
50,99.79,1,7,,Drug interaction,1,0,0
45,78.92,2,2,,Rash,1,0,0
65,81.65,1,8,PLASMA CELL MYELOMA,Thrombosis,0,0,0
34,98,2,4,SMOKING CESSATION THERAPY,Anxiety,0,0,0
68,82,1,2,PULMONARY ARTERIAL HYPERTENSION,Pleural effusion,1,1,0
64,51.26,2,1,PLASMA CELL MYELOMA,Thrombosis,0,0,0
71,74.83,1,2,SPONDYLITIS,Blood bilirubin increased,0,0,0
47,58.96,1,1,PAIN,Pneumonia,1,0,0
66,90.25,2,2,FIBROMYALGIA,Weight increased,0,0,0
71,68.03,2,1,HYPERTENSION,Nasopharyngitis,0,0,0
30,81.63,1,2,DEPRESSION,Paraesthesia,0,0,0
69,77.1,2,5,DEPRESSION,Tremor,0,0,0
69,84,1,24,PLASMA CELL MYELOMA,Febrile neutropenia,1,0,0
61,100.5,2,2,PULMONARY ARTERIAL HYPERTENSION,Epistaxis,0,0,0
63,62.6,2,1,PLASMA CELL MYELOMA,Influenza,1,0,0
48,77.1,2,2,HORMONE REPLACEMENT THERAPY,Blood pressure increased,0,0,0
72,68.93,2,4,GLAUCOMA,Eye irritation,0,0,0
58,79.4,2,2,DIABETIC NEUROPATHY,Drug effect incomplete,0,0,0
51,97.96,1,3,ERECTILE DYSFUNCTION,Headache,0,0,0
39,45,2,3,COR PULMONALE CHRONIC,Dyspnoea,1,0,0
16,114,1,4,GROWTH HORMONE DEFICIENCY,Type 2 diabetes mellitus,0,0,0
48,73.92,2,2,FIBROMYALGIA,Blood test abnormal,0,0,0
55,62.14,2,1,,Mobility decreased,0,0,0
56,101,1,7,HEPARIN NEUTRALISATION THERAPY,Hypotension,0,0,0
87,86.2,1,8,PLASMA CELL MYELOMA,Thrombosis,0,0,0
74,60.77,1,1,NEUROPATHY PERIPHERAL,Dizziness,0,0,0
13,49.89,1,1,,Injection site pain,0,0,0
80,74.38,1,3,PAIN,Product label issue,0,0,0
14,68.49,1,5,,Anger,0,0,0
41,106.58,1,5,SPINOCEREBELLAR ATAXIA,Miosis,0,0,0
86,91.63,1,12,RESTLESS LEGS SYNDROME,Weight increased,0,0,0
61,85.73,1,5,PLASMA CELL MYELOMA,Plasma cell myeloma,1,0,0
46,60.33,2,4,,Vision blurred,0,0,0
57,104.33,2,7,,Pruritus generalised,0,0,0
67,111.82,1,1,PAIN,Dyspnoea,0,0,0
38,104.31,1,7,BACK INJURY,Drug withdrawal syndrome,0,0,0
38,57.6,2,2,FIBROMYALGIA,Head injury,0,0,0
74,83.9,2,2,HYPERTENSION,Product odour abnormal,0,0,0
52,97.52,1,1,COMPUTERISED TOMOGRAM,Dyspnoea,0,0,0
56,90.7,2,1,DWARFISM,Abdominal discomfort,0,0,0
58,61.24,2,6,,Mouth haemorrhage,1,0,0
68,47.62,2,1,MIGRAINE,Drug ineffective,0,0,0
58,105.24,2,1,COMPUTERISED TOMOGRAM,Headache,0,0,0
64,101.59,1,6,HYPOAESTHESIA,Pain in extremity,0,0,0
84,86.17,1,1,DIABETIC NEUROPATHY,Drug ineffective,0,0,0
68,96.15,2,9,HYPERTONIC BLADDER,Drug ineffective,0,0,0
45,73.03,2,1,COMPUTERISED TOMOGRAM,Dyspnoea,0,0,0
55,88.44,2,5,SMOKING CESSATION THERAPY,Fatigue,0,0,0
43,92,1,2,THALASSAEMIA,Vision blurred,0,0,0
58,90.25,1,1,SMOKING CESSATION THERAPY,Abdominal pain upper,0,0,0
52,97.52,1,1,COMPUTERISED TOMOGRAM,Dyspnoea,0,0,0
64,97.05,2,5,PAIN IN EXTREMITY,Drug interaction,0,0,0
50,90.7,2,4,SMOKING CESSATION THERAPY,Drug ineffective,0,0,0
58,79.38,1,1,COMPUTERISED TOMOGRAM,Vomiting,0,0,0
55,55.3,2,2,HYPOTHYROIDISM,Constipation,0,0,0
54,145.15,1,7,PLASMA CELL MYELOMA,Pulmonary thrombosis,1,0,0
85,50.79,2,2,ARTHRALGIA,Burning sensation,0,0,0
59,54.43,2,2,COMPUTERISED TOMOGRAM,Dyspnoea,0,0,0
71,72.56,2,4,INFLAMMATION,Dyspepsia,0,0,0
68,68,2,2,,Drug hypersensitivity,0,0,0
74,58.96,2,3,PAIN IN EXTREMITY,Local swelling,0,0,0
64,93.9,2,1,COMPUTERISED TOMOGRAM,Dyspnoea,0,0,0
57,58.06,2,1,COMPUTERISED TOMOGRAM,Vomiting,0,0,0
62,41.73,2,2,COMPUTERISED TOMOGRAM,Back pain,0,0,0
63,75,2,8,THYROID DISORDER,Intestinal perforation,0,0,0
79,87.4,1,9,ECHOCARDIOGRAM,Hypotension,0,0,0
49,68.03,2,2,PRODUCT USED FOR UNKNOWN INDICATION,Rheumatoid arthritis,0,0,0
56,68.03,2,8,SMOKING CESSATION THERAPY,Abnormal dreams,0,0,0
42,121,1,14,PROTEINURIA,Mouth ulceration,0,0,0
47,92,1,6,FABRY^S DISEASE,Cardiac infection,1,0,0
34,114,1,1,APLASTIC ANAEMIA,Macular scar,0,0,1
58,40,1,13,FABRY^S DISEASE,Kidney infection,1,0,0
84,80.2,1,20,MYELODYSPLASTIC SYNDROME,Swelling face,0,0,0
15,59.1,2,1,SEASONAL ALLERGY,Pruritus,0,0,0
59,85,1,4,,Neurogenic bladder,1,0,1
63,86,1,2,HEPATITIS C,Nausea,1,0,0
35,57.6,1,21,,Heart valve stenosis,1,0,0
70,88.45,1,5,PLASMA CELL MYELOMA,Pancytopenia,0,0,0
20,75,2,2,CONTRACEPTION,Uterine perforation,1,0,0
65,118.2,2,11,PLASMA CELL MYELOMA,Pneumonia,0,0,0
78,61.24,1,3,PLASMA CELL MYELOMA,Plasmacytoma,0,0,0
49,89.81,1,1,COMPUTERISED TOMOGRAM,Urticaria,0,0,0
70,77.57,1,10,PLASMA CELL MYELOMA,Neutropenia,0,0,0
22,68.27,2,1,CONTRACEPTION,Emotional distress,1,0,0
51,52.16,2,1,COMPUTERISED TOMOGRAM,Dyspnoea,1,0,0
73,68.04,2,23,PLASMA CELL MYELOMA,Rib fracture,1,0,0
64,51,2,1,FABRY^S DISEASE,Angina unstable,1,0,0
74,73,1,7,PANCREATIC CARCINOMA,Upper gastrointestinal haemorrhage,1,1,0
51,90.72,2,1,COMPUTERISED TOMOGRAM,Dyspnoea,0,0,0
93,72.56,1,2,PAIN,Hyperhidrosis,0,0,0
25,52.97,2,1,CONTRACEPTION,Anaemia,1,0,0
18,104.31,2,11,URINARY INCONTINENCE,Application site erythema,0,0,0
47,167.8,1,2,ARTHRITIS,Drug ineffective,0,0,0
53,72.6,2,3,RHEUMATOID ARTHRITIS,Pyoderma gangrenosum,0,0,0
70,49.9,2,9,COLON CANCER,Hypertension,0,0,0
37,86.18,2,7,SPONDYLITIS,Premature delivery,0,0,0
19,46,2,2,GAUCHER^S DISEASE,Femoral neck fracture,1,0,0
68,122,1,1,CHRONIC OBSTRUCTIVE PULMONARY DISEASE,Incorrect route of drug administration,0,0,0
61,88,1,1,CHRONIC OBSTRUCTIVE PULMONARY DISEASE,Incorrect route of drug administration,0,0,0
48,92,1,7,GLIOBLASTOMA,Cerebral haemorrhage,1,0,0
63,111,2,8,HYPERTENSION,Drug prescribing error,0,0,0
84,79.8,1,1,PLASMA CELL MYELOMA,Thrombosis,0,0,0
51,62.6,1,2,COMPUTERISED TOMOGRAM,Dyspnoea,0,0,0
57,83.46,2,5,PLASMA CELL MYELOMA,Neuropathy peripheral,1,0,0
52,68.04,2,1,COMPUTERISED TOMOGRAM,Dyspnoea,1,0,0
55,74.39,2,16,PLASMA CELL MYELOMA,Thrombosis,1,0,0
62,123.38,1,6,ARTERIOGRAM,Rash,0,0,0
47,49.9,2,8,PREMEDICATION,Vasodilatation,1,0,0
58,70,1,1,COLORECTAL CANCER METASTATIC,Hyperbilirubinaemia,0,0,0
56,90.7,1,2,,Depression,1,0,0
81,86.18,2,17,PLASMA CELL MYELOMA,Platelet count decreased,0,0,0
58,140.3,1,1,,Pulmonary embolism,0,0,0
1,5.37,2,3,PNEUMONIA,Thrombocytopenia,1,0,0
50,66.68,1,6,,Nausea,0,0,0
85,63,1,4,AGE-RELATED MACULAR DEGENERATION,Retinal haemorrhage,0,0,1
72,45.4,2,4,PLASMA CELL MYELOMA,Rash generalised,0,0,0
74,85.5,1,2,,Thrombocytopenia,1,0,0
70,68,2,1,,Diarrhoea,1,0,0
60,60,2,5,CHRONIC LYMPHOCYTIC LEUKAEMIA,Dermatitis allergic,0,0,0
46,60.69,2,1,,Hypophosphataemia,0,0,0
69,96.8,1,2,,Dysphagia,1,0,0
67,63.85,1,8,DIABETES MELLITUS,Tuberculosis,1,0,0
50,89.36,2,1,BREAST CANCER,Fatigue,0,0,0
59,116.4,1,1,HYPERLIPIDAEMIA,Rhabdomyolysis,1,0,0
72,105.5,2,28,PLASMA CELL MYELOMA,Phlebitis superficial,1,0,0
72,65,2,2,PRODUCT USED FOR UNKNOWN INDICATION,Cerebral haemorrhage,0,1,0
64,69,2,1,BREAST CANCER,Pneumonitis,1,0,0
62,59,2,5,,Pain in extremity,0,0,0
55,54.4,2,14,PLASMA CELL MYELOMA,Diverticulitis,1,0,0
50,72.1,1,5,,Sickle cell anaemia with crisis,1,0,0
59,22.84,2,4,PLASMA CELL MYELOMA,Neutropenia,0,0,0
75,92.6,1,25,PLASMA CELL MYELOMA,Acute sinusitis,1,0,0
6,10.23,2,1,HAEMANGIOMA,Sleep terror,0,0,0
78,44.5,1,1,SCHIZOAFFECTIVE DISORDER,Erythema multiforme,1,0,0
84,83.46,1,21,PLASMA CELL MYELOMA,Neutrophil count decreased,1,0,0
63,68.2,2,1,CHRONIC OBSTRUCTIVE PULMONARY DISEASE,Throat tightness,1,0,0
20,50.7,1,4,DEVICE THERAPY,Rash,1,0,0
77,103.4,1,1,PLASMA CELL MYELOMA,Thrombosis,0,0,0
28,89.44,2,1,CONTRACEPTION,Device dislocation,0,0,0
79,65.6,1,1,,Abdominal distension,1,0,0
65,107.9,1,1,CARDIAC OPERATION,Anaphylactic reaction,1,0,0
70,104.33,2,14,MYELODYSPLASTIC SYNDROME,Full blood count decreased,0,0,0
64,81.65,2,11,MYELODYSPLASTIC SYNDROME,Red blood cell count decreased,0,0,0
60,82.7,1,2,"SCHIZOPHRENIA, PARANOID TYPE",Angioedema,1,0,0
0,2.98,1,2,,Congenital arterial malformation,0,0,0
59,56.4,1,1,LUNG NEOPLASM MALIGNANT,Tachycardia,0,0,0
40,53,2,1,COMPLEX REGIONAL PAIN SYNDROME,Depression,0,0,0
65,61.2,1,6,PLASMA CELL MYELOMA,Pyrexia,1,0,0
71,77.11,2,7,PLASMA CELL MYELOMA,Diarrhoea,1,0,0
79,64.86,2,11,PLASMA CELL MYELOMA,Fall,0,0,0
63,96.6,1,18,PLASMA CELL MYELOMA,Pulmonary embolism,0,0,0
48,91.7,1,17,PLASMA CELL MYELOMA,Musculoskeletal chest pain,1,0,0
57,68,2,3,RHEUMATOID ARTHRITIS,Tuberculosis,0,0,0
69,62.78,2,19,PLASMA CELL MYELOMA,Pancytopenia,1,0,0
40,65,2,5,RHEUMATOID ARTHRITIS,Axillary mass,0,0,0
59,91.6,2,11,PLASMA CELL MYELOMA,Deep vein thrombosis,1,0,0
13,39.2,1,3,ATTENTION DEFICIT/HYPERACTIVITY DISORDER,Type 1 diabetes mellitus,1,0,0
69,71,2,6,PLASMA CELL MYELOMA,Pancytopenia,0,0,0
66,62.59,2,1,BLOOD CHOLESTEROL INCREASED,Arthralgia,0,0,0
72,66,1,2,BLOOD CHOLESTEROL ABNORMAL,Diarrhoea,0,0,0
54,63.05,2,14,PLASMA CELL MYELOMA,Haemoglobin decreased,0,0,0
78,81.63,2,7,PAIN IN EXTREMITY,Pain,0,0,0
40,85.3,2,2,FIBROMYALGIA,Hypersensitivity,0,0,0
46,102.06,2,1,MAJOR DEPRESSION,Gastrointestinal disorder,0,0,0
26,68.27,2,1,CONTRACEPTION,Skin odour abnormal,0,0,0
71,71,2,1,PLASMA CELL MYELOMA,Thrombosis,0,0,0
11,34.3,1,4,DIABETES MELLITUS,Hyperaesthesia,0,0,0
65,67,2,3,,Sleep disorder,1,0,1
62,65.8,2,4,PLASMA CELL MYELOMA,Thrombosis,0,0,0
53,100.7,2,6,THROMBOSIS PROPHYLAXIS,Cauda equina syndrome,1,0,1
45,104,1,3,PRODUCT USED FOR UNKNOWN INDICATION,Hyperuricaemia,0,0,0
36,147.87,2,10,TYPE 2 DIABETES MELLITUS,Pruritus,0,0,0
65,118.6,1,3,MYELODYSPLASTIC SYNDROME,Pancytopenia,0,0,0
82,73.5,2,7,PLASMA CELL MYELOMA,Deep vein thrombosis,1,0,0
73,85.1,1,7,PLASMA CELL MYELOMA,Pulmonary embolism,0,0,0
58,126.1,2,1,HYPERLIPIDAEMIA,Asthenia,0,0,1
56,72.6,2,1,PLASMA CELL MYELOMA,Thrombosis,0,0,0
48,68.04,1,1,TYPE 2 DIABETES MELLITUS,Headache,0,0,0
52,60.78,2,10,PLASMA CELL MYELOMA,Pneumonia,1,0,0
57,106.6,2,1,INFLUENZA,Weight decreased,0,0,1
74,97.98,1,1,PLASMA CELL MYELOMA,Renal failure acute,1,0,0
60,110.68,2,1,BACK PAIN,Drug ineffective,0,0,0
65,66.67,2,5,ASTHMA,Incorrect dose administered,0,0,0
87,88.91,2,1,PLASMA CELL MYELOMA,Rectal haemorrhage,0,0,0
71,55.34,2,4,PLASMA CELL MYELOMA,Mycobacterium avium complex infection,0,0,0
89,45.36,2,1,PLASMA CELL MYELOMA,Full blood count decreased,0,0,0
72,66.54,2,4,PLASMA CELL MYELOMA,Cholecystitis acute,1,0,0
65,77.6,2,10,PLASMA CELL MYELOMA,Orthostatic hypotension,1,0,0
70,63.5,2,3,PLASMA CELL MYELOMA,Deep vein thrombosis,0,0,0
28,48,2,5,ASPERGILLUS INFECTION,Drug interaction,0,0,0
18,63.32,1,7,INFLAMMATORY BOWEL DISEASE,Ileus,1,0,0
58,82,1,2,PLASMA CELL MYELOMA,Transient ischaemic attack,1,0,0
85,85.71,2,8,RHEUMATOID ARTHRITIS,Constipation,0,0,0
73,90.72,1,2,PLASMA CELL MYELOMA,Swelling face,0,0,0
78,61.24,2,1,PLASMA CELL MYELOMA,Chest pain,0,0,0
86,68,2,1,ATRIAL FIBRILLATION,Neuropathy peripheral,0,0,0
75,54.42,2,2,ARTHRITIS,Pain,0,0,0
63,81.65,1,9,PLASMA CELL MYELOMA,Deep vein thrombosis,0,0,0
70,114.31,2,25,PLASMA CELL MYELOMA,Pulmonary embolism,1,0,0
40,66.1,2,15,COLON CANCER,Stomatitis,1,0,0
40,55,2,2,CONTRACEPTION,Thrombophlebitis superficial,0,0,0
57,49.9,2,2,PLASMA CELL MYELOMA,Neutropenia,0,0,0
36,78.5,1,6,CHRONIC HEPATITIS C,Demyelination,1,0,0
58,81.65,2,10,PLASMA CELL MYELOMA,Dyspnoea,1,0,0
75,58.5,2,16,PLASMA CELL MYELOMA,Blood potassium decreased,1,0,0
68,91.2,2,13,PLASMA CELL MYELOMA,Nasopharyngitis,1,0,0
76,72.6,1,7,PLASMA CELL MYELOMA,Cardiac disorder,1,0,0
37,84,2,3,,Bronchitis,1,0,0
33,130,2,11,SYSTEMIC LUPUS ERYTHEMATOSUS,Rash erythematous,0,0,0
70,87,1,11,,Neutropenia,1,0,0
58,92,1,3,PLASMA CELL MYELOMA,Pancytopenia,0,0,0
73,58.96,2,5,,Glossodynia,0,0,1
33,66.74,2,1,CONTRACEPTION,Device dislocation,0,0,0
89,65.77,2,1,PLASMA CELL MYELOMA,Heart rate decreased,0,0,0
62,111.11,2,4,ARTHRITIS,Pain,0,0,0
62,65.77,2,1,PLASMA CELL MYELOMA,Thrombosis,1,0,0
55,100.23,1,4,SQUAMOUS CELL CARCINOMA OF HEAD AND NECK,Dyspnoea,1,0,0
74,65.2,1,6,CARDIAC FAILURE,Renal impairment,0,0,0
54,65,2,4,NUCLEAR MAGNETIC RESONANCE IMAGING BREAST,Paraparesis,1,0,0
53,63,2,4,BREAST CANCER,Diarrhoea,0,0,0
64,76,2,3,LOW DENSITY LIPOPROTEIN INCREASED,Type 2 diabetes mellitus,0,0,0
74,70,1,4,ACUTE MYELOID LEUKAEMIA,Haemorrhage intracranial,0,1,0
43,81.63,2,2,LOW DENSITY LIPOPROTEIN INCREASED,Type 2 diabetes mellitus,0,0,0
65,73.02,2,3,HYPERTENSION,Type 2 diabetes mellitus,0,0,0
15,45,1,2,EPILEPSY,Leukopenia,0,0,0
51,85,2,2,LOW DENSITY LIPOPROTEIN INCREASED,Type 2 diabetes mellitus,0,0,0
46,74.83,2,3,LOW DENSITY LIPOPROTEIN INCREASED,Cardiovascular disorder,0,0,0
52,95,2,3,LOW DENSITY LIPOPROTEIN INCREASED,Type 2 diabetes mellitus,0,0,1
69,91,2,7,LOW DENSITY LIPOPROTEIN INCREASED,Type 2 diabetes mellitus,0,0,0
59,54.42,2,3,CARDIOVASCULAR EVENT PROPHYLAXIS,Type 2 diabetes mellitus,0,0,0
50,103,2,3,LOW DENSITY LIPOPROTEIN INCREASED,Type 2 diabetes mellitus,0,0,0
55,77.11,2,14,PLASMA CELL MYELOMA,Fatigue,0,0,1
64,115.2,1,7,DYSPNOEA,Pulmonary hypertension,0,1,0
85,72.12,2,14,PLASMA CELL MYELOMA,Cerebrovascular accident,1,0,0
51,128.2,1,3,PLASMA CELL MYELOMA,Drug ineffective,0,0,1
73,97,2,2,PRODUCT USED FOR UNKNOWN INDICATION,Throat irritation,0,0,0
42,61.22,2,1,CHRONIC HEPATITIS C,Dyspepsia,0,0,0
66,102.1,1,9,PLASMA CELL MYELOMA,Thrombosis,0,0,0
18,57.6,2,1,CONTRACEPTION,Amenorrhoea,0,0,0
63,86.2,1,8,,Pulmonary embolism,1,0,0
74,79.47,1,8,LYMPHOMA,Neutropenia,0,0,0
68,75,1,2,PRODUCT USED FOR UNKNOWN INDICATION,Blister,0,0,0
80,81.6,1,11,PLASMA CELL MYELOMA,Thrombosis,0,0,0
91,72.58,1,17,MYELODYSPLASTIC SYNDROME,Arthritis infective,1,0,0
60,84,2,2,ASTHMA,Medication error,0,0,0
79,101,1,1,CHRONIC OBSTRUCTIVE PULMONARY DISEASE,Incorrect route of drug administration,0,0,0
59,51.71,2,10,PLASMA CELL MYELOMA,Pulmonary embolism,0,0,0
18,54.48,2,1,POST COITAL CONTRACEPTION,Abdominal pain lower,0,0,0
69,91.63,1,5,PLASMA CELL MYELOMA,Pneumonia,1,0,0
57,52.15,2,1,PRODUCT USED FOR UNKNOWN INDICATION,Application site burn,0,0,0
76,98.6,1,10,PLASMA CELL MYELOMA,Pulmonary embolism,1,0,0
84,77.11,1,9,PLASMA CELL MYELOMA,Anaemia,0,0,0
80,66.68,2,4,B-CELL LYMPHOMA,Nausea,1,0,0
82,133.99,2,20,,Glossodynia,0,0,0
79,79.4,1,9,PLASMA CELL MYELOMA,Syncope,0,0,0
36,49.94,2,1,POST COITAL CONTRACEPTION,Wrong technique in drug usage process,0,0,0
48,99.88,1,8,CROHN^S DISEASE,Abdominal adhesions,0,0,0
45,48.58,2,6,CROHN^S DISEASE,Volvulus,1,0,0
27,54.48,2,1,POST COITAL CONTRACEPTION,Menstruation irregular,0,0,0
22,49.89,2,1,RHEUMATOID ARTHRITIS,Haemorrhage in pregnancy,0,0,0
68,96.16,1,8,PLASMA CELL MYELOMA,Anaemia,0,0,0
67,85.28,1,20,PLASMA CELL MYELOMA,Rectal haemorrhage,1,0,0
56,55.84,2,2,RHEUMATOID ARTHRITIS,Arthritis,1,0,0
64,120,1,10,,Contusion,1,0,0
35,39.46,2,1,CONTRACEPTION,Adverse event,0,0,0
57,104.33,1,11,PLASMA CELL MYELOMA,Clostridium difficile infection,0,0,0
61,62,1,6,CEREBROVASCULAR ACCIDENT PROPHYLAXIS,Interstitial lung disease,1,0,0
78,77.6,1,2,PLASMA CELL MYELOMA,Infection,1,0,0
74,72,2,7,COLORECTAL CANCER METASTATIC,Renal failure,1,0,0
59,72.6,2,25,,Chronic obstructive pulmonary disease,1,0,0
57,93.9,1,13,PLASMA CELL MYELOMA,Deep vein thrombosis,0,0,0
41,59,2,4,RHEUMATOID ARTHRITIS,Spinal disorder,1,0,0
54,95,1,10,PRODUCT USED FOR UNKNOWN INDICATION,Drug-induced liver injury,1,0,0
57,117,1,7,RECTOSIGMOID CANCER,Death,0,1,0
76,93.4,2,7,BLADDER CANCER,Myocardial infarction,1,0,0
86,59.86,1,2,ARTHRITIS,Impaired driving ability,0,0,0
39,81.63,1,2,,Extra dose administered,0,0,0
32,59.86,2,1,ANALGESIC THERAPY,Incorrect drug administration duration,0,0,0
81,76.19,1,1,ARTHRITIS,Drug ineffective,0,0,0
15,63,2,2,MYALGIA,Pain in extremity,0,0,0
22,72.56,2,1,CONTRACEPTION,Chest pain,0,0,0
60,90.7,2,3,ARTHRITIS,Incorrect drug administration duration,0,0,0
71,45,2,7,RHEUMATOID ARTHRITIS,Asthenia,1,0,0
70,177,2,2,PLASMA CELL MYELOMA,Skin discolouration,0,0,0
80,65.32,1,7,PLASMA CELL MYELOMA,Renal failure,1,0,0
52,149.69,1,14,PLASMA CELL MYELOMA,Pulmonary thrombosis,0,0,0
65,97,2,2,CHRONIC OBSTRUCTIVE PULMONARY DISEASE,Costochondritis,0,0,0
54,54.93,2,4,HYPERTENSION,Unresponsive to stimuli,0,0,0
70,76.3,1,11,HYPERTENSION,Agranulocytosis,1,0,0
79,79,2,2,PSORIASIS,Appendicitis perforated,1,0,0
25,84.37,1,4,SCHIZOAFFECTIVE DISORDER,Dysstasia,0,0,0
57,79,1,5,ADENOCARCINOMA OF COLON,Cerebrovascular accident,1,0,0
63,64.41,2,5,NON-HODGKIN^S LYMPHOMA,Seasonal allergy,0,0,0
59,75.7,2,9,PLASMA CELL MYELOMA,Sialoadenitis,1,0,0
73,59.1,2,15,,Fluid overload,1,1,0
44,62,1,2,PULMONARY ARTERIAL HYPERTENSION,Death,1,1,0
79,92.99,1,3,PROSTATE CANCER,Dementia,1,0,0
60,53.25,2,4,PLASMA CELL MYELOMA,Dyspnoea,1,0,0
63,87,1,2,PLASMA CELL MYELOMA,Plasmacytoma,0,0,0
14,77,2,14,COMPLEX PARTIAL SEIZURES,Convulsion,1,0,0
66,72.58,2,1,PLASMA CELL MYELOMA,Pulmonary thrombosis,1,0,0
72,66.23,1,7,PLASMA CELL MYELOMA,Viral infection,1,0,0
18,79,2,2,CONTRACEPTION,Device expulsion,0,0,0
62,64.86,1,5,PLASMA CELL MYELOMA,Thrombosis,0,0,0
64,46.5,2,15,PULMONARY ARTERIAL HYPERTENSION,Intestinal obstruction,1,0,0
67,72,1,3,RHEUMATOID ARTHRITIS,Inguinal hernia,1,0,0
53,109,2,3,PAIN,"Hallucination, auditory",0,0,0
0,3.6,2,6,HIV INFECTION,Ventricular septal defect,0,0,0
72,70.31,2,1,PLASMA CELL MYELOMA,Pneumonia,1,0,0
23,112,2,19,PRODUCT USED FOR UNKNOWN INDICATION,Hospitalisation,1,0,0
63,80,1,2,PRODUCT USED FOR UNKNOWN INDICATION,Aphonia,1,0,1
77,93,2,1,PRODUCT USED FOR UNKNOWN INDICATION,Alopecia areata,0,0,0
62,60,2,2,CROHN^S DISEASE,Gastric haemorrhage,0,0,0
63,114.1,2,1,DIABETES MELLITUS,Adverse event,0,0,0
57,75.5,1,12,ASTHMA,Disability,0,0,0
66,83.01,1,5,PLASMA CELL MYELOMA,Neutrophil count decreased,0,0,0
55,95.3,1,4,PLASMA CELL MYELOMA,Pulmonary embolism,1,0,0
49,83,1,3,ANTIVIRAL TREATMENT,Drug interaction,0,0,0
66,57.6,1,12,,Osteonecrosis of jaw,0,0,0
29,54.9,2,2,,Vision blurred,0,0,0
40,70.3,1,3,,Dysphagia,0,0,0
59,102.1,2,2,,Vomiting,0,0,0
150,6.2,1,3,CIRCUMCISION,Cyanosis,1,0,0
18,82,2,7,INDUCTION OF ANAESTHESIA,Bronchospasm,0,0,0
2,14.3,1,1,PRODUCT USED FOR UNKNOWN INDICATION,Pruritus,1,0,0
43,55,2,3,EPILEPSY,Loss of consciousness,0,0,0
0,70,2,2,PRODUCT USED FOR UNKNOWN INDICATION,Neutropenia,0,0,0
59,65.32,2,10,MYELODYSPLASTIC SYNDROME,Full blood count decreased,0,0,0
52,73.5,2,2,MALIGNANT MELANOMA,Systemic inflammatory response syndrome,1,0,0
82,92.53,1,1,PLASMA CELL MYELOMA,Atrial fibrillation,1,0,0
59,92.53,2,1,PSORIASIS,Thalamic infarction,1,0,0
56,50,2,4,PRODUCT USED FOR UNKNOWN INDICATION,Suicide attempt,1,0,0
66,127.01,1,2,PLASMA CELL MYELOMA,Bone marrow failure,0,0,0
50,93,1,8,ATRIAL FIBRILLATION,Atrial fibrillation,1,0,0
90,80,2,9,OFF LABEL USE,Pneumonia,1,0,0
56,115.67,1,38,PLASMA CELL MYELOMA,Back pain,1,0,0
74,54.43,2,4,PLASMA CELL MYELOMA,Haemoglobin decreased,0,0,0
53,74.8,2,4,MYELOFIBROSIS,Oesophagitis,0,0,0
63,100,1,9,PRODUCT USED FOR UNKNOWN INDICATION,Depression,0,0,0
73,85.28,1,3,MYELODYSPLASTIC SYNDROME,Neutropenia,0,0,0
59,78,2,5,ATRIAL FIBRILLATION,Atrial fibrillation,0,0,0
83,56.25,2,4,PLASMA CELL MYELOMA,Memory impairment,0,0,0
82,57.61,2,7,MYELODYSPLASTIC SYNDROME,Diverticulitis,0,0,0
55,94,1,6,PLASMA CELL MYELOMA,Thrombosis,1,0,0
73,73,1,6,CEREBROVASCULAR ACCIDENT PROPHYLAXIS,Post procedural haemorrhage,0,0,0
88,70.31,2,8,LYMPHOMA,Thrombosis,1,0,0
44,63.49,2,1,ACNE,Injury,1,0,0
63,69.85,2,1,LYMPHOMA,Thrombocytopenia,1,0,0
52,51.71,2,14,PLASMA CELL MYELOMA,Chest pain,1,0,0
66,99.77,2,9,CONSTIPATION,Vaginal discharge,0,0,0
58,73.8,2,2,PLASMA CELL MYELOMA,Plasma cell myeloma,0,0,0
27,54.93,2,1,CONTRACEPTION,Device dislocation,0,0,0
53,77.11,1,1,PLASMA CELL MYELOMA,Transient ischaemic attack,0,0,0
71,81.65,1,7,PLASMA CELL MYELOMA,Cerebrovascular accident,1,0,0
84,58.97,1,10,MYELODYSPLASTIC SYNDROME,Blood glucose decreased,1,0,0
76,66.3,1,8,LUNG NEOPLASM MALIGNANT,Pneumonia,0,1,0
75,83.9,2,1,PLASMA CELL MYELOMA,Arthralgia,1,0,0
66,70.31,1,4,PLASMA CELL MYELOMA,Thrombosis,0,0,0
46,60.38,2,3,CONTRACEPTION,Breast cancer,0,0,0
53,77.57,2,2,PLASMA CELL MYELOMA,Hepatic function abnormal,0,0,0
29,56.4,1,2,HIV INFECTION,Suicidal ideation,0,0,0
78,58.5,1,3,ACUTE MYELOID LEUKAEMIA,Central nervous system lesion,0,1,0
86,42.64,2,14,PLASMA CELL MYELOMA,Bronchitis,1,0,0
82,54,1,3,PLASMA CELL MYELOMA,Incontinence,0,0,0
24,88,2,2,HYPERANDROGENISM,Pulmonary embolism,1,0,0
58,52,1,15,IMMUNOSUPPRESSION,Intervertebral disc protrusion,0,0,0
68,65,1,4,PARKINSON^S DISEASE,Hypergammaglobulinaemia benign monoclonal,0,0,0
25,49.94,2,1,POST COITAL CONTRACEPTION,Menstruation irregular,0,0,0
43,89.44,1,3,BLOOD TESTOSTERONE DECREASED,Haemorrhage,1,0,0
74,67,2,6,PLASMA CELL MYELOMA,Rash,0,0,0
78,70.31,1,6,PLASMA CELL MYELOMA,Rash,0,0,1
12,38.9,2,1,BIPOLAR I DISORDER,Posterior reversible encephalopathy syndrome,1,0,0
55,91.17,2,4,PSORIASIS,Myocardial infarction,1,0,0
66,58,2,8,BLOOD CHOLESTEROL INCREASED,Osteoarthritis,0,0,0
64,59.88,2,11,PLASMA CELL MYELOMA,Full blood count decreased,1,0,0
65,62.59,2,9,RELAPSING-REMITTING MULTIPLE SCLEROSIS,Lichen sclerosus,0,0,0
22,57.66,2,1,CONTRACEPTION,Device dislocation,0,0,0
80,54.98,2,5,PLASMA CELL MYELOMA,Pancytopenia,1,0,0
70,60,2,8,PLASMA CELL MYELOMA,Diarrhoea,0,0,0
85,50,1,3,PARKINSON^S DISEASE,Urinary tract infection,0,1,0
78,72.6,1,12,PLASMA CELL MYELOMA,Postoperative wound infection,1,0,0
66,58.96,2,2,POLLAKIURIA,Drug ineffective,0,0,0
57,50,1,22,,Malaise,0,0,0
82,99.79,1,15,DEMENTIA ALZHEIMER^S TYPE,Herpes zoster,0,0,0
73,56.25,2,9,,Dehydration,0,0,0
83,92.97,1,19,PROSTATE CANCER METASTATIC,Gastrointestinal haemorrhage,1,0,0
62,95.26,1,5,CHRONIC LYMPHOCYTIC LEUKAEMIA,Pulmonary thrombosis,0,0,0
65,82.1,1,11,PLASMA CELL MYELOMA,Anaemia,1,0,0
67,72.12,1,12,PLASMA CELL MYELOMA,Deep vein thrombosis,1,0,0
72,76.2,1,10,PLASMA CELL MYELOMA,Coronary artery disease,1,0,0
79,60,1,8,CEREBROVASCULAR ACCIDENT PROPHYLAXIS,Haematoma evacuation,1,0,0
71,180,1,5,PRODUCT USED FOR UNKNOWN INDICATION,Rash macular,0,0,0
49,95,1,9,ANKYLOSING SPONDYLITIS,Laboratory test abnormal,0,0,0
71,61.8,2,5,RHEUMATOID ARTHRITIS,Basal cell carcinoma,0,0,0
51,95.1,1,4,CROHN^S DISEASE,Haematemesis,0,0,0
15,57.2,2,9,,Headache,1,0,0
13,43,2,2,CROHN^S DISEASE,Crohn^s disease,1,0,0
90,68,2,6,DEMENTIA ALZHEIMER^S TYPE,Malaise,1,1,0
74,95.24,2,2,URINARY INCONTINENCE,Drug effect decreased,0,0,0
75,80,2,8,,Toxicity to various agents,0,1,0
40,60,2,1,SMOKING CESSATION THERAPY,Coronary artery disease,0,0,0
74,58,1,3,PLASMA CELL MYELOMA,Pyrexia,1,0,0
44,99.79,2,7,PRODUCT USED FOR UNKNOWN INDICATION,Vertigo,0,0,1
61,79,2,2,ABDOMINAL DISCOMFORT,Osteoporosis,0,0,0
26,54,2,2,URINARY TRACT INFECTION,Blindness transient,0,0,0
1,9.8,1,3,,Foetal anticonvulsant syndrome,0,0,0
78,86,1,5,LABYRINTHITIS,Tongue biting,0,0,0
49,66,1,3,MULTIPLE SCLEROSIS,C-reactive protein increased,1,0,1
60,97,1,1,VENOUS ANGIOMA OF BRAIN,Infarction,1,0,0
30,67.6,2,6,LYMPHOMA,Neutrophil count decreased,1,0,0
48,136,2,1,ERECTILE DYSFUNCTION,Blindness,0,0,0
33,45,2,3,EPILEPSY,Suicide attempt,1,0,0
57,84.82,2,3,PITUITARY-DEPENDENT CUSHING^S SYNDROME,Headache,0,0,0
49,58.96,2,1,MULTIPLE SCLEROSIS,Lower limb fracture,1,0,0
30,52,1,1,CYSTIC FIBROSIS,Nasopharyngitis,1,0,0
43,162.84,2,8,PITUITARY-DEPENDENT CUSHING^S SYNDROME,Alopecia,0,0,0
61,98.97,2,12,WHEEZING,Myocardial infarction,1,0,0
61,95.2,1,3,NERVE INJURY,Cerebrovascular accident,0,0,0
64,86,2,3,BURNING SENSATION,Drug ineffective for unapproved indication,0,0,0
61,113.4,2,10,CUSHING^S SYNDROME,Fatigue,0,0,0
60,56.69,2,1,TRIGEMINAL NEURALGIA,Drug ineffective,0,0,0
68,86.2,2,1,MENOPAUSAL SYMPTOMS,Dizziness,0,0,0
50,63.49,2,10,,Sneezing,0,0,0
48,85.73,2,9,CUSHING^S SYNDROME,Vomiting,0,0,0
54,132,2,8,SPONDYLITIS,Product use issue,0,0,1
35,122.5,1,2,,Pain,0,0,0
61,95.24,1,4,NERVE INJURY,Cerebrovascular accident,0,0,0
78,108.84,2,1,PAIN IN EXTREMITY,Muscular weakness,0,0,0
48,95.26,2,2,CUSHING^S SYNDROME,Blood pressure increased,0,0,0
51,76,2,3,CROHN^S DISEASE,Hemianopia,0,0,0
69,81.27,2,7,PRODUCT USED FOR UNKNOWN INDICATION,Renal failure,0,0,0
59,65.5,2,11,BIPOLAR I DISORDER,Neuropsychiatric syndrome,1,0,0
51,65.32,1,2,CUSHING^S SYNDROME,Somnolence,0,0,0
38,81.65,2,1,CUSHING^S SYNDROME,Fatigue,0,0,0
21,57,2,7,PRODUCT USED FOR UNKNOWN INDICATION,Yellow skin,1,0,0
60,66.23,2,3,OVARIAN CANCER,Flatulence,0,0,0
17,59.7,1,2,ATTENTION DEFICIT/HYPERACTIVITY DISORDER,Musculoskeletal stiffness,0,0,0
63,68.04,2,3,OVARIAN CANCER,Nausea,0,0,0
32,71,1,2,CHRONIC MYELOID LEUKAEMIA,Asphyxia,0,1,0
24,86,1,1,,Hypertension,0,0,0
32,82.8,1,4,,Toxicity to various agents,0,1,0
71,68,2,3,HYPERTROPHIC CARDIOMYOPATHY,Cardiac failure congestive,0,0,0
66,69,1,6,,Vasospasm,0,0,0
51,66.23,2,2,CUSHING^S SYNDROME,Hypertension,1,0,0
63,114.3,1,5,HYPERCHOLESTEROLAEMIA,Decreased interest,0,0,0
22,54,2,2,NASOPHARYNGITIS,Swelling face,0,0,0
31,54.48,2,2,ENDOMETRIOSIS,Placenta praevia,1,0,0
66,90.5,2,3,RHEUMATOID ARTHRITIS,Encephalitis,1,1,0
82,70,1,6,COLORECTAL CANCER METASTATIC,Pulmonary embolism,1,0,0
74,65.76,2,12,POLLAKIURIA,Hypersensitivity,0,0,0
58,87.7,1,5,MANTLE CELL LYMPHOMA,Sepsis,1,0,0
83,84,1,5,ATRIAL FIBRILLATION,Gastrointestinal haemorrhage,1,0,0
69,90.72,2,2,THROMBOSIS,Chest discomfort,0,0,0
69,65.3,1,5,PRODUCT USED FOR UNKNOWN INDICATION,Cardiac enzymes increased,1,0,0
72,63.9,1,1,PLASMA CELL MYELOMA,Sepsis,0,0,0
74,78,1,3,PLASMA CELL MYELOMA,Myocardial infarction,0,1,0
50,54,2,1,ANALGESIC THERAPY,Throat irritation,0,0,0
39,99,2,2,EMBOLISM VENOUS,Deep vein thrombosis,0,0,0
88,57,1,6,ATRIAL FIBRILLATION,Bleeding varicose vein,0,1,0
77,83,1,7,EMBOLISM VENOUS,Infarction,0,0,0
72,72,2,2,EMBOLISM VENOUS,Hypersensitivity vasculitis,0,0,0
51,36.74,2,22,DEEP VEIN THROMBOSIS,Eye haemorrhage,0,0,0
82,79,2,6,ARTHRITIS,Incorrect drug administration duration,0,0,0
64,68.5,2,5,RHEUMATOID ARTHRITIS,Enteritis,1,0,0
47,59,2,3,MIGRAINE,Hypothalamo-pituitary disorder,0,0,1
70,56.7,2,2,COR PULMONALE CHRONIC,Death,0,1,0
74,74,1,5,ADENOCARCINOMA OF COLON,Cardiac arrest,0,1,0
71,79,1,19,CHRONIC LYMPHOCYTIC LEUKAEMIA,Hepatic enzyme increased,1,0,0
20,54.48,2,3,POST COITAL CONTRACEPTION,Menstruation irregular,0,0,0
10,2.32,1,1,MATERNAL EXPOSURE TIMING UNSPECIFIED,Supraventricular tachycardia,0,0,0
21,54.48,2,3,POST COITAL CONTRACEPTION,Vaginal discharge,0,0,0
67,50.00,1,7,Product used for unknown indication,Intestinal ischaemia,1,0,0
62,74,1,3,BLOOD CHOLESTEROL INCREASED,Headache,0,0,0
82,58.06,2,19,ATRIAL FIBRILLATION,Gastrointestinal haemorrhage,1,0,0
67,83.9,1,15,PROSTATE CANCER METASTATIC,Loss of consciousness,1,0,0
65,90.72,2,3,PLASMA CELL MYELOMA,Cataract,0,0,0
68,67,1,1,ARTHRALGIA,Eczema,0,0,0
73,91,1,32,MYELODYSPLASTIC SYNDROME,Pneumonia,1,0,0
34,99.77,2,6,SMOKING CESSATION THERAPY,Suicidal ideation,0,0,0
70,106,1,3,NEURALGIA,Joint injury,1,0,0
84,50,2,3,DIAGNOSTIC PROCEDURE,Dyspnoea,0,0,0
60,93,1,1,HYPERCHOLESTEROLAEMIA,Syncope,1,0,0
67,90.7,2,7,ARTHRITIS,Arthropathy,0,0,0
69,82.17,1,4,HIGH DENSITY LIPOPROTEIN DECREASED,Blood urine present,1,0,0
58,104.42,2,17,HYPERTENSION,Gastrointestinal infection,0,0,0
57,85,2,1,BREAST CANCER,Throat tightness,0,0,0
50,79.38,2,2,TYPE 2 DIABETES MELLITUS,Diverticulitis,1,0,0
67,77,1,1,CROHN^S DISEASE,Small cell lung cancer,1,1,0
76,70,1,16,PROSTATE CANCER,Blood pressure increased,1,0,0
64,76.4,2,7,,Axillary mass,0,0,0
78,82,1,12,COLITIS ULCERATIVE,Basal cell carcinoma,0,0,0
26,60,2,10,PRODUCT USED FOR UNKNOWN INDICATION,Gastrointestinal disorder,0,0,0
84,83,1,13,MANTLE CELL LYMPHOMA,Hepatic enzyme increased,0,0,0
55,97,2,6,,Heart rate increased,1,0,0
52,85,1,2,POLYARTHRITIS,Staphylococcal sepsis,0,1,0
76,78.9,1,8,CHRONIC LYMPHOCYTIC LEUKAEMIA,Renal haemorrhage,1,0,0
61,83,1,2,PSORIATIC ARTHROPATHY,Cellulitis,1,0,0
28,75.3,2,3,JUVENILE IDIOPATHIC ARTHRITIS,Anal abscess,1,0,0
52,57,2,8,RHEUMATOID ARTHRITIS,Tuberculosis,0,0,0
59,65.5,2,27,MANIA,Pelvic fracture,1,0,0
31,90,1,7,PSORIASIS,Anogenital warts,0,0,0
70,63.5,2,5,"DELUSIONAL DISORDER, UNSPECIFIED TYPE",Feeling abnormal,0,0,0
89,71.67,1,2,PROSTATE CANCER METASTATIC,Cerebrovascular accident,1,0,0
62,90,1,6,PROSTATE CANCER,Cushing^s syndrome,0,0,0
42,110,1,4,PROSTATE CANCER,Blood glucose decreased,1,0,0
84,70,1,7,PRODUCT USED FOR UNKNOWN INDICATION,Tongue carcinoma stage 0,0,0,0
33,90,1,1,ANKYLOSING SPONDYLITIS,Tremor,0,0,1
65,97.52,2,20,PNEUMONIA,Bronchitis,0,0,0
56,56.4,2,9,LOCAL ANAESTHESIA,Toxicity to various agents,1,0,0
57,67.4,1,9,HIV INFECTION,Orchitis,1,0,0
46,70,1,1,PRODUCT USED FOR UNKNOWN INDICATION,Suicidal ideation,0,0,0
19,58.97,2,7,SCHIZOAFFECTIVE DISORDER,Menorrhagia,0,0,0
50,71,2,4,NEUROPATHY PERIPHERAL,Suicidal ideation,0,0,0
82,100,1,8,CEREBROVASCULAR ACCIDENT PROPHYLAXIS,Haematemesis,1,0,0
57,82.55,1,2,,Erectile dysfunction,0,0,1
71,58,2,4,EMBOLISM VENOUS,Haemolytic anaemia,1,0,0
75,78,1,3,ATRIAL FIBRILLATION,Melaena,1,0,0
57,85,2,3,LOW DENSITY LIPOPROTEIN INCREASED,Type 2 diabetes mellitus,0,0,0
52,75.3,2,13,,Hypersensitivity,0,0,0
37,83,2,1,ATTENTION DEFICIT/HYPERACTIVITY DISORDER,Fatigue,1,0,0
81,60.84,2,10,MACULAR DEGENERATION,Diarrhoea,0,0,0
2,15,1,1,,Accidental exposure to product by child,0,0,0
45,91,1,5,HEPATITIS C,Chest pain,1,0,0
65,53,1,7,CHRONIC HEPATITIS C,Generalised erythema,0,0,0
51,67.2,1,12,CHRONIC HEPATITIS C,Haemoglobin decreased,1,0,0
72,60,1,10,CHRONIC HEPATITIS C,White blood cell count decreased,0,0,0
70,49,2,9,,Diverticulum,1,0,0
91,84,1,8,CEREBROVASCULAR ACCIDENT PROPHYLAXIS,Upper gastrointestinal haemorrhage,1,1,0
60,86.62,1,5,CHRONIC HEPATITIS C,Erectile dysfunction,0,0,0
63,89.36,2,10,RHEUMATOID ARTHRITIS,Atrial fibrillation,0,0,0
63,78.02,2,7,CEREBROVASCULAR ACCIDENT PROPHYLAXIS,Echocardiogram,1,0,0
45,84,1,1,PSORIASIS,Infarction,1,0,0
62,63.05,2,3,PSORIASIS,Squamous cell carcinoma,0,0,0
73,90.72,2,5,PSORIASIS,Diverticulum,1,0,0
56,70,1,1,SCHIZOPHRENIA,Condition aggravated,0,0,0
67,61.24,1,8,PAIN,Abnormal loss of weight,0,0,0
78,73.92,2,12,HYPERTONIC BLADDER,Pain,0,0,0
23,61.29,2,1,POST COITAL CONTRACEPTION,Menstruation irregular,0,0,0
29,59,2,3,PRODUCT USED FOR UNKNOWN INDICATION,Drug effect incomplete,0,0,0
23,74,2,1,POST COITAL CONTRACEPTION,Vomiting,0,0,0
65,79.7,2,12,THROMBOPHLEBITIS SUPERFICIAL,Mouth ulceration,0,0,1
76,63.04,1,10,ATRIAL FIBRILLATION,Gastric mucosal lesion,1,0,0
64,77,1,3,OESOPHAGEAL CARCINOMA,Syncope,1,0,0
74,85,1,3,INDUCTION OF ANAESTHESIA,Muscle rigidity,1,0,0
22,82.63,2,2,POST COITAL CONTRACEPTION,Menstruation irregular,0,0,0
53,100.1,1,5,CROHN^S DISEASE,Ileostomy,0,0,0
41,89.9,1,2,ANKYLOSING SPONDYLITIS,Skin discolouration,0,0,0
68,89,2,9,RHEUMATOID ARTHRITIS,Tuberculous pleurisy,0,0,0
21,58.2,1,1,IMMUNOLOGY TEST,Myalgia,1,0,0
20,42,2,1,PRODUCT USED FOR UNKNOWN INDICATION,Self injurious behaviour,0,0,0
72,70,2,2,RHEUMATOID ARTHRITIS,Pain,0,0,0
24,80,1,4,ANKYLOSING SPONDYLITIS,Depression,0,0,0
57,50,2,2,PRODUCT USED FOR UNKNOWN INDICATION,Drug effect decreased,0,0,0
16,43.4,2,4,CROHN^S DISEASE,C-reactive protein increased,1,0,0
38,82,2,18,RHEUMATOID ARTHRITIS,Pyrexia,1,0,0
58,61.2,2,3,MENOPAUSAL SYMPTOMS,Arthropathy,0,0,0
11,74.83,1,1,AUTONOMIC NERVOUS SYSTEM IMBALANCE,Coeliac disease,0,0,0
59,77.1,2,4,NEUROPATHY PERIPHERAL,Dyspepsia,1,0,0
77,104,1,8,DIABETIC NEUROPATHY,Lung neoplasm malignant,0,0,0
81,68.03,2,4,DIABETIC NEUROPATHY,Cardiac disorder,0,0,0
61,55.32,2,8,HYPOTHYROIDISM,Back disorder,0,0,0
40,61.68,1,1,MIGRAINE,Rhabdomyolysis,0,0,0
23,50,2,2,CROHN^S DISEASE,Hand fracture,0,0,0
75,61,1,5,NEUTROPENIA,Multi-organ failure,0,1,0
18,59.7,2,2,INFLAMMATORY BOWEL DISEASE,Volvulus,1,0,0
56,73,1,2,COLITIS ULCERATIVE,Investigation,1,0,0
73,74,2,6,,Cystitis,0,0,0
24,78,2,1,COLITIS ULCERATIVE,Hair colour changes,0,0,0
19,54,2,4,CROHN^S DISEASE,Sciatic nerve neuropathy,0,0,1
34,81.65,2,1,COLITIS ULCERATIVE,Bartholin^s cyst,0,0,0
13,42.6,1,5,INFLAMMATORY BOWEL DISEASE,Anal fistula,1,0,0
26,59,2,3,CROHN^S DISEASE,Drug ineffective,1,0,0
50,50,2,4,CROHN^S DISEASE,Herpes zoster,1,0,0
36,77.11,2,2,CROHN^S DISEASE,Visual impairment,0,0,0
59,68.1,2,4,CROHN^S DISEASE,Blood iron decreased,0,0,0
52,79,2,2,CROHN^S DISEASE,Eye haemorrhage,0,0,0
62,65,1,7,ANKYLOSING SPONDYLITIS,Intestinal obstruction,1,1,0
67,75,2,2,HYPERTENSION,Localised infection,1,0,0
39,86.18,1,1,ATTENTION DEFICIT/HYPERACTIVITY DISORDER,Muscle injury,1,0,0
65,71,2,5,MAINTENANCE OF ANAESTHESIA,Drug-induced liver injury,0,0,0
22,57,2,1,ACNE,Pharyngeal oedema,0,0,0
24,65.31,2,1,,Medical device removal,0,0,0
0,2.92,1,4,,Supraventricular tachycardia,1,0,0
73,77.98,2,1,HYPERTONIC BLADDER,Application site pruritus,0,0,0
79,69,1,15,CHRONIC LYMPHOCYTIC LEUKAEMIA,Cardiac failure,1,0,0
61,52.4,2,8,DAIRY INTOLERANCE,Intraventricular haemorrhage,1,1,0
50,68,1,20,,Vitreous haemorrhage,0,0,1
78,95.4,1,13,PLEURAL INFECTION,Pleural infection,1,0,0
68,55,2,7,TYPE 2 DIABETES MELLITUS,Invasive ductal breast carcinoma,1,0,1
31,44,2,1,MULTIPLE SCLEROSIS,Multiple sclerosis relapse,1,0,0
72,75,2,9,,Feeling abnormal,0,1,0
73,43.84,2,3,HYPERSENSITIVITY,Drug ineffective,0,0,0
76,57.6,2,8,URINARY INCONTINENCE,Application site pain,0,0,0
68,72,2,1,OSTEOPOROSIS,Tremor,0,0,0
67,70.8,1,14,CHRONIC LYMPHOCYTIC LEUKAEMIA,Lung adenocarcinoma,0,0,0
56,51,1,7,,Pain in extremity,0,0,0
88,49.4,2,6,MYELODYSPLASTIC SYNDROME,Cardiac disorder,1,0,0
84,51,1,15,MYELODYSPLASTIC SYNDROME,Pneumonia,0,1,0
73,72.7,1,18,CONVULSION,Convulsion,1,0,0
58,72.4,1,6,PLASMA CELL MYELOMA,Death,1,1,0
81,74.91,1,1,PLASMA CELL MYELOMA,Death,0,1,0
75,90,2,9,SUICIDE ATTEMPT,Suicide attempt,1,0,0
68,90.8,2,3,PLASMA CELL MYELOMA,Arteriospasm coronary,0,0,0
73,40.8,2,15,PLASMA CELL MYELOMA,Death,0,1,0
45,65,1,2,MYOCARDIAL INFARCTION,Ventricular tachycardia,0,1,0
46,72,1,2,HIV INFECTION,Oesophageal candidiasis,1,0,0
10,32,2,4,CYTOMEGALOVIRUS INFECTION,General physical health deterioration,1,0,0
67,59.5,2,8,HYPERPARATHYROIDISM SECONDARY,Encephalopathy,1,0,0
82,56.9,2,9,CARDIAC FAILURE CONGESTIVE,Hyperkalaemia,1,0,0
62,90.7,2,2,PSORIASIS,Thrombosis,1,0,0
50,55,2,1,COLON CANCER METASTATIC,Pyrexia,1,0,0
23,97.52,2,1,CONTRACEPTION,Implant site scar,0,0,0
41,59,2,5,ANAL CANCER,Febrile neutropenia,1,0,0
47,62,1,9,TRANSITIONAL CELL CARCINOMA,Vomiting,1,0,0
19,58.2,2,1,ASTHMA,Dyspnoea,0,0,0
54,92.97,1,3,HEPATITIS C,Underdose,0,0,0
80,40,2,5,,Pneumonia,1,1,0
49,50,2,7,,Weight increased,0,0,0
77,73.02,2,1,PRODUCT USED FOR UNKNOWN INDICATION,Weight increased,0,0,0
71,47.6,2,8,OSTEOPOROSIS,Pain,0,0,0
32,63,2,4,RHEUMATOID ARTHRITIS,Alopecia,0,0,0
62,60.4,2,11,METASTASES TO BONE,Electrocardiogram QT prolonged,0,0,0
64,65,2,4,OSTEOPOROSIS,Osteonecrosis of jaw,1,0,0
14,41.7,1,28,,Headache,1,0,0
66,117.91,1,8,PSORIATIC ARTHROPATHY,Pericardial effusion,1,0,0
30,64,1,2,ANKYLOSING SPONDYLITIS,Lower limb fracture,1,0,0
79,69,1,1,ATRIAL FIBRILLATION,Colon cancer,0,0,0
79,103.42,2,8,ATRIAL FIBRILLATION,Lower gastrointestinal haemorrhage,1,0,0
87,46,2,9,CEREBROVASCULAR ACCIDENT PROPHYLAXIS,Sedation,0,0,1
87,59,1,9,ATRIAL FIBRILLATION,Acute respiratory distress syndrome,1,0,0
83,43.2,2,3,CEREBROVASCULAR ACCIDENT PROPHYLAXIS,Colon cancer,0,0,0
59,110,2,19,NUCLEAR MAGNETIC RESONANCE IMAGING,Anaemia,1,0,0
46,60,2,2,MULTIPLE SCLEROSIS,Gastrointestinal infection,0,0,0
53,86,1,1,MULTIPLE SCLEROSIS,Bipolar disorder,1,0,0
43,52,2,12,RELAPSING-REMITTING MULTIPLE SCLEROSIS,Influenza,0,0,0
29,54.88,2,2,GASTROOESOPHAGEAL REFLUX DISEASE,Night sweats,0,0,0
29,81.63,2,1,,Medical device complication,0,0,0
58,93,2,4,,Drug ineffective,0,0,0
60,63.3,2,17,COLORECTAL CANCER METASTATIC,Palmar-plantar erythrodysaesthesia syndrome,1,0,0
58,100,2,1,RHEUMATOID ARTHRITIS,Asthma,1,0,0
27,81.63,2,1,CONTRACEPTION,Fungal infection,0,0,0
72,56.69,2,3,,Drug interaction,0,0,0
3,27.22,2,1,PRODUCT USED FOR UNKNOWN INDICATION,Incorrect route of drug administration,0,0,0
19,78.91,2,1,CONTRACEPTION,Implant site bruising,0,0,0
61,87.72,1,20,,Cerebrovascular accident,1,0,0
33,54.03,2,28,,Rubella,1,0,0
74,68,2,7,BREAST CANCER,Pleural infection,1,0,0
66,79.38,2,15,UPPER RESPIRATORY TRACT INFECTION,Dysphagia,1,0,0
73,95.7,1,4,HYPERCHOLESTEROLAEMIA,Impatience,0,0,0
58,87,1,1,PRODUCT USED FOR UNKNOWN INDICATION,Diarrhoea,0,0,0
11,46.04,2,4,ASTHMA,Blood creatinine increased,0,0,0
20,54.42,2,1,CONTRACEPTION,Device breakage,0,0,0
49,60.6,2,1,MALIGNANT MELANOMA,Diarrhoea,1,0,0
64,50,2,2,COUGH,Drug-induced liver injury,1,0,0
53,68,1,5,,Hypertension,0,0,0
61,94,1,4,RHEUMATOID ARTHRITIS,Forearm fracture,1,0,0
75,75,2,1,PRODUCT USED FOR UNKNOWN INDICATION,Dyspnoea,0,0,0
10,8.5,2,1,KAWASAKI^S DISEASE,Haemolysis,0,0,0
63,91,2,5,RHEUMATOID ARTHRITIS,Radical cystectomy,1,0,0
82,63,2,1,RHEUMATOID ARTHRITIS,Colorectal cancer metastatic,0,1,0
84,7.48,2,1,OSTEOPOROSIS,Cardiac failure congestive,0,1,0
59,73.03,1,4,TINEA PEDIS,Ageusia,0,0,0
43,76,1,1,METASTATIC MALIGNANT MELANOMA,Rash,0,0,0
16,46.8,2,34,MYXOFIBROSARCOMA,Diarrhoea,0,0,0
72,56.7,2,6,NASOPHARYNGITIS,Swelling,0,0,0
52,107.3,1,7,METASTASES TO BONE,Hydronephrosis,1,1,0
31,105.78,2,2,CONTRACEPTION,Device dislocation,0,0,0
73,57,2,5,METASTATIC MALIGNANT MELANOMA,Keratoacanthoma,1,0,0
48,68,2,1,DEPRESSION,Alopecia,0,0,0
35,92.97,2,9,ACNE,Pain,1,1,0
23,66.67,2,9,CONTRACEPTION,Pain,1,0,0
41,80.86,2,9,,Pulmonary embolism,0,0,0
33,97,1,3,EPILEPSY,Convulsion,0,0,0
61,68.2,2,1,METASTATIC MALIGNANT MELANOMA,Dry skin,0,0,0
64,65,1,6,FABRY^S DISEASE,Cardiogenic shock,0,1,0
80,156,2,1,NASAL CONGESTION,Nervousness,0,0,0
52,93,2,1,ASTHMA,Incorrect route of drug administration,0,0,0
24,49.94,2,4,CONTRACEPTION,Device dislocation,0,0,0
66,87,1,43,,Febrile neutropenia,1,0,0
43,101,2,6,EPILEPSY,Hallucination,1,0,0
56,59.88,2,1,BLOOD CHOLESTEROL INCREASED,Quality of life decreased,0,0,1
37,77.18,2,1,CONTRACEPTION,Abortion induced,0,0,0
68,81,1,12,METASTASES TO BONE,Pyrexia,1,0,0
43,105,2,1,TYPE 2 DIABETES MELLITUS,Blood glucose increased,1,0,0
86,48.07,2,1,PRODUCT USED FOR UNKNOWN INDICATION,Blood glucose increased,1,0,0
2,7.8,2,5,INFECTION,Product contamination,0,0,0
48,98,1,4,CHRONIC LYMPHOCYTIC LEUKAEMIA,Progressive multifocal leukoencephalopathy,1,0,1
61,90.25,2,6,RHEUMATOID ARTHRITIS,Surgery,0,0,0
59,98.88,2,1,BLOOD CHOLESTEROL INCREASED,Coordination abnormal,0,0,0
35,127.01,2,1,BACTERIAL VAGINOSIS,Fall,0,0,1
29,72.19,2,1,CONTRACEPTION,Device dislocation,0,0,0
62,100,1,14,PLASMA CELL MYELOMA,Sepsis,1,1,0
64,64.9,1,4,,Alcohol interaction,1,0,0
51,104.33,1,1,CONSTIPATION,Urticaria,0,0,0
41,86.18,1,1,BACK PAIN,Meningitis,0,0,1
7,7.71,2,1,TEETHING,Vomiting,0,0,0
86,85,1,9,PROSTATE CANCER,Cardiac failure,1,1,0
53,47.17,2,13,CROHN^S DISEASE,Procedural intestinal perforation,0,0,0
63,65.38,2,16,,Colorectal cancer,0,0,0
66,58.97,2,1,BONE DENSITY DECREASED,Chills,0,0,0
58,68.04,2,1,PSORIASIS,Rash erythematous,1,0,0
69,120.2,1,2,MULTIPLE ALLERGIES,Cardiac flutter,1,0,0
66,70,2,2,RHEUMATOID ARTHRITIS,Peripheral swelling,1,0,0
68,85,1,13,ANKYLOSING SPONDYLITIS,Tendon disorder,0,0,0
36,68.95,2,1,MIGRAINE,Alopecia,0,0,0
32,62,1,5,GASTROOESOPHAGEAL REFLUX DISEASE,Ear congestion,0,0,0
69,74,1,2,PSORIATIC ARTHROPATHY,Myocardial infarction,1,0,0
59,58,2,3,ANKYLOSING SPONDYLITIS,Arthritis,0,0,0
16,119.6,1,8,INFLAMMATORY BOWEL DISEASE,Enteritis,1,0,0
67,149.69,1,2,POLYURIA,Urticaria,0,0,0
75,89.9,1,12,SINUSITIS,Dehydration,1,0,0
3,15.42,2,1,,Urticaria,0,0,0
37,80.29,1,2,PULMONARY EMBOLISM,Investigation,1,0,0
55,58,2,3,OSTEOPOROSIS,Foot fracture,0,0,0
56,64.41,2,4,DEPRESSION,Abnormal behaviour,0,0,1
45,97,2,6,LOCAL SWELLING,Atrial fibrillation,0,0,0
60,77.11,2,2,NECK PAIN,Drug ineffective,0,0,0
86,70,1,7,GOUT,Eczema,1,0,0
83,49.94,2,3,LUNG NEOPLASM MALIGNANT,Device related infection,0,0,0
13,51,1,7,PRODUCT USED FOR UNKNOWN INDICATION,Rebound effect,0,0,0
49,111.13,2,1,CONTRACEPTION,Vaginal haemorrhage,0,0,0
43,75,1,4,DEPRESSION,Self injurious behaviour,0,0,0
64,73.48,2,1,OSTEOPOROSIS,Bronchitis,0,0,0
64,91.63,2,1,PSORIASIS,Cellulitis,0,0,0
24,52.16,2,1,ROSACEA,Erythema,0,0,0
44,94.35,2,3,PSORIASIS,Herpes zoster,0,0,0
64,60,2,3,PSORIASIS,Myocardial infarction,1,0,0
45,72.58,2,1,MIGRAINE,Liver disorder,0,0,1
53,131,1,2,PRODUCT USED FOR UNKNOWN INDICATION,Anaemia,0,0,0
63,60,1,2,HEPATIC CANCER,Metastases to lung,0,1,0
73,70.3,2,4,NEUROPATHY PERIPHERAL,No adverse event,0,0,0
71,90.72,1,1,PROSTATOMEGALY,Dysuria,0,0,0
8,22.68,2,2,GONADAL DYSGENESIS,Vision blurred,0,0,0
81,70.3,2,4,NEUROPATHY PERIPHERAL,Cold sweat,0,0,0
49,81.65,1,1,,Meningitis,1,0,1
62,55.78,2,4,SPINAL CORD INJURY,Therapeutic response unexpected,0,0,0
76,78.01,1,6,NERVE COMPRESSION,Dry mouth,0,0,0
58,63.5,2,1,URINARY TRACT INFECTION,Muscular weakness,0,0,0
53,86.18,2,1,HYPERTENSION,Heart rate increased,0,0,0
81,82.54,1,7,ERECTILE DYSFUNCTION,Drug ineffective,0,0,0
73,63.9,2,4,GASTROOESOPHAGEAL REFLUX DISEASE,Hepatic enzyme increased,1,0,0
71,63,2,1,BLOOD CHOLESTEROL INCREASED,Drug ineffective,0,0,0
83,60.32,2,4,URINARY INCONTINENCE,Drug intolerance,0,0,0
64,68.93,2,2,GASTROOESOPHAGEAL REFLUX DISEASE,Drug ineffective,0,0,0
63,81.63,2,21,,Drug ineffective,0,0,0
45,102,1,15,ERECTILE DYSFUNCTION,Drug ineffective,0,0,0
71,82.09,2,10,,Therapeutic response unexpected,0,0,0
71,98.41,2,2,HYPOPITUITARISM,Neuropathy peripheral,0,0,0
31,68.03,2,2,FIBROMYALGIA,Hypersomnia,0,0,0
60,56.2,2,4,PANIC DISORDER,Headache,0,0,0
49,65.76,1,7,ILL-DEFINED DISORDER,Therapeutic response changed,0,0,0
38,97.52,1,1,,Nervousness,0,0,0
53,68,2,4,,Drug ineffective,0,0,0
37,56.24,2,2,ARTHRALGIA,Poor quality drug administered,0,0,0
40,86.6,1,3,BIPOLAR DISORDER,Drug withdrawal syndrome,0,0,0
75,54.42,2,2,,Drug ineffective,0,0,0
78,79.38,2,17,NEUROPATHY PERIPHERAL,Drug effect decreased,0,0,0
62,79.37,2,1,RHEUMATOID ARTHRITIS,Poor quality drug administered,0,0,0
53,72.56,2,1,FIBROMYALGIA,Drug withdrawal syndrome,0,0,0
65,104.3,2,1,ARTHRITIS,Pain,0,0,0
57,97.51,2,8,HEADACHE,Gastrooesophageal reflux disease,0,0,0
59,81.63,2,3,URINARY INCONTINENCE,Drug ineffective,0,0,0
73,51.9,2,3,,Hypophagia,1,1,0
50,81.63,2,3,URINARY INCONTINENCE,Drug ineffective,0,0,0
59,85.6,1,18,,Chills,1,1,0
62,55.8,2,1,PITUITARY TUMOUR,Pain,0,0,0
54,112.9,2,8,GASTROOESOPHAGEAL REFLUX DISEASE,Wheezing,0,0,0
33,87,2,2,INFLUENZA,Mechanical ventilation,0,1,0
70,87.54,1,1,BRONCHITIS,Sudden death,0,1,0
79,62,2,7,ATRIAL FIBRILLATION,Rhinorrhoea,0,0,0
92,51.5,1,2,ATYPICAL PNEUMONIA,Clostridium difficile colitis,1,1,0
21,74,2,2,,Staphylococcal bacteraemia,0,0,0
56,58,1,4,CHRONIC HEPATITIS C,Drug-induced liver injury,1,0,0
44,82,2,1,PRODUCT USED FOR UNKNOWN INDICATION,Onychomadesis,0,0,0
43,50.4,1,22,INFLUENZA,Respiratory disorder,0,1,0
57,84,2,4,NERVE INJURY,Hypoaesthesia,0,0,0
23,49.89,2,2,CONTRACEPTION,Uterine perforation,1,0,0
88,53.52,1,3,MYELOFIBROSIS,Pneumonia,1,0,0
31,95.24,2,1,CONTRACEPTION,Emotional distress,1,0,0
46,64.85,2,4,BACK PAIN,Cerebrovascular accident,0,0,0
58,68.48,1,2,ERECTILE DYSFUNCTION,Gun shot wound,0,0,0
43,93.9,2,3,BIPOLAR DISORDER,Product substitution issue,0,0,0
16,90.7,2,18,,Genital haemorrhage,1,0,0
41,79,1,3,SCHIZOPHRENIA,Dyspnoea,0,0,0
29,87.98,2,3,CONTRACEPTION,Abortion spontaneous,0,0,0
52,56.69,2,1,SMOKING CESSATION THERAPY,Chronic obstructive pulmonary disease,0,0,0
71,51,1,4,LUNG ADENOCARCINOMA METASTATIC,Lymphangiosis carcinomatosa,1,1,0
31,61.68,2,1,CONTRACEPTION,Drug ineffective,0,0,0
52,71.66,1,1,,Convulsion,0,0,0
15,55,1,2,ANAPHYLACTIC REACTION,Device issue,0,0,0
29,104.5,1,14,FABRY^S DISEASE,Tooth abscess,0,0,0
69,107.8,2,11,SCHIZOPHRENIA,Tubular breast carcinoma,0,0,0
38,95,1,25,,Transient ischaemic attack,1,0,0
83,68.27,2,4,POLLAKIURIA,Application site erythema,0,0,0
45,81,2,2,,Pulmonary embolism,0,0,0
23,142.27,2,2,CONTRACEPTION,Device expulsion,0,0,0
21,58.5,2,1,CONTRACEPTION,Muscle spasms,0,0,0
73,81.63,2,5,HYPERTONIC BLADDER,Rash erythematous,0,0,0
56,136.1,2,14,HYPERTENSION,Sinus bradycardia,1,0,0
78,56,2,6,,Dizziness,1,0,0
49,55,2,3,DEPRESSION,Withdrawal syndrome,1,0,0
36,73,2,10,RESTLESS LEGS SYNDROME,Drug ineffective,0,0,0
73,66,2,13,HYPOLIPIDAEMIA,Wound dehiscence,1,0,0
30,92.99,2,1,OVERWEIGHT,Abdominal pain upper,0,0,0
63,88.44,1,2,SEXUAL DYSFUNCTION,Musculoskeletal disorder,0,0,0
42,72.56,1,1,CONVULSION,Back disorder,0,0,0
68,72,1,3,CLEAR CELL RENAL CELL CARCINOMA,Epilepsy,1,0,0
55,63.49,2,2,CARDIOVASCULAR EVENT PROPHYLAXIS,Type 2 diabetes mellitus,0,0,0
56,83,2,11,HYPERCHOLESTEROLAEMIA,Acute kidney injury,1,0,0
54,103,2,3,LOW DENSITY LIPOPROTEIN INCREASED,Type 2 diabetes mellitus,0,0,0
74,81,2,17,CARDIAC DISORDER,Emphysema,0,0,0
71,111.11,1,2,ERECTILE DYSFUNCTION,Parkinson^s disease,0,0,0
64,71.2,1,2,PERIPHERAL VASCULAR DISORDER,Headache,1,0,0
39,60,2,1,CONTRACEPTION,Ischaemic stroke,1,0,1
46,92.97,2,11,NERVE COMPRESSION,Anaphylactic shock,0,0,0
85,61,1,6,HYPERTENSION,Decreased appetite,1,0,0
45,86,1,2,KLINEFELTER^S SYNDROME,Dyspnoea,0,0,0
41,75,2,6,,Loss of consciousness,1,0,0
81,57,2,3,ESSENTIAL HYPERTENSION,Confusional state,0,0,0
69,65,2,1,OSTEOPOROSIS,Gait disturbance,1,0,0
64,57,2,1,ESSENTIAL HYPERTENSION,Urticaria,0,0,0
52,72,2,7,PULMONARY EMBOLISM,Cardio-respiratory arrest,0,1,0
74,73.47,1,13,,Disease progression,1,1,0
57,90.7,2,3,,Urinary tract infection,1,0,0
53,68.1,1,1,CARCINOID TUMOUR,Death,0,1,0
84,86,1,1,,Bacteraemia,1,0,0
14,52.6,2,1,,Extradural haematoma,1,0,0
80,56,2,9,COLON CANCER,Ophthalmic herpes zoster,0,0,0
69,122.3,1,1,HEAD AND NECK CANCER,Pyrexia,1,0,0
27,70.3,1,1,CYSTIC FIBROSIS,Productive cough,1,0,0
62,80.9,1,1,RECTAL CANCER,Diarrhoea,1,0,0
87,56,1,2,DEMENTIA ALZHEIMER^S TYPE,Restlessness,1,0,0
69,99.5,1,1,HYPERLIPIDAEMIA,Blood creatine phosphokinase increased,0,0,0
47,113.9,1,1,MIGRAINE,Acute myocardial infarction,1,0,0
64,85.5,1,1,UPPER RESPIRATORY TRACT INFECTION,Hepatic enzyme increased,1,0,0
51,78,2,2,LOW DENSITY LIPOPROTEIN INCREASED,Type 2 diabetes mellitus,0,0,0
60,67,2,2,,Oropharyngeal pain,0,0,0
43,86.5,1,1,HYPERTENSION,Anaphylactic reaction,1,0,0
57,47.6,2,7,GASTROOESOPHAGEAL REFLUX DISEASE,Vomiting,1,0,0
55,151.8,1,1,HYPERTENSION,Hyperkalaemia,0,0,0
66,105.7,1,1,HYPERTENSION,Hyperkalaemia,1,0,0
1869,20,2,1,LOCAL ANAESTHESIA,Overdose,1,0,0
52,60,2,1,,Neutrophil count decreased,0,0,0
21,62.65,2,1,CONTRACEPTION,Device dislocation,0,0,0
54,77.1,1,1,,Infected dermal cyst,1,0,0
79,57,2,8,TYPE 2 DIABETES MELLITUS,Aneurysm,1,0,0
40,108.8,1,6,,Rectal haemorrhage,0,0,0
71,92.7,1,4,,Squamous cell carcinoma,0,0,0
48,92,1,7,ANAPLASTIC ASTROCYTOMA,Confusional state,1,0,0
76,86,1,11,PRODUCT USED FOR UNKNOWN INDICATION,Dehydration,0,0,0
51,113,1,2,ATRIAL FIBRILLATION,Dyspnoea,1,0,0
82,52.61,2,3,PRODUCT USED FOR UNKNOWN INDICATION,Depression,0,0,0
1,4,1,5,ANXIETY DISORDER,Kidney duplex,1,0,0
49,108,1,5,POLYNEUROPATHY,Drug-induced liver injury,1,0,0
76,59.3,2,10,ATRIAL FIBRILLATION,Fall,1,0,0
58,54.4,1,2,HEPATOCELLULAR CARCINOMA,Cerebrovascular accident,1,0,0
18,43.84,2,1,CONTRACEPTION,Surgery,1,0,0
65,90.72,1,13,DEPRESSION,Depression,1,0,0
6,16.7,2,1,ATTENTION DEFICIT/HYPERACTIVITY DISORDER,Grand mal convulsion,0,0,0
36,92.08,2,2,MALARIA PROPHYLAXIS,Anxiety,1,0,0
70,74,2,5,CHRONIC OBSTRUCTIVE PULMONARY DISEASE,Drug ineffective,0,0,0
50,48,2,1,PULMONARY HYPERTENSION,Off label use,0,0,0
8,17.6,2,16,HISTIOCYTOSIS HAEMATOPHAGIC,Neutropenia,1,0,0
68,35,2,31,METASTASES TO BONE,Platelet count decreased,1,0,0
61,74,2,1,MYALGIA,Pallor,0,0,0
13,39.1,1,1,LYMPHOMA,Electrocardiogram QT prolonged,0,0,0
1,10,1,2,MATERNAL EXPOSURE TIMING UNSPECIFIED,Foetal anticonvulsant syndrome,1,0,0
51,47,1,6,DEPRESSION,Liver function test abnormal,0,0,0
46,85,1,1,HYPERTENSION,Rash papular,0,0,0
91,68.2,1,4,ANAEMIA,Intestinal obstruction,1,0,0
49,76.2,1,4,RIB FRACTURE,Chest pain,0,0,0
72,56,2,2,URINARY TRACT INFECTION,Serotonin syndrome,1,0,0
71,170,1,4,AGITATION,Hypothermia,1,0,0
36,103,1,1,INFLUENZA,Transaminases increased,1,0,0
75,62,1,9,CORONARY ARTERY DISEASE,Haemorrhage intracranial,0,0,1
33,110,1,3,HYPERTENSION,Toxicity to various agents,1,0,0
4,22,2,2,,Product packaging quantity issue,1,0,0
38,52,2,1,HYPERPROLACTINAEMIA,Acute myocardial infarction,1,0,0
52,62,2,9,INDUCTION OF ANAESTHESIA,Motor dysfunction,0,0,0
44,120,2,6,HYPERTENSION,Oedema,0,0,0
45,83.9,2,3,HYPERTONIC BLADDER,Application site burn,1,0,0
17,58.57,2,1,CONTRACEPTION,Menstruation irregular,0,0,0
70,62,2,21,METASTASES TO BONE,Drowning,0,1,0
49,65,2,4,ROUTINE HEALTH MAINTENANCE,Urticaria,1,0,0
23,80,1,1,MULTIPLE SCLEROSIS,Angina pectoris,0,0,0
67,60,2,2,HELICOBACTER GASTRITIS,Hallucination,0,1,0
63,57,1,3,HYPERTENSION,Grand mal convulsion,1,1,0
35,72.64,2,1,CONTRACEPTION,Adverse event,0,0,0
23,43.13,2,1,POST COITAL CONTRACEPTION,Dizziness,0,0,0
54,50,2,2,METASTASES TO BONE,Osteonecrosis of jaw,0,0,0
30,49.89,2,3,ASTHMA,Parosmia,0,0,0
59,82,1,5,HYPERTENSION,Coronary artery occlusion,1,0,0
73,63.5,2,4,GASTROOESOPHAGEAL REFLUX DISEASE,Dyspepsia,0,0,0
66,68,2,1,PSORIASIS,Small intestinal obstruction,1,0,0
49,81,2,1,CROHN^S DISEASE,Vasculitis cerebral,1,0,1
77,74,1,30,PLASMA CELL MYELOMA,Bronchopneumonia,1,1,0
70,77,1,8,TYPE 2 DIABETES MELLITUS,Gastric cancer stage I,1,0,0
42,101,1,4,DIABETES MELLITUS,Suicidal ideation,0,0,0
51,92,1,14,TYPE 2 DIABETES MELLITUS,Pancreatic pseudocyst,1,0,0
64,68,2,2,LOW DENSITY LIPOPROTEIN INCREASED,Type 2 diabetes mellitus,0,0,0
66,69.8,2,6,LOW DENSITY LIPOPROTEIN INCREASED,Type 2 diabetes mellitus,0,0,0
77,56,2,6,BLOOD CHOLESTEROL,Lung neoplasm malignant,0,0,0
79,77.1,1,8,BACK PAIN,Constipation,0,0,0
70,83.9,1,2,ANALGESIC THERAPY,Pharyngeal oedema,0,0,0
65,66,1,1,ARTHRITIS,Extra dose administered,0,0,0
28,104,2,2,TOOTHACHE,Extra dose administered,0,0,0
37,49.94,2,1,POST COITAL CONTRACEPTION,Hypersensitivity,0,0,0
83,63,2,10,GASTROOESOPHAGEAL REFLUX DISEASE,Muscle spasms,0,0,0
71,90.5,2,5,ADENOCARCINOMA OF COLON,Pulmonary hypertension,1,0,0
25,64.85,2,2,CONTRACEPTION,Urinary tract infection,0,0,0
61,90,2,4,LOW DENSITY LIPOPROTEIN INCREASED,Type 2 diabetes mellitus,0,0,0
27,46,2,3,CROHN^S DISEASE,Anal fistula,1,0,0
19,88.89,1,1,,Self injurious behaviour,0,0,0
52,100,1,2,HEADACHE,Apparent death,0,0,0
58,67,2,11,TYPE 2 DIABETES MELLITUS,Angina pectoris,1,0,0
51,57.15,2,2,DEPRESSION,Orgasmic sensation decreased,0,0,0
45,76.2,2,5,MULTIPLE SCLEROSIS,Crohn^s disease,1,0,0
35,45.35,2,2,HEADACHE,Extra dose administered,0,0,0
80,81.63,1,5,PAIN,Extra dose administered,0,0,0
45,63.49,2,19,,Thirst,0,0,0
52,110,1,1,HODGKIN^S DISEASE,Pancreatitis acute,1,0,1
63,90.7,1,10,BACK PAIN,Drug ineffective,0,0,0
72,54.42,2,6,DEPRESSION,Feeling abnormal,0,0,0
24,81.6,2,7,NARCOLEPSY,Fall,0,0,0
39,64.58,2,14,RHEUMATOID ARTHRITIS,Prenatal screening test abnormal,0,0,0
2,7.71,1,15,,Cough,1,0,0
39,89.8,2,6,NARCOLEPSY,Preterm premature rupture of membranes,1,0,0
51,92,1,4,TYPE 2 DIABETES MELLITUS,Pancreatic pseudocyst,1,0,0
31,90.7,2,5,NARCOLEPSY,Sleep apnoea syndrome,0,0,0
36,73.5,1,12,,Balance disorder,0,0,0
86,93.9,1,6,RHEUMATOID ARTHRITIS,Carpal tunnel syndrome,0,0,0
27,74.84,1,2,,Oral fungal infection,0,0,0
4,67.9,2,2,URINARY TRACT INFECTION,Limb reduction defect,0,0,0
64,113.4,1,11,CEREBROVASCULAR ACCIDENT PROPHYLAXIS,Deep vein thrombosis,1,0,0
81,79.38,1,13,CEREBROVASCULAR ACCIDENT PROPHYLAXIS,Superficial injury of eye,0,0,0
84,53.8,2,1,THROMBOSIS PROPHYLAXIS,Subdural haematoma,1,0,0
24,90.7,2,1,COMPLEX REGIONAL PAIN SYNDROME,Vision blurred,0,0,0
6,16.5,2,7,CROHN^S DISEASE,Dyspnoea,1,0,0
53,99.77,1,2,NASOPHARYNGITIS,Sinus headache,0,0,0
32,60,2,3,TONSILLITIS,Angioedema,0,0,0
65,146,2,2,OSTEOPOROSIS,No adverse event,0,0,0
18,136.2,1,7,,Intentional self-injury,1,0,0
17,86.6,1,3,BIPOLAR DISORDER,Drug ineffective,0,0,0
77,39,2,2,OSTEOPOROSIS,Urticaria,0,0,0
66,90,2,6,ASTHMA,Colitis ischaemic,1,0,0
73,50,2,2,,Pneumonia,1,0,0
59,61.24,2,3,,Blood pressure increased,0,0,0
71,87,1,21,,Rash,0,0,0
20,64.92,2,2,CONTRACEPTION,Pregnancy with contraceptive device,0,0,0
63,80.72,1,22,PRODUCT USED FOR UNKNOWN INDICATION,Pneumonia,0,0,0
65,62,1,21,CHRONIC OBSTRUCTIVE PULMONARY DISEASE,Chronic obstructive pulmonary disease,1,1,0
69,81,1,3,,Bradycardia,1,0,0
5,.64,1,1,PATENT DUCTUS ARTERIOSUS,Respiratory acidosis,0,1,0
41,65.7,2,4,SLEEP DISORDER,Vertigo,1,0,0
68,76.73,1,5,CROHN^S DISEASE,Loss of consciousness,1,0,0
63,65,1,5,CHRONIC LYMPHOCYTIC LEUKAEMIA,Pneumonia pneumococcal,1,0,0
87,63,1,13,DIABETES MELLITUS,Subileus,1,0,0
61,58,2,18,PRODUCT USED FOR UNKNOWN INDICATION,Hypophysitis,1,0,0
48,66.5,2,6,HIV INFECTION,Cytomegalovirus infection,1,0,0
57,96,1,4,DIABETES MELLITUS,Urinary bladder haemorrhage,1,0,0
80,86.17,1,8,ATRIAL FIBRILLATION,Cataract,0,0,0
73,77.63,1,68,,Monoclonal immunoglobulin present,0,0,0
63,73.7,1,1,METASTATIC MALIGNANT MELANOMA,Multi-organ failure,1,1,0
70,97.51,2,3,ARTHRALGIA,Blood glucose increased,0,0,0
65,98,1,2,DEPRESSION,Headache,0,0,0
80,95.2,1,8,PROCEDURAL PAIN,Drug ineffective,0,0,0
84,62,2,6,ATRIAL FLUTTER,Gastrointestinal haemorrhage,1,0,0
71,45.5,2,4,CHRONIC OBSTRUCTIVE PULMONARY DISEASE,Thyroid disorder,1,0,0
39,81,2,1,DYSMENORRHOEA,Pleurisy,1,0,0
22,63.49,2,1,URINARY INCONTINENCE,Menstruation delayed,0,0,0
55,70.3,2,2,FIBROMYALGIA,Cerebrovascular accident,0,0,0
74,60,2,1,ATRIAL FIBRILLATION,Renal impairment,0,0,0
69,68,1,23,B-CELL LYMPHOMA,Neutropenic sepsis,1,0,0
38,73.94,2,2,,Loss of consciousness,0,0,0
73,95.7,1,4,HYPERCHOLESTEROLAEMIA,Irritability,0,0,0
42,87.54,1,1,PRODUCT USED FOR UNKNOWN INDICATION,Toxicity to various agents,0,1,0
58,94,2,4,DEPRESSION,Breast cancer,0,0,0
25,94.79,2,5,,Deep vein thrombosis,1,0,0
35,102.4,2,9,,Cholecystitis acute,0,0,0
2,18,1,24,INFANTILE SPASMS,Bacterial tracheitis,1,0,0
19,67.12,2,2,,Deep vein thrombosis,0,0,0
73,66.24,2,50,PRODUCT USED FOR UNKNOWN INDICATION,Plasma cell myeloma,1,0,0
50,153,2,9,MULTIPLE SCLEROSIS,Amnesia,0,0,0
30,53.12,2,2,CONTRACEPTION,Device dislocation,0,0,0
40,76.27,2,3,CONTRACEPTION,Device expulsion,0,0,0
67,63,1,4,,Squamous cell carcinoma,0,0,0
18,63.6,1,3,EPILEPSY,Convulsion,1,0,0
56,96.7,2,1,CROHN^S DISEASE,Lupus-like syndrome,0,0,0
72,66,1,13,HAEMORRHOIDS,Post procedural haemorrhage,1,0,0
79,72.8,1,8,CHRONIC LYMPHOCYTIC LEUKAEMIA,Rash maculo-papular,1,0,0
76,83.2,1,2,,Bladder transitional cell carcinoma,1,0,0
56,54.42,2,1,PAIN,Fall,0,0,0
58,59,2,3,BRONCHITIS,Hypotension,1,0,0
74,80,1,28,,Mobility decreased,1,0,1
66,77,2,1,SARCOMA,Inflammation,1,0,0
69,64,2,5,PNEUMOCYSTIS JIROVECII PNEUMONIA,Pulmonary embolism,0,0,0
53,63,1,3,GLIOBLASTOMA,Seizure,1,0,0
6,67,1,6,SYNOVIAL SARCOMA,Hypertension,0,0,0
47,68,1,8,HIV INFECTION,Potentiating drug interaction,0,0,0
53,112,1,5,CROHN^S DISEASE,Bursitis,1,0,0
58,67,1,12,,Diabetes mellitus,0,0,0
46,72,1,2,HIV INFECTION,Pancreatic cyst,1,0,0
59,68,1,1,METASTATIC MALIGNANT MELANOMA,Vomiting,1,0,0
18,53.97,2,1,ANXIETY,Peripheral coldness,0,0,0
39,64.85,2,2,HYSTEROSALPINGOGRAM,Hypersensitivity,1,0,0
37,82.63,2,3,CONTRACEPTION,Device expulsion,0,0,0
24,74.91,2,1,CONTRACEPTION,Device expulsion,0,0,0
65,90.3,2,11,THYROID CANCER,Systolic hypertension,1,0,0
29,47,2,1,PRODUCT USED FOR UNKNOWN INDICATION,Drug abuse,1,0,0
65,92,1,4,ACUTE CORONARY SYNDROME,Pericardial haemorrhage,1,0,0
58,60,2,1,GALLBLADDER CANCER,Accelerated hypertension,1,0,0
69,58,1,9,,Abdominal discomfort,1,0,0
36,94.89,2,1,CONTRACEPTION,Device dislocation,0,0,0
60,125.17,2,20,MULTIPLE SCLEROSIS,Anaemia,0,0,0
35,52.21,2,3,CONTRACEPTION,Device expulsion,0,0,0
39,113,2,2,PULMONARY EMBOLISM,Weight increased,0,0,0
45,67.19,1,19,PSORIASIS,Frostbite,1,0,0
58,40,2,2,OSTEOPOROSIS,Nausea,0,0,0
66,86,2,19,NEPHROGENIC ANAEMIA,Diabetes mellitus,1,0,0
52,66.7,2,21,CARDIAC DISORDER,Cardiac failure congestive,1,0,0
10,35,2,4,BRONCHITIS,Haematochezia,0,0,1
52,86.26,2,9,HYPERSOMNIA,Pain in jaw,0,0,0
57,82.55,1,2,,Erectile dysfunction,0,0,1
83,54,1,3,DEMENTIA ALZHEIMER^S TYPE,Convulsion,1,0,0
55,128.8,2,2,SMOKING CESSATION THERAPY,Drug ineffective,0,0,0
72,52,1,2,HEPARIN-INDUCED THROMBOCYTOPENIA,Hepatic failure,1,0,0
75,60,2,4,DIABETES MELLITUS,Parkinson^s disease,1,1,0
72,78.91,1,13,BRONCHIECTASIS,Chronic lymphocytic leukaemia,1,1,0
44,84.1,1,14,GRAFT VERSUS HOST DISEASE,Coccidioidomycosis,0,1,0
64,90.7,2,10,URINARY INCONTINENCE,Application site rash,0,0,0
46,60,1,2,BREAST NEOPLASM,Dermatitis,0,0,0
56,72.6,1,4,SMOKING CESSATION THERAPY,Sleep disorder,0,0,0
50,72.56,1,2,BACK PAIN,Throat irritation,0,0,0
47,45,2,2,LUNG NEOPLASM MALIGNANT,Oropharyngeal pain,0,0,0
69,87.17,1,9,COLITIS ULCERATIVE,Gallbladder non-functioning,1,0,0
54,150,2,16,RELAPSING-REMITTING MULTIPLE SCLEROSIS,Insomnia,0,0,0
35,44,2,10,RHEUMATOID ARTHRITIS,Cyanosis,1,0,0
52,61,2,5,NEOPLASM MALIGNANT,Swollen tongue,0,0,0
36,62.65,1,6,CROHN^S DISEASE,Gastrointestinal inflammation,1,0,0
73,37.2,2,15,COLITIS ULCERATIVE,Platelet count decreased,1,0,0
91,57,2,7,CHRONIC OBSTRUCTIVE PULMONARY DISEASE,Incorrect route of drug administration,0,0,0
73,116,2,7,RHEUMATOID ARTHRITIS,Bladder cancer,1,0,0
46,68,2,2,DEEP VEIN THROMBOSIS,Embolic cerebral infarction,1,1,0
12,33.4,2,9,SEIZURE,Liver function test abnormal,1,0,0
87,56,1,5,,Dementia,1,0,0
3,18,1,1,VARICELLA,Speech disorder,0,0,0
59,192,0,7,PRODUCT USED FOR UNKNOWN INDICATION,Ischaemic stroke,1,0,0
73,56.7,2,10,ASTHMA,Asthma,0,0,0
61,95.3,1,9,CHRONIC OBSTRUCTIVE PULMONARY DISEASE,Chronic obstructive pulmonary disease,0,0,0
59,47.8,2,15,,Gastrooesophageal reflux disease,0,0,0
29,80.81,2,1,CONTRACEPTION,Device expulsion,0,0,0
34,122.47,1,4,HYPOGONADISM,Irritability,0,0,0
17,54.43,2,4,LYME DISEASE,Convulsion,1,0,0
42,92.99,2,2,ENDOMETRIOSIS,Anaphylactic reaction,0,0,0
49,65.8,2,7,DYSPNOEA,Adrenal neoplasm,0,0,0
26,64.01,1,3,CROHN^S DISEASE,Unevaluable event,1,0,0
19,54.48,2,1,POST COITAL CONTRACEPTION,Vomiting,0,0,0
55,103.4,1,6,NARCOLEPSY,Atrial fibrillation,0,0,0
70,64,2,9,PRODUCT USED FOR UNKNOWN INDICATION,Dizziness,0,0,1
78,70,1,13,CHRONIC OBSTRUCTIVE PULMONARY DISEASE,Angina unstable,1,0,0
58,98,2,22,PANCREATIC NEUROENDOCRINE TUMOUR,Vomiting,1,0,0
11,49.9,2,4,TOURETTE^S DISORDER,Restlessness,0,0,0
59,60.38,2,1,LUNG CANCER METASTATIC,Acute respiratory failure,1,1,0
28,63,2,2,SMOKING CESSATION THERAPY,Depressed mood,0,0,0
69,56,2,4,ANGLE CLOSURE GLAUCOMA,Diabetes mellitus,0,0,0
88,55,1,10,HYPERURICAEMIA,Thrombotic cerebral infarction,1,0,0
49,78.02,1,2,,Sleep apnoea syndrome,0,0,0
74,86.18,2,2,,Ageusia,0,0,0
41,81.2,2,5,BIPOLAR DISORDER,Acute respiratory distress syndrome,1,0,0
60,78,1,10,,Coronary artery disease,0,0,0
30,38.5,2,2,THALASSAEMIA,Cardiac failure,1,1,0
51,108,1,13,METASTATIC MALIGNANT MELANOMA,Gastritis,1,0,0
47,57,1,5,HEPATITIS C,Appendicitis,1,0,0
66,101.4,1,2,PROTEINURIA,Kidney transplant rejection,0,0,0
5,135.17,2,1,,Asthma,1,0,0
56,80,1,9,ORAL CANDIDIASIS,Drug interaction,1,0,0
56,136,2,12,HYPERTENSION,Sinus bradycardia,1,0,0
53,63.95,2,3,FIBROMYALGIA,Memory impairment,0,0,0
37,100,2,1,MULTIPLE SCLEROSIS,Borderline ovarian tumour,0,0,0
52,118.82,2,4,GOUT,Product use issue,0,0,0
71,90.7,1,6,DIABETIC NEUROPATHY,Feeling abnormal,0,0,0
61,110,1,3,FIBROMYALGIA,Drug ineffective,0,0,0
57,72.56,2,3,NEUROPATHY PERIPHERAL,Drug ineffective,0,0,0
27,74,1,5,ANTIVIRAL PROPHYLAXIS,Alcohol intolerance,0,0,0
54,68,2,1,ATRIAL FIBRILLATION,Vomiting,1,0,0
83,75,1,3,CHRONIC OBSTRUCTIVE PULMONARY DISEASE,Metastases to central nervous system,1,1,0
48,118.04,1,7,RHEUMATOID ARTHRITIS,Arthralgia,1,0,0
73,103,1,1,RENAL FAILURE CHRONIC,Peritoneal dialysis complication,0,1,0
55,83.45,1,4,PRODUCT USED FOR UNKNOWN INDICATION,Hypomagnesaemia,0,0,0
71,87,2,2,MOTION SICKNESS,Circulatory collapse,0,0,0
82,62.5,1,14,PRODUCT USED FOR UNKNOWN INDICATION,Lung neoplasm malignant,1,0,0
41,39,2,33,,Oesophageal varices haemorrhage,1,0,0
57,105,1,9,DIABETES MELLITUS,Anxiety,1,0,0
54,66,2,2,INJECTION SITE PAIN,Injection site pain,0,0,1
47,96,1,8,RENAL TRANSPLANT,Fall,1,0,0
17,61.68,2,1,CONTRACEPTION,Paraesthesia,0,0,0
72,56.69,2,3,HEPATITIS C,Dyspnoea,0,0,0
40,65.3,2,10,RELAPSING-REMITTING MULTIPLE SCLEROSIS,Fatigue,1,0,1
21,76.19,2,2,,Device difficult to use,0,0,0
29,141.5,2,1,CONTRACEPTION,Device kink,0,0,0
35,59,2,2,MULTIPLE SCLEROSIS,Blood pressure decreased,0,0,0
50,43.54,2,7,RHEUMATOID ARTHRITIS,Gastrointestinal disorder,0,0,0
78,70.75,2,11,RENAL FAILURE,Blood count abnormal,1,0,0
67,97.51,2,1,LUNG NEOPLASM MALIGNANT,Blood count abnormal,0,0,0
68,56.75,1,1,PANCREATIC CARCINOMA,Death,0,1,0
66,60,1,5,NON-HODGKIN^S LYMPHOMA,Bone marrow failure,1,0,0
53,81.72,2,6,HYPERCHOLESTEROLAEMIA,Coeliac disease,0,0,0
67,57.3,1,4,ACUTE LYMPHOCYTIC LEUKAEMIA,Ileal perforation,1,0,0
65,60,2,12,PLASMA CELL MYELOMA,Lower respiratory tract infection,1,0,0
60,76,1,16,ANXIETY,Back pain,1,0,0
55,56,2,27,PRODUCT USED FOR UNKNOWN INDICATION,Colitis,1,0,0
61,54.42,2,4,PRODUCT USED FOR UNKNOWN INDICATION,Urine odour abnormal,0,0,0
73,141,2,3,ASTHMA,Muscle spasms,0,0,0
62,112.6,1,13,HEPATOCELLULAR CARCINOMA,Cardiac arrest,0,1,0
24062,82,1,9,MEDULLARY THYROID CANCER,Blood creatinine increased,0,0,0
63,98,1,8,COLON CANCER METASTATIC,Infected skin ulcer,0,0,0
66,57,2,2,LUNG NEOPLASM MALIGNANT,Pulmonary cavitation,0,0,0
71,91.16,1,1,ASTROCYTOMA,Death,1,1,0
70,82.2,1,10,PANCREATIC CARCINOMA METASTATIC,Syncope,1,0,0
44,49,2,4,COLON CANCER,Chest pain,0,0,0
66,59,2,4,OSTEOPOROSIS POSTMENOPAUSAL,Bone loss,0,0,0
77,98.4,1,18,HYPERTENSION,Sepsis,1,0,1
81,51.7,2,10,PRODUCT USED FOR UNKNOWN INDICATION,Myalgia,0,0,0
62,91.5,1,7,NON-HODGKIN^S LYMPHOMA UNSPECIFIED HISTOLOGY INDOLENT,Dermatitis exfoliative,1,0,0
57,136.5,1,4,PRODUCT USED FOR UNKNOWN INDICATION,Pneumonia,0,0,0
83,81.63,2,1,PRODUCT USED FOR UNKNOWN INDICATION,Cardiac failure congestive,0,1,0
68,54,2,8,BREAST CANCER,Osteomyelitis,0,0,1
17,70.3,2,1,CONTRACEPTION,Menometrorrhagia,0,0,0
63,80,2,10,MYASTHENIA GRAVIS,Dyspnoea,0,0,0
56,104,1,17,MULTIPLE SCLEROSIS,Prescribed underdose,0,0,0
32,118,2,3,MULTIPLE SCLEROSIS,Premature rupture of membranes,0,0,0
0,3,1,1,MATERNAL EXPOSURE TIMING UNSPECIFIED,Foetal heart rate abnormal,0,0,0
53,49,2,6,MULTIPLE SCLEROSIS,Lung adenocarcinoma,1,0,0
30,104.31,2,3,HYPERTENSION,Caesarean section,0,0,0
58,73,2,1,MALIGNANT LYMPHOID NEOPLASM,Polyneuropathy,0,0,0
58,54,2,7,,Interstitial lung disease,1,0,0
83,74.83,2,3,,Maculopathy,0,0,0
44,47.1,1,6,HIV INFECTION,Pulmonary tuberculosis,1,1,0
64,67,1,3,SQUAMOUS CELL CARCINOMA OF HEAD AND NECK,Delirium,1,0,0
21,55,2,1,WHITE BLOOD CELL COUNT INCREASED,Herpes zoster,1,0,1
51,53,1,1,,Hypotension,1,0,0
43,79.38,1,2,MUSCLE TIGHTNESS,Acne,0,0,0
46,136.08,2,1,PSYCHIATRIC EVALUATION,Abnormal dreams,0,0,1
68,62,2,1,RECTAL CANCER,Hypotension,0,0,1
10,24.95,1,1,CROHN^S DISEASE,Attention deficit/hyperactivity disorder,0,0,0
77,86.18,1,2,HERPES SIMPLEX,Confusional state,0,0,0
45,54,2,1,BREAST CANCER METASTATIC,Corneal exfoliation,0,0,0
79,102.06,1,1,PRODUCT USED FOR UNKNOWN INDICATION,Wheezing,0,0,1
58,63,2,2,HEPATITIS C,White blood cell count decreased,0,0,0
67,53,2,5,LUNG ADENOCARCINOMA METASTATIC,Disease progression,1,1,0
77,50.8,2,17,DRY MOUTH,Product taste abnormal,0,0,1
63,74.84,2,1,OCCIPITAL NEURALGIA,Headache,0,0,0
52,77.11,2,1,DEPRESSION,Nightmare,0,0,0
23,83.92,1,1,ATTENTION DEFICIT/HYPERACTIVITY DISORDER,Confusional state,0,0,0
54,79.38,2,7,MULTIPLE SCLEROSIS,Platelet count decreased,0,0,0
57,84.37,1,1,DUPUYTREN^S CONTRACTURE,Pain in extremity,1,0,0
56,56.4,2,10,PRODUCT USED FOR UNKNOWN INDICATION,Pulseless electrical activity,1,0,0
35,98,1,5,DEPRESSED MOOD,Extrasystoles,1,0,1
59,72,2,11,CYCLOTHYMIC DISORDER,Basedow^s disease,0,0,1
52,113.4,2,10,NEUROPATHY PERIPHERAL,Dizziness,0,0,0
42,65,2,2,POLYMYOSITIS,Anaphylactic shock,1,0,0
74,49.9,2,3,MIGRAINE,Dizziness,0,0,0
61,112.04,2,6,PSEUDOMONAS INFECTION,Diarrhoea,0,0,0
81,74.84,2,4,OSTEOPOROSIS,Visual impairment,0,0,0
67,67.13,2,10,DRY EYE,Anosmia,0,0,1
86,67.59,2,1,BLOOD CHOLESTEROL,Myalgia,0,0,1
73,79.38,2,1,GOUT,Ulcer,1,0,0
89,40.37,2,2,DEMENTIA,Back pain,0,0,1
40,48.54,2,3,BACK PAIN,Dyspnoea,0,0,0
31,66,2,4,,Herpes zoster,0,0,0
73,90,1,6,RECTAL CANCER,Malaise,1,0,0
50,86.18,2,2,SINUSITIS,Nausea,0,0,0
32,109.7,2,3,ANXIETY,Feeling abnormal,0,0,0
45,63,2,6,RHEUMATOID ARTHRITIS,Fungal infection,0,0,0
20,8.16,2,2,GASTROOESOPHAGEAL REFLUX DISEASE,Protrusion tongue,1,0,0
16,64.86,2,2,JUVENILE IDIOPATHIC ARTHRITIS,Pharyngeal oedema,0,0,0
58,56.7,2,1,ASTHMA,Device difficult to use,0,0,0
43,63.5,2,1,ANAEMIA,Breast tenderness,0,0,0
64,78.02,2,1,HYPOTHYROIDISM,Palpitations,0,0,1
42,88.45,2,1,DIARRHOEA,Drug ineffective,0,0,0
34,90.35,2,2,CONTRACEPTION,Embedded device,0,0,0
74,65.77,2,1,BIPOLAR DISORDER,Tardive dyskinesia,0,0,1
57,77.11,1,1,MITRAL VALVE REPAIR,Malaise,0,0,0
14,83.01,2,1,MENSTRUATION IRREGULAR,Costochondritis,0,0,0
86,70,1,7,HYPERTENSION,Eczema,1,0,0
45,59.88,2,4,HYPERCHLORHYDRIA,Muscle spasms,0,0,1
62,61.24,2,1,SKIN COSMETIC PROCEDURE,Dry eye,0,0,1
9,34.93,1,1,ASTHMA,Crying,0,0,1
35,84.82,1,2,RHINITIS ALLERGIC,Hypertensive crisis,0,0,0
79,49,2,7,PRODUCT USED FOR UNKNOWN INDICATION,Hypotension,0,0,0
70,73.94,2,1,BLOOD CHOLESTEROL INCREASED,Rectal haemorrhage,0,0,1
12,46.27,1,1,ATTENTION DEFICIT/HYPERACTIVITY DISORDER,Muscle twitching,0,0,0
48,54.43,2,1,MENOPAUSE,Drug withdrawal syndrome,0,0,1
5,21.32,1,1,ASTHMA PROPHYLAXIS,Asthma,0,0,0
29,86.18,1,1,INFLUENZA,Insomnia,0,0,0
29,60,2,1,TOCOLYSIS,Bradycardia,1,0,0
76,50,2,8,ASTHMA,Foot deformity,1,0,0
63,97,1,5,HYPERCHOLESTEROLAEMIA,Pain in extremity,0,0,0
1,4.26,1,5,ANXIETY DISORDER,Foetal macrosomia,1,0,0
56,80,1,9,ORAL CANDIDIASIS,Drug effect increased,1,0,0
37,77.11,2,2,ANXIETY,Dyspnoea,0,0,0
57,58.06,2,1,PNEUMONIA,Haematochezia,0,0,1
59,63.5,2,1,BIPOLAR DISORDER,Heart rate irregular,0,0,0
37,53.5,2,1,GAUCHER^S DISEASE,Device related infection,1,0,0
94,52,2,14,DEEP VEIN THROMBOSIS,International normalised ratio increased,1,1,0
75,92.6,2,4,RHEUMATOID ARTHRITIS,Dyspnoea,1,1,0
64,108.41,2,1,DEPRESSION,Death,0,1,0
76,74,2,1,,Ejection fraction decreased,1,1,0
57,65.3,2,2,,Pyrexia,1,1,0
69,85.6,1,2,,Myelodysplastic syndrome,1,0,0
32,82.09,2,13,,Pulmonary embolism,1,0,0
34,86.17,2,1,,Pulmonary embolism,0,0,0
73,66.3,2,7,HEPATOCELLULAR CARCINOMA,Hepatic encephalopathy,1,0,0
38,97.96,2,17,,Pulmonary embolism,1,0,0
48,44.45,2,1,SINUS DISORDER,Thermal burn,0,0,0
10,27.21,1,4,,Autism,0,0,0
23,85,2,1,CONTRACEPTION,Rash generalised,0,0,0
60,56.69,2,1,TRIGEMINAL NEURALGIA,Headache,0,0,0
49,113.38,2,2,FIBROMYALGIA,Pain,0,0,0
56,72.56,1,2,HYPERTENSION,Drug effect incomplete,0,0,0
55,81.65,1,2,DIABETES MELLITUS INADEQUATE CONTROL,Abdominal pain,0,0,0
57,63.95,2,7,NEUROPATHY PERIPHERAL,Drug effect incomplete,0,0,0
77,97.51,1,2,NEUROPATHY PERIPHERAL,Drug interaction,0,0,0
45,72.56,2,3,PAIN IN EXTREMITY,Drug ineffective,0,0,0
75,75.74,1,2,NEUROPATHY PERIPHERAL,Pain,0,0,0
53,63.95,2,2,FIBROMYALGIA,Drug intolerance,0,0,0
41,49.89,2,5,,Pain,0,0,0
62,113.38,2,4,OSTEOARTHRITIS,Osteoarthritis,0,0,0
57,72.56,2,3,NEUROPATHY PERIPHERAL,Somnolence,0,0,0
9,50,1,1,ATTENTION DEFICIT/HYPERACTIVITY DISORDER,Epiphyses delayed fusion,0,0,1
67,95.2,1,3,SMOKING CESSATION THERAPY,Nightmare,0,0,0
50,113.38,2,12,DIABETIC NEUROPATHY,Drug ineffective,0,0,0
61,72.56,2,2,DIABETIC NEUROPATHY,Rash,0,0,0
71,90.7,1,10,ROTATOR CUFF SYNDROME,Blood glucose abnormal,0,0,0
56,81.63,2,4,PAIN,Somnolence,0,0,0
33,70.3,1,3,DEPRESSION,Drug ineffective,0,0,0
45,90.72,1,2,TYPE 1 DIABETES MELLITUS,Wrong drug administered,0,0,0
52,75.3,2,13,PRODUCT USED FOR UNKNOWN INDICATION,Swelling face,0,0,0
84,50.79,2,5,ARTHRITIS,Blood pressure systolic increased,0,0,0
77,83.46,1,10,PLASMA CELL MYELOMA,Pulmonary embolism,0,0,0
55,118.04,1,6,ASTHMA,Asthma,0,0,0
50,87,2,12,OVARIAN CANCER,Renal failure acute,1,1,0
49,85.73,2,9,CROHN^S DISEASE,Multiple sclerosis,0,0,0
56,78,2,5,DIABETES MELLITUS,Investigation,1,0,0
59,71,2,4,DIABETES MELLITUS,Investigation,1,0,0
33,98.88,2,4,SCHIZOAFFECTIVE DISORDER,Hepatitis acute,1,0,0
58,62,2,3,DIABETES MELLITUS,Investigation,1,0,0
68,56,2,7,HYPOTHYROIDISM,Drug hypersensitivity,0,0,0
20,86.17,1,1,OBSESSIVE-COMPULSIVE DISORDER,Drug ineffective,0,0,0
52,91.16,2,5,SMOKING CESSATION THERAPY,Cough,0,0,0
43,90.7,2,7,FIBROMYALGIA,Anaemia,0,0,0
43,90.7,2,6,FIBROMYALGIA,Migraine,0,0,0
45,154,1,5,THYROID CANCER METASTATIC,Pleural effusion,1,0,0
10,19.5,2,1,SMALL FOR DATES BABY,Injection site pain,0,0,0
32,62.6,2,8,DEPRESSION,Irritability,0,0,0
40,64,2,4,HODGKIN^S DISEASE,Submandibular mass,1,0,0
49,53,2,2,DIABETES MELLITUS,Septic shock,1,1,0
62,77.1,2,4,DEMENTIA ALZHEIMER^S TYPE,Aggression,0,0,0
57,80,1,1,ANKYLOSING SPONDYLITIS,Colon cancer,1,0,0
57,95.25,1,1,HYPERCHOLESTEROLAEMIA,Painful ejaculation,0,0,1
63,58.5,2,2,VULVOVAGINAL DRYNESS,Vulvovaginal burning sensation,0,0,0
75,108.3,1,1,UPPER RESPIRATORY TRACT INFECTION,Rash,1,0,0
56,92.99,1,3,ARTHROPATHY,Sternal fracture,0,0,0
67,82,1,84,,Pyrexia,1,0,0
73,80.4,2,12,PRODUCT USED FOR UNKNOWN INDICATION,Pain,0,0,1
48,75,1,1,HYPERCHOLESTEROLAEMIA,Palpitations,0,0,1
36,84.1,1,1,PAIN,Sedation,1,0,0
63,97,1,4,HYPERCHOLESTEROLAEMIA,Pain in extremity,0,0,0
40,100,1,2,DEPRESSION,Self injurious behaviour,1,0,0
82,85.7,1,1,,International normalised ratio abnormal,1,0,0
68,95.5,1,2,DEEP VEIN THROMBOSIS,Hypotension,1,0,0
71,100,1,1,HYPERTENSION,Renal failure acute,1,0,0
69,74.1,1,1,,Toxicity to various agents,1,0,0
69,60,1,6,HYPERTONIC BLADDER,Urinary retention,1,0,0
59,101,1,2,,International normalised ratio increased,1,0,0
76,70,1,1,,International normalised ratio increased,1,0,0
87,89.5,1,1,ATRIAL FIBRILLATION,Lower gastrointestinal haemorrhage,1,0,0
23,78,2,2,ANKYLOSING SPONDYLITIS,Anaemia,0,0,0
61,110,1,1,HYPERTENSION,Angioedema,0,0,0
64,39,2,10,CHRONIC HEPATITIS C,Platelet count decreased,1,0,0
55,64,2,5,CROHN^S DISEASE,Diarrhoea,1,0,0
55,98,1,5,PSORIATIC ARTHROPATHY,Drug interaction,1,0,0
29,61.6,2,3,COLITIS ULCERATIVE,Bone pain,0,0,1
51,80,1,4,CROHN^S DISEASE,Squamous cell carcinoma of skin,0,0,0
76,65.77,2,2,RHEUMATOID ARTHRITIS,Haemoglobin decreased,0,0,0
43,84.1,2,7,COLITIS ULCERATIVE,Arthritis,1,0,0
19,86.17,2,2,,Device breakage,0,0,0
21,68.27,2,2,CONTRACEPTION,Muscle spasms,0,0,0
66,69,1,6,,Vasospasm,0,0,0
73,50.8,2,17,CEREBROVASCULAR ACCIDENT PROPHYLAXIS,Chromaturia,0,0,0
73,86.17,2,10,POLLAKIURIA,Drug ineffective,0,0,0
69,64.86,2,13,HEART RATE IRREGULAR,Dysgeusia,0,0,0
74,89.81,2,1,BLOOD PRESSURE INCREASED,Drug ineffective,0,0,0
89,56.7,2,8,THROMBOSIS,Haemoglobin decreased,0,0,0
83,89.8,1,1,CARDIAC FAILURE CONGESTIVE,Bradycardia,0,0,0
62,52,1,1,,Shock haemorrhagic,1,0,0
67,61.7,2,14,DYSPEPSIA,Blood pressure increased,0,0,0
29,126,1,4,PSORIASIS,Myocardial infarction,0,1,0
64,94.8,1,1,BIPOLAR I DISORDER,Hyponatraemia,1,0,0
50,75,2,3,PSORIASIS,Blood creatine phosphokinase increased,0,0,0
75,0,2,1,OSTEOPOROSIS,Rash,0,0,0
60,83.1,1,1,HYPERLIPIDAEMIA,Dyspnoea,0,0,0
65,53,2,5,METASTATIC MALIGNANT MELANOMA,Drug interaction,1,0,0
62,80,1,1,SCHIZOPHRENIA,Cardiac arrest,0,1,0
92,48,1,9,,Bundle branch block left,1,1,0
5,17,1,1,CRYOPYRIN ASSOCIATED PERIODIC SYNDROME,General physical health deterioration,0,0,0
75,82,1,6,CHRONIC LYMPHOCYTIC LEUKAEMIA,Cyanosis,0,0,0
75,75.2,1,1,HYPERTENSION,Angioedema,0,0,0
13,50.9,1,19,,Nausea,1,0,0
54,75,2,1,,Drug hypersensitivity,0,0,0
76,70,1,11,TYPE 2 DIABETES MELLITUS,Cardiac failure,0,0,0
85,70.3,1,6,FAECES HARD,Diarrhoea,0,0,0
15,70.9,1,3,CROHN^S DISEASE,Haematoma,1,0,0
80,81,2,2,,Neutrophil count decreased,1,0,0
76,66.4,2,3,,Electrolyte imbalance,0,0,0
52,87.3,2,1,,Hypophosphataemia,1,0,0
78,75.4,1,3,,Diarrhoea,1,0,0
82,72.7,1,1,PULMONARY EMBOLISM,Haematuria,1,0,0
69,108.5,1,7,RHEUMATOID ARTHRITIS,Urinary tract infection,1,0,0
18,64.85,2,1,CONTRACEPTION,Chromaturia,0,0,0
72,75,1,8,GOUT,Bursitis,1,0,0
95,105.1,1,1,ATRIAL FIBRILLATION,Gastrointestinal haemorrhage,0,0,0
72,48,2,5,PLASMA CELL MYELOMA,Amyotrophic lateral sclerosis,1,0,0
75,0,2,1,OSTEOPOROSIS,Rash,0,0,0
41,68.03,2,2,,Drug ineffective,0,0,0
48,68,2,2,DYSMENORRHOEA,Therapeutic response unexpected,0,0,0
94,61.22,2,4,PAIN IN EXTREMITY,Drug ineffective,0,0,0
86,62.59,2,2,BACK PAIN,Pruritus,0,0,0
65,65.76,2,4,BLADDER DISORDER,Rash,0,0,0
62,81.63,2,2,SEASONAL ALLERGY,Constipation,0,0,0
77,61.22,2,5,SMOKING CESSATION THERAPY,Chest pain,0,0,0
68,84,1,6,RENAL FAILURE CHRONIC,Pyrexia,1,0,0
51,61,1,13,ASCITES,Atrial fibrillation,0,0,0
28,59.9,1,1,,Musculoskeletal stiffness,0,0,0
61,127,1,6,LOCALISED INFECTION,Renal failure acute,1,0,0
76,97,2,10,CHRONIC OBSTRUCTIVE PULMONARY DISEASE,Dyspnoea,0,0,0
47,60,2,1,PNEUMONIA,Dyspnoea,1,0,0
62,71,2,1,HYPERLIPIDAEMIA,Chest discomfort,0,0,0
59,75,2,2,HYPERTENSION,Hypersensitivity,0,0,0
57,77.11,1,6,DEPRESSION,Drug effect decreased,0,0,0
60,68.04,1,2,DEPRESSION,Depression,0,0,0
79,53.52,2,3,DEPRESSION,Sinusitis,0,0,0
54,83.92,1,3,DEPRESSION,Tinnitus,0,0,0
64,84.82,2,1,DEPRESSION,Heart rate increased,0,0,0
68,124.74,1,4,DEPRESSION,Application site pruritus,0,0,0
67,54.43,2,4,DEPRESSION,Dizziness,0,0,0
67,54.43,2,3,DEPRESSION,Nausea,0,0,0
48,97.52,1,1,DEPRESSION,Application site erythema,0,0,0
53,58.06,2,2,DEPRESSION,Application site erythema,0,0,0
63,57.15,1,9,DEPRESSED MOOD,Somnolence,1,0,0
59,81.65,2,10,DEPRESSION,Nausea,0,0,0
39,68.04,2,6,DEPRESSION,Insomnia,0,0,0
63,68.95,2,6,DEPRESSION,Headache,0,0,0
63,66.23,2,9,DEPRESSION,Tardive dyskinesia,0,0,0
44,62.6,2,6,DEPRESSION,Drug ineffective,0,0,0
63,68.95,2,7,DEPRESSION,Fatigue,0,0,0
63,68.04,2,3,MAJOR DEPRESSION,Rash,0,0,0
44,62.6,2,6,DEPRESSION,Dizziness,0,0,0
70,75.3,2,6,DEPRESSION,Headache,0,0,0
63,49.9,2,5,DEPRESSION,Abdominal distension,0,0,0
50,77.11,2,1,DEPRESSION,Application site erythema,0,0,0
70,104,1,4,ACUTE MYOCARDIAL INFARCTION,Thrombocytopenia,1,0,0
49,60.78,2,6,DEPRESSION,Insomnia,0,0,0
68,68.04,2,4,DEPRESSION,Lethargy,0,0,0
60,72.58,2,4,DEPRESSION,Panic attack,0,0,0
48,77.11,1,1,DEPRESSION,Application site erythema,0,0,0
63,67.59,2,5,DEPRESSION,Sinus tachycardia,0,0,0
44,61.24,2,6,DEPRESSION,Drug effect decreased,0,0,0
44,61.24,2,6,DEPRESSION,Drug effect decreased,0,0,0
42,85.28,2,3,DEPRESSION,Herpes zoster,0,0,0
23,52.16,2,5,BIPOLAR DISORDER,Mental disorder,0,0,0
84,95.26,1,1,DEPRESSION,Drug ineffective,0,0,0
44,52.16,2,2,DEPRESSION,Application site rash,0,0,0
67,63.5,2,2,DEPRESSION,Diarrhoea,0,0,0
67,68.04,2,4,DEPRESSION,Impaired gastric emptying,0,0,0
78,72.58,2,13,DEPRESSION,Blood glucose increased,0,0,0
44,78,1,1,PARKINSON^S DISEASE,Tremor,0,0,0
64,70.31,2,12,DEPRESSION,Tachycardia,0,0,0
50,72.58,2,7,DEPRESSION,Application site pruritus,0,0,0
34,80.29,2,3,DEPRESSION,Insomnia,0,0,0
35,80.29,2,4,DEPRESSION,Malaise,0,0,0
72,56.7,2,6,DEPRESSION,Application site irritation,0,0,0
49,59.88,2,3,DEPRESSION,Irritability,0,0,0
18,69.85,2,2,DEPRESSION,Obsessive-compulsive disorder,0,0,0
67,72.58,2,7,MAJOR DEPRESSION,Drug effect decreased,0,0,0
84,95.26,1,12,DEPRESSION,Application site erythema,0,0,0
84,95.26,1,10,DEPRESSION,Drug ineffective,0,0,0
78,77.11,1,3,DEPRESSION,Application site rash,0,0,0
51,55,2,6,CROHN^S DISEASE,Biliary dilatation,0,0,0
58,117.94,1,5,DEPRESSION,Hypersensitivity,0,0,0
75,92.5,1,1,INFECTION,Nausea,0,0,0
49,90.72,2,1,RHEUMATOID ARTHRITIS,Rheumatoid arthritis,0,0,0
61,57,1,9,METASTASES TO CENTRAL NERVOUS SYSTEM,Interstitial lung disease,1,0,0
31,67.9,2,2,URINARY TRACT INFECTION,Limb reduction defect,0,0,0
75,88.44,1,12,PAIN IN EXTREMITY,Chest pain,1,0,0
65,89,2,1,BREAST CANCER FEMALE,Disease progression,0,0,0
60,55,1,1,RENAL FAILURE ACUTE,Diarrhoea,1,0,0
26,56,1,15,BIPOLAR I DISORDER,Blood creatine phosphokinase increased,0,0,0
93,45.4,1,1,URINARY TRACT INFECTION,Clostridium difficile infection,1,0,0
73,72,2,3,ANALGESIC THERAPY,Dysphagia,0,0,0
2,2.72,1,25,PRODUCT USED FOR UNKNOWN INDICATION,Nasopharyngitis,0,0,0
65,58,1,1,PULMONARY EMBOLISM,Haematuria,1,0,0
66,44,2,79,APLASTIC ANAEMIA,Gastrointestinal haemorrhage,0,1,0
24,49,2,2,ANALGESIC THERAPY,Drug ineffective,0,0,0
67,100.5,1,1,BIPOLAR I DISORDER,Transaminases increased,1,0,0
65,104.5,1,1,DIABETES MELLITUS,Rash erythematous,0,0,0
62,75,1,1,HYPERTENSION,Renal cancer,1,1,0
66,159.64,1,2,TYPE 2 DIABETES MELLITUS,Non-cardiac chest pain,1,0,0
48,126,1,1,DEPRESSION,Anger,0,0,1
59,75,1,1,HYPERLIPIDAEMIA,Rhabdomyolysis,1,0,0
42,118.2,1,1,MYOSITIS,Urticaria,0,0,0
73,82,2,1,EMPHYSEMA,Incorrect route of drug administration,0,0,0
83,66,2,24,,Hepatitis,1,1,0
59,82,2,13,EMPHYSEMA,Incorrect route of drug administration,0,0,0
60,63.56,2,3,RHEUMATOID ARTHRITIS,Joint instability,0,0,0
38,61.5,1,1,MIGRAINE,Serotonin syndrome,1,0,0
69,64,2,1,CHRONIC OBSTRUCTIVE PULMONARY DISEASE,Incorrect route of drug administration,0,0,0
51,94.1,1,1,HYPERLIPIDAEMIA,Leukocytosis,1,0,0
22,72.64,2,3,RELAPSING-REMITTING MULTIPLE SCLEROSIS,Injection site pain,0,0,0
23,86.17,2,1,CONTRACEPTION,Uterine perforation,1,0,0
77,99.79,1,4,PLASMA CELL MYELOMA,Plasma cell myeloma recurrent,1,0,0
85,68.95,1,1,PLASMA CELL MYELOMA,Pneumonia,1,0,0
74,75,2,3,RHEUMATOID ARTHRITIS,Arrhythmia,0,0,0
40,80,1,1,COLITIS ULCERATIVE,Abdominal pain,1,0,0
66,104.33,2,1,PLASMA CELL MYELOMA,Anaemia,0,0,0
69,79,2,6,BREAST CANCER,Acute myeloid leukaemia,0,1,0
62,97.51,1,3,SMOKING CESSATION THERAPY,Cardiac disorder,0,0,0
59,129.28,2,9,PLASMA CELL MYELOMA,Confusional state,1,0,1
56,70.3,2,15,,Convulsion,0,0,0
60,70.7,2,6,CARDIOVASCULAR EVENT PROPHYLAXIS,Retinopathy,0,0,0
54,79,1,1,INTRAOCULAR PRESSURE TEST ABNORMAL,Diabetes mellitus,0,0,0
40,130,1,4,FABRY^S DISEASE,Renal impairment,0,0,0
23,51.25,2,5,,Overdose,0,1,0
60,87,2,2,LOW DENSITY LIPOPROTEIN INCREASED,Type 2 diabetes mellitus,0,0,0
73,81.63,1,2,RESTLESS LEGS SYNDROME,Off label use,1,1,0
62,70.7,2,3,IMMUNE SYSTEM DISORDER,Type 2 diabetes mellitus,0,0,0
43,104,1,2,SMOKING CESSATION THERAPY,Immobile,1,0,0
90,72.58,1,21,MYELODYSPLASTIC SYNDROME,Pneumonia,1,0,0
97,70,1,4,CANCER PAIN,Blood pressure decreased,0,0,0
61,127,1,1,CHRONIC OBSTRUCTIVE PULMONARY DISEASE,Cough,1,0,0
54,87.5,1,9,FABRY^S DISEASE,Haemorrhage,0,0,0
66,101.61,2,2,DIABETES MELLITUS,Weight decreased,0,0,0
54,81,1,1,,Paraesthesia oral,0,0,0
80,56.9,1,1,GAUCHER^S DISEASE,Cardiac disorder,1,0,0
53,110.78,2,8,RHEUMATOID ARTHRITIS,Pleurisy,1,0,0
38,59.88,2,1,COLITIS ULCERATIVE,Muscular weakness,1,0,0
66,101,2,1,CROHN^S DISEASE,Pneumonia,1,0,0
51,36.74,2,22,PAIN,Drug dose omission,0,0,0
62,94,1,2,PSORIATIC ARTHROPATHY,Type 2 diabetes mellitus,0,1,0
54,80,1,7,RHEUMATOID ARTHRITIS,Gallbladder pain,1,0,0
41,80,2,1,LUNG NEOPLASM MALIGNANT,Respiratory distress,0,0,0
72,92.26,1,1,PLASMA CELL MYELOMA,Pancytopenia,0,0,0
57,67,1,2,PRODUCT USED FOR UNKNOWN INDICATION,Thrombocytopenia,0,0,0
51,63,1,10,SCHIZOAFFECTIVE DISORDER,Neuroleptic malignant syndrome,0,1,0
28,86.26,2,4,PSORIASIS,Bartholin^s cyst,0,0,0
66,88,2,2,RHEUMATOID ARTHRITIS,Aspiration,1,1,0
58,66.5,1,17,RHEUMATOID ARTHRITIS,Nasal septum deviation,1,0,0
68,61,1,21,,Gastroenteritis,1,0,0
85,86,1,5,HYPERCHOLESTEROLAEMIA,Muscular weakness,0,0,0
72,60.4,2,37,,Gastrointestinal inflammation,1,0,0
57,76,1,9,CHRONIC MYELOID LEUKAEMIA,Retroperitoneal fibrosis,1,0,0
40,55,2,2,DYSMENORRHOEA,Angioedema,1,0,0
36,66.74,1,3,CROHN^S DISEASE,Convulsion,0,0,0
22,60.84,2,2,CONTRACEPTION,Device expulsion,0,0,0
52,82,1,4,HYPERTENSION,Myocardial infarction,1,0,0
72,47.62,2,5,PAIN,Pain,0,0,0
46,122.45,2,11,,Drug hypersensitivity,0,0,0
60,101.13,2,15,,Pain in extremity,0,0,0
68,102,1,16,,Sinus congestion,0,0,0
47,68.03,2,3,,Gastric disorder,0,0,0
55,110,2,17,Invasive ductal breast carcinoma,Breast cancer metastatic,2,2,2
70,78,1,2,HYPERTENSION,Blood potassium increased,0,0,0
69,77.11,2,4,PAIN,Vomiting,1,0,0
39,59.8,2,1,MULTIPLE SCLEROSIS,Hypersensitivity,1,0,0
75,101,2,2,PLASMA CELL MYELOMA,Haemoglobin decreased,0,0,0
9,22,2,1,ATTENTION DEFICIT/HYPERACTIVITY DISORDER,Palpitations,0,0,0
55,89.3,2,5,FIBROMYALGIA,Fibromyalgia,0,0,0
86,58.06,2,13,PLASMA CELL MYELOMA,Neutropenia,0,0,0
57,67,2,4,LOW DENSITY LIPOPROTEIN INCREASED,Type 2 diabetes mellitus,0,0,0
71,90.7,1,1,HYPOTHYROIDISM,Malaise,1,0,0
47,74.83,2,1,OSTEOARTHRITIS,Pain,0,0,0
54,63.49,2,5,FIBROMYALGIA,Back disorder,0,0,0
60,96,1,5,COLORECTAL CANCER METASTATIC,Hyperkalaemia,1,0,0
55,70,2,3,OSTEOPOROSIS,Musculoskeletal pain,1,0,0
39,70,1,2,MULTIPLE SCLEROSIS,Myocardial infarction,1,0,0
60,70,2,7,HYPERTENSION,Fall,1,0,0
39,109,2,6,PRODUCT USED FOR UNKNOWN INDICATION,Nephrogenic systemic fibrosis,0,0,1
44,78,2,5,DIABETES MELLITUS,Investigation,1,0,0
43,70.37,2,9,PSORIATIC ARTHROPATHY,Cough,1,0,0
32,82.8,1,4,,Circulatory collapse,0,1,0
45,81.65,2,2,PULMONARY EMBOLISM,Intra-abdominal haemorrhage,1,0,0
32,82.8,1,4,,Toxicity to various agents,0,1,0
28,146.51,2,1,DIABETES MELLITUS,Chest discomfort,1,0,0
90,53,2,3,CHRONIC OBSTRUCTIVE PULMONARY DISEASE,Headache,0,0,0
91,59,2,1,CHRONIC OBSTRUCTIVE PULMONARY DISEASE,Incorrect route of drug administration,0,0,0
7,28.12,1,2,ATTENTION DEFICIT/HYPERACTIVITY DISORDER,Mental disorder,0,0,0
6,320,1,4,TYPE 2 DIABETES MELLITUS,Cardiac operation,0,0,0
59,51.3,1,5,SQUAMOUS CELL CARCINOMA OF THE TONGUE,Atrial fibrillation,1,0,0
69,62,2,1,RHEUMATOID ARTHRITIS,Death,0,1,0
69,97,2,5,RHEUMATOID ARTHRITIS,Hypertension,1,0,0
18,136.2,1,6,,Overdose,1,0,0
63,115.89,2,6,,Acute respiratory failure,1,0,0
38,56,2,3,PSORIATIC ARTHROPATHY,High risk pregnancy,0,0,0
30,58,2,1,IRON DEFICIENCY,Infusion related reaction,0,0,0
52,77.98,2,2,VULVOVAGINAL MYCOTIC INFECTION,Drug ineffective,0,0,0
70,90.7,2,5,NOCTURIA,Drug effect decreased,0,0,0
77,100,1,6,,Gastroenteritis viral,1,0,0
43,104,1,2,SMOKING CESSATION THERAPY,Staphylococcal infection,1,0,0
74,85.5,2,14,CHRONIC LYMPHOCYTIC LEUKAEMIA,Influenza like illness,1,0,0
12,41.4,1,4,CONVULSION,Death,0,1,0
12,42.4,2,2,PRODUCT USED FOR UNKNOWN INDICATION,Diabetic ketoacidosis,1,0,0
81,59,1,5,CEREBROVASCULAR ACCIDENT PROPHYLAXIS,Mediastinal haematoma,1,1,0
78,76.66,1,3,PLASMA CELL MYELOMA,Pancytopenia,0,0,0
59,104.77,1,6,ALVEOLITIS ALLERGIC,Pulmonary embolism,1,0,0
40,42.5,2,4,DEPRESSION,Drug interaction,0,0,0
62,98.5,1,1,CHRONIC LYMPHOCYTIC LEUKAEMIA,Neutrophil count decreased,0,0,0
72,81.19,2,1,MYELODYSPLASTIC SYNDROME,Pyrexia,1,0,0
71,118.04,1,1,CROHN^S DISEASE,Nephrolithiasis,1,0,0
69,84.35,2,8,BLADDER DISORDER,Off label use,0,0,0
18,84,2,6,CROHN^S DISEASE,Colitis ulcerative,1,0,0
26,55.39,2,2,,Device dislocation,0,0,0
71,122,1,1,HAEMORRHAGE PROPHYLAXIS,Procedural haemorrhage,1,0,0
50,93.6,2,2,PERITONEAL DIALYSIS,Myocardial infarction,0,1,0
59,115,1,9,HAEMODIALYSIS,Cellulitis,1,0,0
80,67,1,13,GASTRIC CANCER,Haematochezia,1,0,0
31,82.09,2,1,,Depression,0,0,0
68,57,2,1,CERVIX CARCINOMA,Anaphylactic shock,0,0,0
63,97,1,4,HYPERCHOLESTEROLAEMIA,Arthritis,0,0,0
69,71,2,1,PRODUCT USED FOR UNKNOWN INDICATION,Anaphylactic shock,0,0,0
65,115,2,11,TYPE 2 DIABETES MELLITUS,Joint swelling,1,0,1
52,120,1,4,RHEUMATOID ARTHRITIS,Lumbar vertebral fracture,1,0,0
56,100.5,1,2,TYPE 2 DIABETES MELLITUS,Myocardial infarction,1,0,0
61,120,1,8,DIABETES MELLITUS,Myocardial infarction,1,0,0
57,109.1,1,2,TYPE 2 DIABETES MELLITUS,Cardiac failure congestive,1,0,0
69,150,1,1,TYPE 2 DIABETES MELLITUS,Cardiac failure congestive,1,0,0
77,53,1,5,CRITICAL ILLNESS POLYNEUROPATHY,Hepatocellular injury,1,0,0
48,55.33,2,2,PULMONARY ARTERIAL HYPERTENSION,Weight decreased,0,0,0
24,121.1,2,2,,Device expulsion,0,0,0
63,105.9,1,1,DIABETES MELLITUS,Death,1,1,0
82,77.98,2,7,URINARY INCONTINENCE,Drug ineffective,0,0,0
83,42.18,2,1,POLLAKIURIA,Drug ineffective,0,0,0
52,91.6,2,12,,Diabetes mellitus,0,0,0
50,51,2,2,HEPATITIS B,Gastrointestinal haemorrhage,1,0,0
9,43,1,3,DYSPNOEA,Tremor,1,0,0
9,43,1,3,DYSPNOEA,Chest pain,1,0,0
43,72,1,2,HEPATITIS B,Feeling abnormal,0,0,0
54,77,1,2,HEPATITIS B,Osteomalacia,0,0,0
62,72,1,2,HEPATITIS B,Drug resistance,0,0,0
37,54,2,3,CROHN^S DISEASE,Malaise,1,0,0
47,87,1,3,PSORIATIC ARTHROPATHY,Bursitis,1,0,0
72,112.95,1,8,PLASMA CELL MYELOMA,Thrombosis,0,0,0
86,55.84,2,1,RHEUMATOID ARTHRITIS,Transient ischaemic attack,1,0,0
21,36.28,2,2,CONTRACEPTION,Uterine perforation,0,0,0
82,86.17,1,4,DIABETIC NEUROPATHY,Pain in jaw,0,0,0
73,79.38,2,11,PLASMA CELL MYELOMA,Hypotension,1,0,0
28,113.38,2,2,,Device difficult to use,0,0,0
61,54,2,5,MENOPAUSAL SYMPTOMS,Drug ineffective,0,0,0
57,87.98,1,12,BACK PAIN,Acute myocardial infarction,1,0,0
26,78,0,4,,Anaesthetic complication,0,0,0
60,97.8,2,4,PLASMA CELL MYELOMA RECURRENT,Renal failure acute,1,0,0
2,12.4,2,6,KAWASAKI^S DISEASE,Hypotension,0,0,0
87,56.69,2,3,POLLAKIURIA,Skin discolouration,0,0,0
28,15.4,1,23,,Haemoglobin decreased,1,0,0
62,86.8,1,12,OSTEOPOROSIS,Apnoea,0,0,0
59,64.41,2,9,PLASMA CELL MYELOMA,Salmonellosis,1,0,0
34,77.63,2,6,ANKYLOSING SPONDYLITIS,Pain in extremity,0,0,0
32,53,2,1,PSORIASIS,Ovarian cyst,1,0,0
52,61.2,2,5,NEOPLASM MALIGNANT,Hypoaesthesia,0,0,0
63,101,2,3,CHRONIC OBSTRUCTIVE PULMONARY DISEASE,Pulmonary congestion,0,0,0
43,73.8,1,4,MAJOR DEPRESSION,Hypoaesthesia,1,0,0
48,70,2,1,BREAST CANCER,Neutropenia,0,0,0
58,80,2,1,HEPATIC CANCER,Hepatic neoplasm,0,0,0
45,104,1,3,PRODUCT USED FOR UNKNOWN INDICATION,Hyperuricaemia,0,0,0
80,61.24,1,15,DIFFUSE LARGE B-CELL LYMPHOMA,Neutrophil count decreased,0,0,0
70,115,1,1,THROMBOSIS PROPHYLAXIS,Tooth abscess,0,0,0
60,69,2,9,TYPE 2 DIABETES MELLITUS,Spinal ligament ossification,1,0,0
46,85.5,1,3,LIVER TRANSPLANT,Toxicity to various agents,1,0,0
59,65.31,2,5,,Akathisia,0,0,0
56,116.74,2,22,MIGRAINE,Blindness unilateral,0,0,0
60,54.42,2,4,,Appendicitis perforated,1,0,0
30,75.74,2,1,PRODUCT USED FOR UNKNOWN INDICATION,Blood glucose increased,1,0,0
80,84.35,2,4,HYPERTONIC BLADDER,Burning sensation,0,0,0
56,84,1,2,PULMONARY EMBOLISM,Urticaria papular,0,0,0
59,56.69,2,1,PRODUCT USED FOR UNKNOWN INDICATION,Blood glucose increased,0,0,0
20,60.32,2,1,CONTRACEPTION,Menorrhagia,0,0,0
17,38,1,1,PRODUCT USED FOR UNKNOWN INDICATION,Epiphysiolysis,1,0,0
65,87.53,2,11,HYPERTONIC BLADDER,Application site haemorrhage,0,0,0
81,57,2,2,CHRONIC OBSTRUCTIVE PULMONARY DISEASE,Dysphonia,0,0,0
28,108.5,2,1,CROHN^S DISEASE,Back pain,1,0,0
71,76.19,2,9,HYPERTONIC BLADDER,Skin irritation,0,0,0
37,120,1,6,PSORIATIC ARTHROPATHY,Feeling hot,0,0,0
72,39.68,2,11,CONSTIPATION,Malaise,0,0,0
45,51,1,7,SCHIZOPHRENIA,Abdominal pain,1,0,0
39,83,2,4,PRODUCT USED FOR UNKNOWN INDICATION,Fatigue,1,0,0
25,70.82,2,1,CONTRACEPTION,Embedded device,0,0,0
52,88,1,3,ANTICOAGULANT THERAPY,Gastric ulcer haemorrhage,1,0,0
76,50,2,4,HYPOTHYROIDISM,Mitochondrial cytopathy,0,0,0
61,126.08,1,3,,Haemorrhage,0,0,0
67,83,2,4,FIBROMYALGIA,Ankle fracture,1,0,0
60,49,2,4,PRODUCT USED FOR UNKNOWN INDICATION,Intestinal obstruction,1,0,0
9,8,1,3,INFANTILE SPASMS,Feeding disorder,1,0,0
61,124.7,1,2,CHRONIC OBSTRUCTIVE PULMONARY DISEASE,Lymphoma,0,0,0
47,90,1,10,SCHIZOPHRENIA,Intentional overdose,1,0,0
65,90.7,1,7,PLASMA CELL MYELOMA,White blood cell count,0,0,0
89,64,2,23,,Abasia,1,0,0
75,96.5,1,39,PLASMA CELL MYELOMA,Basal cell carcinoma,0,1,0
64,90.26,2,2,COR PULMONALE CHRONIC,Death,0,1,0
64,67,1,4,DIABETES MELLITUS,Hyperglycaemia,1,0,0
59,45,2,2,MULTIPLE SCLEROSIS,Myocardial infarction,1,0,0
76,104.9,1,14,MYELODYSPLASTIC SYNDROME,Syncope,1,0,0
83,50.4,2,4,DISEASE COMPLICATION,Diverticulum intestinal haemorrhagic,1,0,0
72,96,1,4,BLOOD CHOLESTEROL,Phimosis,1,0,0
58,110,1,4,PARKINSON^S DISEASE,Delirium,0,0,0
71,77,1,1,CHRONIC OBSTRUCTIVE PULMONARY DISEASE,Incorrect route of drug administration,0,0,0
79,67.12,1,3,CARDIOVASCULAR EVENT PROPHYLAXIS,Nephrotic syndrome,1,0,0
47,63,2,2,GASTROOESOPHAGEAL REFLUX DISEASE,Disorientation,0,0,0
65,69,2,2,RESPIRATORY TRACT CONGESTION,Insomnia,0,0,0
7,14,1,1,ENURESIS,Faecal incontinence,0,0,1
64,50,2,6,CHRONIC OBSTRUCTIVE PULMONARY DISEASE,Lung disorder,1,0,0
4,19.5,2,5,,Incorrect product storage,0,0,0
32,83,1,4,PRODUCT USED FOR UNKNOWN INDICATION,Toxicity to various agents,0,1,0
63,75.82,2,5,ASTHMA,Dyspnoea,0,0,0
57,45,2,1,,Drug tolerance decreased,0,0,0
62,54,2,8,CHRONIC HEPATITIS C,Vomiting,1,0,0
22,75.28,2,2,CONTRACEPTION,Rash pruritic,0,0,0
3,14.9,2,2,INDUCTION OF ANAESTHESIA,Muscle rigidity,0,0,0
11,55,1,5,ANAESTHESIA PROCEDURE,Drug ineffective,0,0,0
59,125,1,2,PLASMA CELL MYELOMA,Toxicity to various agents,0,0,0
79,64,2,8,OSTEOPOROSIS,Hepatitis C,0,0,0
61,175,2,3,PLASMA CELL MYELOMA,Toxicity to various agents,0,0,0
75,57,2,1,,Syncope,0,0,0
48,82.1,2,21,PAIN,Abdominal pain,1,1,0
67,83.08,1,2,PLASMA CELL MYELOMA,Unevaluable event,0,0,0
87,44,2,6,,Haemoglobin decreased,0,0,0
77,64.41,2,1,PLASMA CELL MYELOMA,Haemoglobin decreased,1,0,0
63,114,1,5,HYPERCHOLESTEROLAEMIA,Decreased interest,0,0,0
78,65,2,3,PRODUCT USED FOR UNKNOWN INDICATION,Diarrhoea,0,0,0
50,86,1,5,CHRONIC HEPATITIS C,Septic shock,0,1,0
21,73,2,1,BACK PAIN,Neuropathy peripheral,0,0,0
15,59.02,2,1,POST COITAL CONTRACEPTION,Menstruation irregular,0,0,0
34,99.8,2,9,IMMUNE THROMBOCYTOPENIC PURPURA,Purpura,1,0,0
73,92.53,2,18,CEREBROVASCULAR ACCIDENT PROPHYLAXIS,Renal impairment,0,0,0
50,108,2,2,PSORIASIS,Pyrexia,1,0,0
66,64.86,1,15,PLASMA CELL MYELOMA,Disorientation,1,0,0
77,89.81,1,22,ATRIAL FIBRILLATION,Streptococcal sepsis,1,0,0
62,83.46,1,3,NEURALGIA,Breakthrough pain,1,0,0
31,72.64,2,2,CONTRACEPTION,Uterine leiomyoma,0,0,0
76,68,1,4,LYMPHOCYTIC LYMPHOMA,Multiple organ dysfunction syndrome,1,1,0
70,61.23,2,8,DEPRESSION,Carpal tunnel syndrome,0,0,0
69,90.27,1,26,MYELODYSPLASTIC SYNDROME,Cerebrovascular accident,1,0,0
88,74,1,9,CHRONIC MYELOMONOCYTIC LEUKAEMIA,Death,0,1,0
75,82.99,2,10,ARTHRITIS,Hypertonic bladder,0,0,0
54,70,2,3,FIBROMYALGIA,Amnesia,0,0,0
22,72.64,2,2,CONTRACEPTION,Device expulsion,0,0,0
50,103.4,1,5,DEPRESSION,Irritable bowel syndrome,0,0,0
59,90.6,1,13,,Meningioma,1,0,0
63,91,2,2,FIBROMYALGIA,Feeling abnormal,0,0,0
61,71.67,1,2,PLASMA CELL MYELOMA,Neutropenia,1,0,0
49,96.1,1,7,,Rash,0,0,0
20,72.64,2,1,POST COITAL CONTRACEPTION,Cough,0,0,0
62,66.66,2,3,TYPE 2 DIABETES MELLITUS,Colitis ulcerative,0,0,0
85,75.5,2,19,ANAEMIA,Urinary tract infection,1,0,0
70,59.9,2,36,,Blood creatine increased,1,0,0
61,62,1,46,PRODUCT USED FOR UNKNOWN INDICATION,Fatigue,1,0,0
72,74.83,2,23,OSTEOPOROSIS POSTMENOPAUSAL,Death,1,1,0
86,70.3,2,1,SENILE OSTEOPOROSIS,Death,1,1,0
58,92.99,1,1,PLASMA CELL MYELOMA,Pneumonia,1,0,0
70,89,1,3,RENAL CELL CARCINOMA,Anaphylactic shock,0,0,0
33,45.4,2,1,POST COITAL CONTRACEPTION,Menstruation irregular,0,0,0
69,67,2,1,,Angina pectoris,0,0,0
62,81.63,2,3,ANALGESIC THERAPY,Abdominal discomfort,0,0,0
79,70,1,5,,Bacteraemia,1,0,0
51,76.2,2,16,PAIN,Stress,1,0,0
6,25.5,1,1,,Psychomotor hyperactivity,0,0,0
54,61,2,2,,Weight increased,0,0,0
57,80,2,4,ASTHMA,Arthropathy,1,0,1
57,68,2,7,ASTHMA,Dizziness,0,0,0
78,72,2,8,DIABETES MELLITUS,Urinary tract infection,0,0,0
62,80,1,2,INFECTION,Blood pressure increased,0,0,0
21,92,1,2,EMBOLISM VENOUS,Myalgia,0,0,1
59,40,2,1,DIABETES MELLITUS,Myocardial infarction,1,0,0
24,42,2,6,ANKYLOSING SPONDYLITIS,Epilepsy,1,0,0
18,88.53,2,1,POST COITAL CONTRACEPTION,Menstruation irregular,0,0,0
65,97.1,2,20,HYPERTENSION,Discomfort,0,0,0
78,79.38,1,6,MYELODYSPLASTIC SYNDROME,Full blood count decreased,0,0,0
65,86.2,2,14,GASTRIC DISORDER,Spinal fracture,1,0,0
61,90,2,13,CHRONIC HEPATITIS C,Multi-organ failure,1,1,0
80,40,2,4,DEMENTIA,Dyskinesia,1,0,0
17,43.09,2,6,CROHN^S DISEASE,Crohn^s disease,1,0,0
82,64,1,2,,Drug tolerance decreased,0,0,0
63,96,2,8,RESPIRATORY TRACT INFECTION VIRAL,Pancreatitis,0,0,0
60,108.96,1,4,COLITIS ULCERATIVE,Rectal haemorrhage,1,0,0
47,86.26,1,4,SLEEP APNOEA SYNDROME,Feeling jittery,0,0,0
41,68.1,2,9,BRONCHITIS,Lip pain,0,0,0
64,122.45,1,2,ERECTILE DYSFUNCTION,Drug ineffective,0,0,0
66,72.7,1,9,PLASMA CELL MYELOMA,Platelet count decreased,0,0,0
25,56,2,1,,Joint swelling,0,0,0
80,148,1,2,PLASMA CELL MYELOMA,Toxicity to various agents,0,0,0
87,67.5,1,1,ANALGESIC THERAPY,Accidental overdose,0,0,0
67,165,1,3,PLASMA CELL MYELOMA,Toxicity to various agents,0,0,0
58,50.85,2,4,,Fatigue,0,0,0
69,125,1,2,PLASMA CELL MYELOMA,Toxicity to various agents,0,0,0
71,64.01,2,2,PLASMA CELL MYELOMA,Unevaluable event,0,0,0
17,99.88,2,1,POST COITAL CONTRACEPTION,Decreased appetite,0,0,0
74,93,2,6,PLASMA CELL MYELOMA,Heart rate decreased,0,0,0
77,70.76,2,8,PLASMA CELL MYELOMA,Pyrexia,1,0,0
45,80.36,1,3,PLASMA CELL MYELOMA,Toxicity to various agents,0,0,0
31,79.45,1,1,ANKYLOSING SPONDYLITIS,Chronic myeloid leukaemia,0,0,0
59,86.26,1,3,PLASMA CELL MYELOMA,Toxicity to various agents,0,0,0
68,74.84,1,3,PLASMA CELL MYELOMA,Pneumonia,1,0,0
46,52,2,2,EMPHYSEMA,Lung carcinoma cell type unspecified stage IV,0,0,0
62,98,1,1,CHRONIC OBSTRUCTIVE PULMONARY DISEASE,Dyspnoea,1,0,0
83,76,2,1,CHRONIC OBSTRUCTIVE PULMONARY DISEASE,Wound haemorrhage,1,0,1
77,123,1,3,ATRIAL FIBRILLATION,Gastrointestinal haemorrhage,1,0,0
71,54.9,1,4,CEREBROVASCULAR ACCIDENT PROPHYLAXIS,Embolic stroke,1,0,1
62,59.42,2,7,PLASMA CELL MYELOMA,Femur fracture,1,0,0
76,88,1,3,ATRIAL FIBRILLATION,Ulcer haemorrhage,1,0,0
86,70,1,7,PRODUCT USED FOR UNKNOWN INDICATION,Pruritus,1,0,0
74,154,1,3,PLASMA CELL MYELOMA,Toxicity to various agents,0,0,0
67,60,1,6,TYPE 2 DIABETES MELLITUS,Pancreatic carcinoma,0,0,1
3,18,1,2,ASTHMA,Crying,0,0,0
55,155,1,2,PLASMA CELL MYELOMA,Unevaluable event,0,0,0
77,206,1,3,PLASMA CELL MYELOMA,Toxicity to various agents,0,0,0
37,109.41,2,8,ANKYLOSING SPONDYLITIS,Intervertebral disc degeneration,0,0,0
55,72.56,2,1,HYPERTONIC BLADDER,Pollakiuria,0,0,0
80,65.77,2,8,PLASMA CELL MYELOMA,Large intestine polyp,1,0,0
67,88.43,1,1,TYPE 2 DIABETES MELLITUS,Hiccups,0,0,0
60,120.2,1,5,PLASMA CELL MYELOMA,Thrombosis,0,0,0
63,77.1,2,2,GASTROOESOPHAGEAL REFLUX DISEASE,Gastrooesophageal reflux disease,0,0,0
83,74.8,1,4,THYROID CANCER,Dysphagia,0,0,0
23,56.75,2,1,POST COITAL CONTRACEPTION,Menstruation irregular,0,0,0
29,54.88,2,2,GASTROOESOPHAGEAL REFLUX DISEASE,Night sweats,0,0,0
66,94.8,1,9,LYMPHOMA,Pneumonia,1,0,0
78,86,1,2,PLASMA CELL MYELOMA,Infection,1,0,0
60,84,2,2,CATARACT OPERATION,Corneal oedema,1,0,1
71,79,1,1,CHRONIC OBSTRUCTIVE PULMONARY DISEASE,Incorrect route of drug administration,0,0,0
75,132.2,1,1,PLASMA CELL MYELOMA,Dyspnoea,1,0,0
78,81,1,5,,Gastrointestinal haemorrhage,1,0,0
80,51.71,2,16,PLASMA CELL MYELOMA,Rash papular,0,0,0
68,175,1,8,PRODUCT USED FOR UNKNOWN INDICATION,Gastrointestinal ulcer haemorrhage,1,0,0
24,138.32,2,2,CONTRACEPTION,Device breakage,0,0,0
81,95.3,1,4,PLASMA CELL MYELOMA,Pulmonary embolism,0,0,0
64,45.36,2,1,PLASMA CELL MYELOMA,Constipation,1,0,0
20,72.64,2,3,POST COITAL CONTRACEPTION,Nausea,0,0,0
86,78.74,2,13,PLASMA CELL MYELOMA,Deep vein thrombosis,1,0,0
88,67.13,2,1,PLASMA CELL MYELOMA,Rash,0,0,0
50,38.55,1,13,CHRONIC HEPATITIS C,Oral herpes,1,1,0
77,64.3,2,1,RHEUMATOID ARTHRITIS,Pleural effusion,1,1,0
56,76,2,8,RHEUMATOID ARTHRITIS,Road traffic accident,1,0,1
84,42.64,2,1,5Q MINUS SYNDROME,Dizziness postural,1,0,0
74,92.63,2,10,POLLAKIURIA,Pollakiuria,0,0,0
67,64.86,2,1,PLASMA CELL MYELOMA,Thrombosis,0,0,0
56,104.33,2,11,PLASMA CELL MYELOMA,Thrombosis,0,0,0
69,63.39,2,1,PRODUCT USED FOR UNKNOWN INDICATION,Drug ineffective,0,0,0
64,63.5,1,4,PLASMA CELL MYELOMA,Renal failure,0,0,0
70,77.98,2,3,URINARY INCONTINENCE,Application site urticaria,0,0,0
77,107,1,13,TYPE 2 DIABETES MELLITUS,Osteoarthritis,1,0,0
72,81.63,2,4,HYPERTONIC BLADDER,Application site irritation,0,0,0
65,62,1,4,SYSTEMIC CANDIDA,Hepatic failure,0,1,0
73,80.4,2,12,,Pain,0,0,1
58,63.49,2,1,RHEUMATOID ARTHRITIS,Dyspnoea,0,0,0
62,88,1,13,GLIOBLASTOMA MULTIFORME,Hypotension,1,0,0
31,77.98,2,1,,Accidental exposure to product,0,0,0
50,88.9,2,2,HYPERCHOLESTEROLAEMIA,Pain in extremity,0,0,0
56,62.59,2,13,EPILEPSY,Disturbance in attention,0,0,0
68,88.9,2,5,INSOMNIA,Psychomotor hyperactivity,0,0,0
18,53.97,2,1,ANXIETY,Chest discomfort,0,0,0
61,60,2,6,CHRONIC HEPATITIS C,Anaemia,0,0,0
38,85.6,2,3,PHENYLKETONURIA,Mucinous cystadenocarcinoma of pancreas,1,0,0
2074,78,1,5,,Cerebral haemorrhage,0,1,1
61,104.3,1,10,HYPERTENSION,Spinal fracture,0,0,0
40,69,2,2,ANKYLOSING SPONDYLITIS,Axillary mass,1,0,0
4,4,2,4,ANTIVIRAL PROPHYLAXIS,Bronchiolitis,1,0,0
43,53.97,2,3,GAIT DISTURBANCE,Dysgraphia,1,0,0
78,74,1,3,PROSTATE CANCER,Death,0,1,0
51,48,2,2,COLON CANCER METASTATIC,Loss of consciousness,1,0,0
70,61,1,1,METASTATIC MALIGNANT MELANOMA,Hepatocellular injury,0,0,0
69,68,1,23,B-CELL LYMPHOMA,Hypophosphataemia,1,0,0
64,50.3,2,12,GASTROOESOPHAGEAL CANCER,Hypotension,1,0,0
65,69,2,9,,Acute kidney injury,1,0,0
48,60,2,2,HER-2 POSITIVE BREAST CANCER,Drug-induced liver injury,0,0,0
40,80,1,2,CHRONIC HEPATITIS C,Drug intolerance,1,0,0
78,68,2,16,,Deep vein thrombosis,1,0,0
71,55,1,11,PROSTATE CANCER,Cerebral infarction,0,0,0
62,43,2,6,BREAST CANCER,Chest pain,0,0,0
23,58.5,2,1,CONTRACEPTION,Headache,0,0,0
25,108.96,2,2,POST COITAL CONTRACEPTION,Menstruation irregular,0,0,0
16,61.29,2,1,POST COITAL CONTRACEPTION,Nausea,0,0,0
31,73.47,2,1,CONTRACEPTION,Headache,0,0,0
35,81.72,2,2,POST COITAL CONTRACEPTION,Pelvic pain,0,0,0
18,51.3,2,2,POST COITAL CONTRACEPTION,Urinary tract infection,0,0,0
21,103.4,2,2,CONTRACEPTION,Implant site pain,0,0,0
28,54.48,2,2,POST COITAL CONTRACEPTION,Infertility,0,0,0
78,44,2,2,MAINTENANCE OF ANAESTHESIA,Procedural complication,0,0,0
45,132,2,3,PRODUCT USED FOR UNKNOWN INDICATION,Nephrogenic systemic fibrosis,0,0,0
19,63.56,2,1,POST COITAL CONTRACEPTION,Menstruation irregular,0,0,0
46,124.7,1,13,,Sleep talking,0,0,0
58,72,2,1,MULTIPLE SCLEROSIS,Cardiac enzymes increased,1,0,0
30,81.72,2,1,POST COITAL CONTRACEPTION,Menstruation irregular,0,0,0
66,52,1,7,SEPSIS,Renal failure acute,0,0,1
25,127.12,2,2,POST COITAL CONTRACEPTION,Menstruation irregular,0,0,0
18,54.48,2,1,POST COITAL CONTRACEPTION,Headache,0,0,0
55,96.6,2,3,MYOCARDIAL INFARCTION,Acute myocardial infarction,1,0,0
65,65,2,8,PRODUCT USED FOR UNKNOWN INDICATION,Mass,0,0,0
82,68.27,2,1,TYPE 2 DIABETES MELLITUS,Pancreatic carcinoma metastatic,0,0,0
47,76,1,4,HEPATITIS C,Agranulocytosis,1,0,0
43,49,2,5,COLON CANCER,Interstitial lung disease,0,0,0
22,46,2,10,PRECURSOR T-LYMPHOBLASTIC LYMPHOMA/LEUKAEMIA STAGE I,Ileus paralytic,1,0,0
68,74,1,1,,Death,0,1,0
84,76.64,1,25,BLADDER CANCER,Haematuria,0,0,0
22,59,2,2,PARTIAL SEIZURES,Shock,1,1,0
57,102,2,6,NEUROMUSCULAR BLOCKADE,Anaphylactic reaction,1,0,0
72,81,1,1,RHEUMATOID ARTHRITIS,Pulmonary fibrosis,0,1,0
57,86,1,14,,Liver injury,0,0,0
84,48,2,9,PRURITUS,Dysarthria,1,0,0
55,50.1,2,3,SQUAMOUS CELL CARCINOMA OF HEAD AND NECK,Nausea,1,0,0
27,56.24,2,1,CONTRACEPTION,Device kink,0,0,0
24,55,2,1,MULTIPLE SCLEROSIS,Umbilical cord around neck,0,0,0
68,85,2,6,MULTIPLE SCLEROSIS,Gastrointestinal inflammation,1,0,0
64,98,2,13,MULTIPLE SCLEROSIS,Neck surgery,0,0,0
50,57,2,10,MULTIPLE SCLEROSIS,Balance disorder,1,0,0
18,86.18,1,1,DEPRESSION,Completed suicide,0,1,0
57,122,2,4,SECONDARY PROGRESSIVE MULTIPLE SCLEROSIS,Colon adenoma,1,0,0
53,76,2,1,MULTIPLE SCLEROSIS,Intervertebral disc operation,1,0,0
49,104,1,6,,Pleurisy,1,0,0
33,63.49,2,1,CONTRACEPTION,Vulvovaginal mycotic infection,0,0,0
42,65.32,2,3,ASTHMA,Dyspnoea,1,0,0
74,69,1,10,COLON CANCER,Haematocrit decreased,0,0,0
59,65,1,1,BLADDER CANCER,Intervertebral discitis,0,0,1
19,54.43,2,1,ATTENTION DEFICIT/HYPERACTIVITY DISORDER,Drug ineffective,0,0,0
58,68,2,2,MULTIPLE SCLEROSIS,Prescribed underdose,0,0,0
44,72,1,9,PRODUCT USED FOR UNKNOWN INDICATION,Dyspnoea,0,0,0
1,3.22,2,10,,Foetal exposure during pregnancy,0,0,0
51,109,1,1,,Clonus,1,0,0
48,92,2,14,MULTIPLE SCLEROSIS,Dizziness,0,0,0
38,74,2,1,MULTIPLE SCLEROSIS,Hypoaesthesia,0,0,0
36,94,2,7,MULTIPLE SCLEROSIS,Fatigue,0,0,0
45,69,1,1,ANKYLOSING SPONDYLITIS,Behcet^s syndrome,0,0,0
30,63.5,2,1,WEIGHT DECREASED,Abdominal pain upper,0,0,0
43,113,2,1,MULTIPLE SCLEROSIS,Fatigue,0,0,0
62,72,2,11,MULTIPLE SCLEROSIS,Speech disorder,0,0,0
33,68.04,1,1,NUTRITIONAL SUPPLEMENTATION,Product quality issue,1,0,0
58,99,2,1,MULTIPLE SCLEROSIS,Respiratory disorder,0,0,0
32,56,2,4,MULTIPLE SCLEROSIS,Contusion,0,0,0
18,54.42,2,3,ATTENTION DEFICIT/HYPERACTIVITY DISORDER,Exposure during pregnancy,0,0,0
48,111.13,1,1,ASTHENIA,Haemorrhagic stroke,1,0,0
61,83,1,6,PRODUCT USED FOR UNKNOWN INDICATION,Dyspnoea,0,0,0
39,81.65,2,2,LYME DISEASE,Neuralgia,0,0,1
85,69,1,11,ATRIAL FIBRILLATION,Rectal haemorrhage,1,0,0
64,58.4,1,1,MYELODYSPLASTIC SYNDROME,Pyrexia,1,1,0
26,63,2,2,PRODUCT USED FOR UNKNOWN INDICATION,Headache,0,0,0
45,62.6,2,2,SHORT-BOWEL SYNDROME,Weight decreased,1,0,0
32,78,2,1,CONTRACEPTION,Chest pain,1,0,0
15,59,1,3,ATTENTION DEFICIT/HYPERACTIVITY DISORDER,Derealisation,0,0,0
28,72,1,1,MULTIPLE SCLEROSIS,Rhinorrhoea,0,0,0
33,77,2,8,MULTIPLE SCLEROSIS,Muscular weakness,0,0,0
71,84,1,4,HYPERTENSION,Blood pressure increased,0,0,0
40,70,1,6,,Pyrexia,0,0,0
50,109.77,1,1,HYPOGONADISM,Depression,0,0,0
80,63.95,1,5,ABNORMAL FAECES,Medication residue present,0,0,0
55,80,1,1,ANTICOAGULANT THERAPY,Coagulation time shortened,0,0,0
19,17,1,1,MUCOPOLYSACCHARIDOSIS II,Respiratory arrest,1,0,0
63,102.06,1,4,ARTHRITIS,Arthralgia,0,0,1
14,72.1,2,24,DRUG LEVEL,Tooth infection,1,0,0
66,74.39,2,21,ASTHMA,Heart rate increased,0,0,0
75,94.35,1,10,HYPERTONIC BLADDER,No therapeutic response,0,0,0
31,58.4,2,10,,Off label use,1,0,0
26,67,2,1,MULTIPLE SCLEROSIS,Pyelonephritis,0,0,0
65,75,2,2,DIABETES MELLITUS,Drug reaction with eosinophilia and systemic symptoms,1,0,0
41,81.65,2,7,COAGULOPATHY,Intracardiac thrombus,1,0,1
55,119.8,2,15,,Gangrene,1,0,1
62,60,1,6,COLON CANCER,Hypoglycaemia,0,1,0
85,68.48,1,3,HAEMOGLOBIN DECREASED,Renal failure chronic,0,1,0
53,69,2,3,PAIN,Aphthous stomatitis,0,0,0
23,56.69,2,7,ATTENTION DEFICIT/HYPERACTIVITY DISORDER,Drug ineffective,0,0,0
41,86.18,2,1,PNEUMONIA,Nausea,0,0,0
68,41,1,7,COLON CANCER,Hyperkalaemia,1,0,0
38,145,2,10,,Anaphylactic shock,0,0,0
73,75,1,11,PRODUCT USED FOR UNKNOWN INDICATION,Pneumonia aspiration,1,0,0
37,59.88,2,2,MAJOR DEPRESSION,Drug ineffective,0,0,0
55,60.2,2,5,BREAST CANCER,Fat necrosis,1,0,0
46,96.16,2,3,PULMONARY ARTERIAL HYPERTENSION,Bronchitis,1,0,0
68,102.06,1,1,ARTHRALGIA,Deafness,0,0,1
30,55.79,2,2,COR PULMONALE CHRONIC,Sickle cell anaemia with crisis,1,0,0
32,73,1,15,MENINGOCOCCAL BACTERAEMIA,Nephrogenic systemic fibrosis,0,0,1
53,99.79,2,1,,Diarrhoea,0,0,0
35,49.9,2,1,LOWER RESPIRATORY TRACT INFECTION,Tremor,1,0,0
68,90.7,2,15,PRODUCT USED FOR UNKNOWN INDICATION,Perforated ulcer,1,0,0
63,108.86,1,1,ROSACEA,Ear pain,0,0,1
51,63.5,2,9,BREAST CANCER,Pleural effusion,0,1,0
46,113.23,2,3,BREAST CANCER METASTATIC,Failure to thrive,1,0,0
15,88.45,1,1,PSYCHOTIC DISORDER,Gynaecomastia,1,0,0
30,95.24,2,3,,Central nervous system lesion,0,0,0
66,80,2,19,CHRONIC MYELOID LEUKAEMIA,Hypoxia,1,0,0
63,90,2,6,BLOOD GLUCOSE INCREASED,Gastrointestinal bacterial infection,1,0,0
27,70.75,2,1,PRODUCT USED FOR UNKNOWN INDICATION,Blood glucose increased,1,0,0
52,81,2,12,RELAPSING-REMITTING MULTIPLE SCLEROSIS,Night sweats,1,1,1
70,131.54,1,1,ARTHRALGIA,Feeling abnormal,1,0,0
19,68.04,1,1,ATTENTION DEFICIT/HYPERACTIVITY DISORDER,Erectile dysfunction,0,0,0
36,52,2,4,CONTRACEPTION,Oral surgery,0,0,0
45,75,2,3,FABRY^S DISEASE,Cystitis,0,0,0
91,51.71,2,10,DRUG HYPERSENSITIVITY,Unevaluable event,0,0,0
62,59.42,2,1,HYPERTENSION,Diarrhoea,0,0,1
34,58.97,2,1,URINARY TRACT INFECTION,Urticaria,1,0,0
23,68.04,2,1,ATTENTION DEFICIT/HYPERACTIVITY DISORDER,Eczema,0,0,0
23,72.58,0,1,,Toxic epidermal necrolysis,1,0,1
63,74.84,2,1,HYPERTENSION,Swollen tongue,1,0,0
28,87.09,2,1,CONTRACEPTION,Deep vein thrombosis,1,0,0
68,68.04,2,1,CATARACT OPERATION,Eye pain,0,0,0
39,56.7,2,1,SKIN WRINKLING,Headache,0,0,0
35,55,2,4,MULTIPLE SCLEROSIS,Chest pain,0,0,0
74,104.78,1,1,ATRIAL FIBRILLATION,Eye haemorrhage,0,0,0
78,70,1,1,CHRONIC OBSTRUCTIVE PULMONARY DISEASE,Hypoacusis,0,0,0
30,58.97,2,1,TOOTHACHE,Peritoneal haemorrhage,1,0,0
51,77,2,3,ATTENTION DEFICIT/HYPERACTIVITY DISORDER,Blepharospasm,0,0,0
57,47.63,2,1,SINUSITIS,Hepatitis cholestatic,0,0,1
24,9.16,2,1,PRODUCT USED FOR UNKNOWN INDICATION,Intentional drug misuse,0,0,0
44,58.97,2,1,SINUSITIS,Anxiety,1,0,1
34,56.7,2,2,NAUSEA,Paranoia,0,0,1
79,61.5,2,13,PERIPHERAL ARTERIAL OCCLUSIVE DISEASE,Thrombocytopenic purpura,1,0,0
68,67,1,1,ARTHRALGIA,Eczema,0,0,0
19,110,1,1,ANXIETY,Paraesthesia,1,0,0
27,79,1,1,CYSTIC FIBROSIS,Condition aggravated,1,0,0
51,85,1,3,,Abnormal behaviour,1,0,0
64,79.38,2,2,MUSCLE SPASMS,Nausea,1,0,0
19,74.39,1,1,INFLUENZA,Vomiting,0,0,0
33,74.84,2,1,MIGRAINE PROPHYLAXIS,Vision blurred,0,0,0
40,40.82,2,1,ROSACEA,Rosacea,0,0,0
45,90.72,1,1,GASTROOESOPHAGEAL REFLUX DISEASE,Flatulence,0,0,0
50,64.85,2,4,UTERINE HAEMORRHAGE,Pulmonary embolism,1,0,0
46,74.83,2,14,,Deep vein thrombosis,1,0,0
46,99.77,2,4,CONTRACEPTION,Pulmonary embolism,1,0,0
40,108.86,1,1,HYPERTENSION,Nausea,0,0,0
43,83.08,2,9,,Deep vein thrombosis,1,0,0
40,70.3,2,9,,Pulmonary embolism,1,0,0
30,56.69,2,3,,Pulmonary embolism,1,0,0
30,115.65,2,9,,Portal vein thrombosis,1,0,0
80,81.72,2,3,PLASMA CELL MYELOMA,Toxicity to various agents,0,0,0
9,7.66,2,2,,Venoocclusive liver disease,1,1,0
8,26.7,1,3,INDUCTION OF ANAESTHESIA,Muscle contractions involuntary,0,0,0
90,63.49,2,1,RHEUMATOID ARTHRITIS,Glaucoma,0,0,0
77,126.03,2,73,,Arteriovenous malformation,1,0,0
28,130.9,1,2,DRUG ABUSE,Personality change,0,1,0
68,169,2,3,PLASMA CELL MYELOMA,Unevaluable event,0,0,0
49,80.74,2,3,DEPRESSION,Dizziness,0,0,0
10,54.43,1,1,ATTENTION DEFICIT/HYPERACTIVITY DISORDER,Anxiety,0,0,0
50,94.35,1,1,HYPERCHOLESTEROLAEMIA,Back pain,0,0,0
65,100.23,2,3,,Hepatic cirrhosis,0,0,0
53,90.63,2,2,,Dizziness,0,0,0
13,42.3,2,4,,Alanine aminotransferase increased,1,0,0
22,53,2,5,,Loss of consciousness,0,1,0
54,73.03,2,1,ACUTE MYELOID LEUKAEMIA,Osteomyelitis acute,1,0,0
35,83.99,1,1,CROHN^S DISEASE,Haematochezia,1,0,0
5,20,1,1,INFLUENZA B VIRUS TEST POSITIVE,Abnormal behaviour,0,0,0
45,67,1,13,PSORIASIS,Pustular psoriasis,0,0,0
41,58,1,13,CARDIAC FAILURE CONGESTIVE,Procedural haemorrhage,0,0,0
68,47,1,1,ANAPLASTIC LARGE-CELL LYMPHOMA,Malnutrition,1,0,0
49,79.2,1,8,ANGIOSARCOMA,Pericardial effusion,1,0,0
73,62.14,2,16,RHEUMATOID ARTHRITIS,Chest discomfort,1,0,0
72,92.08,2,13,ACUTE MYELOID LEUKAEMIA,Escherichia urinary tract infection,1,0,0
88,92.08,2,13,ACUTE MYELOID LEUKAEMIA,Device related infection,1,0,0
88,57.61,2,8,ACUTE MYELOID LEUKAEMIA,Cough,1,0,0
57,73.48,1,5,OROPHARYNGEAL PAIN,Drug ineffective,0,0,0
68,81.65,1,3,NEURALGIA,Drug ineffective,0,0,0
80,57.15,2,2,ARTHRALGIA,Application site pain,0,0,0
42,88.45,2,9,PAIN,Drug effect decreased,0,0,0
86,80.29,2,4,BACK PAIN,Weight increased,0,0,0
54,68.95,2,3,PAIN,Drug effect decreased,0,0,0
21,68.04,2,3,PAIN,Application site exfoliation,0,0,0
41,61.24,2,13,OCCIPITAL NEURALGIA,Drug effect decreased,0,0,0
51,55.34,2,3,BACK PAIN,Weight increased,0,0,0
33,111.13,2,10,FIBROMYALGIA,Migraine,0,0,0
62,94.35,1,37,,Drug effect decreased,0,0,0
52,61.01,2,1,MIGRAINE,Medication error,0,0,0
42,41.96,2,7,PAIN,Drug effect decreased,0,0,0
64,86.18,2,15,BACK PAIN,Drug effect decreased,0,0,0
45,79.38,2,1,ABDOMINAL PAIN,Drug effect decreased,0,0,0
69,90.72,1,1,PAIN,Palpitations,0,0,0
27,63.5,1,2,PAIN,Drug effect decreased,0,0,0
72,63,2,6,RHEUMATOID ARTHRITIS,Pneumothorax,1,1,0
78,102.06,2,7,PAIN,Diarrhoea,0,0,0
64,103.42,1,18,PAIN,Drug ineffective,0,0,0
52,48.99,2,1,ABDOMINAL PAIN,Drug ineffective,0,0,0
80,57.2,1,18,,Dyspnoea,1,0,0
74,95.26,1,9,BACK PAIN,Dyspnoea,0,0,0
88,80.74,1,2,PROSTATE CANCER METASTATIC,Malignant neoplasm progression,0,0,0
54,45.36,2,1,BACK PAIN,Drug screen false positive,0,0,0
57,58.06,2,11,PAIN,Drug withdrawal syndrome,0,0,0
65,68.04,2,1,ARTHRALGIA,Nausea,0,0,0
76,90.72,1,1,PAIN,Drug effect increased,0,0,0
71,46.72,2,3,PAIN,Swelling,0,0,0
56,90.72,1,2,BACK PAIN,Oropharyngeal pain,0,0,0
44,80.74,2,10,BACK PAIN,Drug withdrawal syndrome,0,0,0
81,61,1,5,PROSTATE CANCER,Interstitial lung disease,0,1,0
54,108.86,2,1,PAIN,Application site erythema,0,0,0
53,89.36,2,2,CANCER PAIN,Muscular weakness,0,0,0
51,72.58,2,10,ABDOMINAL PAIN,Drug screen positive,0,0,0
49,79.38,2,4,PAIN,Drug ineffective,0,0,0
86,86.64,2,1,PAIN,Laceration,0,0,0
24,66.23,1,4,BACK PAIN,Drug effect decreased,0,0,0
30,63.5,2,2,PAIN,Drug effect decreased,0,0,0
54,72.12,2,6,CANCER PAIN,Drug ineffective,1,0,0
40,60.78,2,3,BACK PAIN,Hepatic lesion,0,0,0
52,54.43,2,7,FIBROMYALGIA,Insomnia,0,0,0
70,79.83,1,1,PAIN,Drug effect increased,0,0,0
55,70.76,2,3,PAIN,Dyspepsia,0,0,0
79,54.43,2,2,BACK PAIN,Vomiting,0,0,0
71,122.47,2,5,PAIN,Initial insomnia,0,0,0
78,58.97,2,9,BACK PAIN,Incorrect drug administration duration,0,0,0
51,42.64,2,4,BACK PAIN,False negative investigation result,0,0,0
72,90.72,2,3,SPINAL PAIN,Drug withdrawal syndrome,0,0,0
54,79.38,2,2,MYALGIA,Drug effect decreased,0,0,0
48,74.84,1,1,PAIN,Drug effect increased,0,0,0
32,90.72,2,2,BACK PAIN,Application site pain,0,0,0
51,85.28,1,6,PAIN,Drug effect decreased,0,0,0
54,69.85,2,11,PAIN,Drug screen negative,0,0,0
78,94.8,2,2,PAIN,Anxiety,0,0,0
53,99.79,2,15,BACK PAIN,Drug ineffective,0,0,0
41,72.58,1,2,PAIN,Drug ineffective,0,0,0
76,63.49,2,2,HORMONE REPLACEMENT THERAPY,Bladder prolapse,0,0,0
66,54.43,2,3,ABDOMINAL PAIN UPPER,Application site pain,0,0,0
44,67.13,2,11,CANCER PAIN,Drug effect decreased,0,0,0
46,58.97,2,7,PAIN,Skin exfoliation,0,0,0
89,68.04,2,2,PAIN,Drug effect decreased,0,0,0
75,68.04,2,1,PAIN,Feeling drunk,0,0,0
55,116.12,1,1,PAIN,Insomnia,0,0,0
35,104.33,2,6,PAIN,Drug screen false positive,0,0,0
55,54.43,2,8,BACK PAIN,Palpitations,0,0,0
45,92.99,2,21,ARTHRALGIA,Drug effect increased,0,0,0
70,191.87,1,9,PAIN,Drug effect decreased,0,0,0
43,75.3,2,3,MUSCULOSKELETAL PAIN,Amenorrhoea,0,0,0
51,77.11,2,7,PELVIC PAIN,Nervousness,0,0,0
71,53.07,2,1,PAIN,Feeling cold,0,0,0
54,51.26,2,2,BACK PAIN,Fall,0,0,0
64,108.86,2,1,PAIN,Drug withdrawal syndrome,0,0,0
68,69,2,18,OVARIAN CANCER,Skin ulcer,1,0,0
22,44,2,1,CONTRACEPTION,Pelvic pain,1,0,0
58,75.3,2,2,,Vomiting,0,0,0
72,77.11,2,6,ARTHRALGIA,Hypoaesthesia,0,0,0
44,54.43,2,6,NECK PAIN,Drug effect decreased,0,0,0
54,47.63,2,2,PAIN,Drug ineffective,0,0,0
35,136.08,2,1,HEADACHE,Drug effect decreased,0,0,0
65,117.94,1,2,PAIN,Drug ineffective,0,0,0
58,70.31,1,2,PAIN,Application site erythema,0,0,0
56,86.18,1,4,BACK PAIN,Drug withdrawal syndrome,0,0,0
60,76.2,1,1,PAIN,Application site erosion,0,0,0
57,77.11,2,1,PAIN,Application site pain,0,0,0
70,94.8,1,2,PAIN,Pain in extremity,0,0,0
31,58.96,2,9,MENORRHAGIA,Uterine perforation,1,0,0
61,68.04,1,1,PAIN,Dysgeusia,0,0,0
51,55.79,2,1,NECK PAIN,Pain in extremity,0,0,0
37,53.52,2,6,BACK PAIN,Drug effect increased,0,0,0
30,77.11,2,1,PAIN,Dyspnoea,0,0,0
56,100,1,7,,Dysphagia,1,0,0
64,73.03,2,1,PAIN,Drug effect increased,0,0,0
53,72.58,2,1,NERVE INJURY,Application site burn,0,0,0
27,110,2,1,CONTRACEPTION,Embedded device,0,0,0
65,97,2,3,PSORIASIS,Invasive ductal breast carcinoma,1,0,0
30,104.33,1,1,PAIN,Drug effect decreased,0,0,0
81,56.7,2,1,BACK PAIN,Drug effect decreased,0,0,0
48,104.33,2,1,CANCER PAIN,False negative investigation result,0,0,0
31,77.11,1,3,PAIN,Drug withdrawal syndrome,0,0,0
42,65.77,2,1,BACK PAIN,Malaise,0,0,0
41,95.26,2,7,PAIN,Drug effect decreased,0,0,0
39,49.9,2,1,PANCREATITIS CHRONIC,Drug effect decreased,0,0,0
68,78,1,1,PSORIASIS,Death,0,1,0
87,82.56,2,2,OSTEOPOROSIS,Drug ineffective,0,0,0
42,84.82,2,11,PAIN,False negative investigation result,0,0,0
66,122.47,2,7,PAIN,Restlessness,0,0,0
46,65.77,2,6,PAIN,Drug withdrawal syndrome,0,0,0
80,60.78,2,2,PAIN,Drug withdrawal syndrome,0,0,0
52,65.77,2,5,BACK PAIN,Pain,0,0,0
66,46.27,2,6,PAIN,Drug effect increased,0,0,0
81,61.24,2,5,BACK PAIN,Rash generalised,0,0,0
74,68.04,2,2,PAIN,Wrong technique in drug usage process,0,0,0
73,117.94,2,1,PAIN,Application site pruritus,0,0,0
52,73.48,2,4,GASTROENTERITIS EOSINOPHILIC,Drug effect decreased,0,0,0
60,99.79,1,4,NECK PAIN,Application site pain,0,0,0
80,59.88,2,2,FIBROMYALGIA,Drug ineffective,0,0,0
47,77.11,1,5,PAIN,Application site erythema,0,0,0
50,77.11,2,1,PAIN,Urticaria,0,0,0
51,61.24,1,6,PAIN,Drug withdrawal syndrome,0,0,0
58,103.87,2,3,PAIN,Drug screen negative,0,0,0
42,56.7,2,1,PAIN MANAGEMENT,Drug effect increased,0,0,0
63,46.27,2,2,SPINAL FUSION SURGERY,Drug withdrawal syndrome,0,0,0
46,53.98,2,5,BACK PAIN,Drug withdrawal syndrome,0,0,0
47,97.98,2,8,FIBROMYALGIA,Application site pain,0,0,0
58,47.17,2,2,PAIN,Application site pain,0,0,0
49,70.31,1,2,PAIN,Drug effect increased,0,0,0
70,66,1,10,TACHYARRHYTHMIA,Epistaxis,1,0,0
65,103.42,2,2,PAIN,Withdrawal syndrome,0,0,0
49,64.41,2,4,BACK PAIN,Drug effect decreased,0,0,0
85,65,2,9,CEREBROVASCULAR ACCIDENT PROPHYLAXIS,Coagulopathy,1,0,0
40,98,1,2,EMBOLISM VENOUS,Shock,0,0,0
64,72.58,2,13,BACK PAIN,Weight increased,0,0,0
6,18.8,2,1,,Infusion related reaction,1,0,0
17,109,1,11,,Psychotic disorder,0,0,0
64,123.6,1,2,STENT PLACEMENT,Angioedema,1,0,0
71,87,1,21,PRODUCT USED FOR UNKNOWN INDICATION,Rash,0,0,0
51,122.47,1,1,PAIN,Product adhesion issue,0,0,0
57,88.91,1,4,PAIN IN EXTREMITY,Drug ineffective,0,0,0
81,35,2,4,CEREBROVASCULAR ACCIDENT PROPHYLAXIS,Sudden death,0,1,0
67,157,2,3,PRODUCT USED FOR UNKNOWN INDICATION,Sedation,0,0,0
58,97,1,2,HEPATITIS C,Staphylococcal abscess,1,0,0
57,70,1,4,CHRONIC HEPATITIS C,Haemoglobin decreased,1,0,0
64,79.38,2,8,ASTHMA,Bronchitis,1,0,1
65,110.5,1,1,GLAUCOMA,Treatment failure,0,0,0
76,71,1,6,ATRIAL FIBRILLATION,Interstitial lung disease,0,0,1
73,77.9,1,1,PAIN,Hallucination,0,0,0
76,70.3,1,1,HYPERLIPIDAEMIA,Myalgia,0,0,0
58,108,1,14,DEEP VEIN THROMBOSIS,Blue toe syndrome,1,0,0
80,106,1,1,PROSTATE CANCER,Death,0,1,0
58,94,1,9,LIVER TRANSPLANT,Hepatic cancer recurrent,1,1,0
86,53,2,9,HYPERTONIC BLADDER,Orthostatic hypotension,1,0,0
82,65,1,9,CEREBROVASCULAR ACCIDENT PROPHYLAXIS,Interstitial lung disease,1,1,0
47,97,2,7,SYSTEMIC LUPUS ERYTHEMATOSUS,Weight increased,0,0,0
75,69,2,6,MYELODYSPLASTIC SYNDROME,Death,1,1,0
31,118,0,6,ANXIETY,Suicidal ideation,1,0,0
64,79,1,8,NON-SMALL CELL LUNG CANCER,Chronic obstructive pulmonary disease,1,0,0
83,52,1,8,CEREBROVASCULAR ACCIDENT PROPHYLAXIS,Interstitial lung disease,0,0,0
78,65,1,2,CEREBROVASCULAR ACCIDENT PROPHYLAXIS,Thalamus haemorrhage,1,0,0
66,63,2,8,HEPATITIS C,Pneumonia,1,0,0
65,181.4,1,1,ATRIAL FIBRILLATION,Epistaxis,0,0,0
81,60,2,9,CEREBROVASCULAR ACCIDENT PROPHYLAXIS,Interstitial lung disease,0,0,0
56,71,1,10,ATRIAL FIBRILLATION,Cerebral infarction,1,0,0
65,60.78,1,1,COR PULMONALE CHRONIC,Drug dose omission,1,0,0
67,96.4,1,9,,Eczema,0,0,0
65,116.4,1,1,ERECTILE DYSFUNCTION,No therapeutic response,0,0,0
60,40.36,2,3,COR PULMONALE CHRONIC,Dyspnoea,1,0,0
51,59,2,3,PULMONARY ARTERIAL HYPERTENSION,Cardiac arrest,1,1,0
57,110,1,2,,Intracardiac thrombus,1,0,0
61,59.87,2,2,CROHN^S DISEASE,Haemoptysis,0,0,0
70,75.29,2,14,TYPE 2 DIABETES MELLITUS,Renal failure,0,0,0
37,83,1,3,,Stevens-Johnson syndrome,0,0,0
15,53.8,1,1,ATTENTION DEFICIT/HYPERACTIVITY DISORDER,Suicidal ideation,0,0,0
54,81.2,2,7,CONVULSION,Convulsion,0,0,0
39,107.96,1,3,FACTOR V LEIDEN MUTATION,Nausea,0,0,0
19,56.7,2,4,CONTRACEPTION,Concussion,0,0,0
25,60.5,2,2,CROHN^S DISEASE,Paraesthesia,0,0,0
50,84,2,2,COLITIS ULCERATIVE,Vaginal haemorrhage,0,0,0
71,78,1,4,BLOOD GLUCOSE INCREASED,Hyperglycaemia,1,0,0
75,124,2,7,,Dialysis related complication,1,1,1
46,61.24,2,2,FIBROMYALGIA,Drug ineffective,0,0,0
10,8.2,1,1,GASTROOESOPHAGEAL REFLUX DISEASE,Liquid product physical issue,0,0,0
74,66,2,44,OVARIAN CANCER STAGE III,Squamous cell carcinoma of the tongue,0,0,1
69,61.8,2,5,OSTEOPOROSIS,Nausea,1,0,0
75,60,2,1,DIABETES MELLITUS,Multi-organ failure,1,0,0
56,68,2,7,LOW DENSITY LIPOPROTEIN INCREASED,Type 2 diabetes mellitus,0,0,0
63,68,2,4,CARDIOVASCULAR EVENT PROPHYLAXIS,Type 2 diabetes mellitus,0,0,0
63,73,2,4,BLOOD TRIGLYCERIDES INCREASED,Type 2 diabetes mellitus,0,0,0
41,59,1,3,ANXIETY,Monoplegia,0,0,0
57,86.17,1,2,SMOKING CESSATION THERAPY,Aphagia,0,0,0
61,58,1,5,RENAL CELL CARCINOMA,Disseminated intravascular coagulation,0,0,0
37,82,2,3,LOW DENSITY LIPOPROTEIN INCREASED,Cardiac disorder,0,0,0
22,77.55,2,1,CONTRACEPTION,Amenorrhoea,0,0,0
62,43.55,2,4,OSTEOMYELITIS,Arthralgia,0,0,0
67,90,1,9,PRODUCT USED FOR UNKNOWN INDICATION,Pleural effusion,1,0,0
76,70.6,1,3,PAIN,Hepatic enzyme increased,0,0,0
20,68.04,1,3,,Chest discomfort,0,0,0
45,60,2,1,LUNG ADENOCARCINOMA,Leukopenia,0,0,0
74,89,1,3,RHEUMATOID ARTHRITIS,Hepatocellular carcinoma,0,1,0
61,106,1,25,STAPHYLOCOCCAL BACTERAEMIA,Dermatitis exfoliative,1,0,0
79,65,2,4,CARDIOVASCULAR EVENT PROPHYLAXIS,Limb injury,0,0,0
39,59,2,1,DEPRESSION,Vitamin D deficiency,0,0,0
50,99.77,1,14,POST-TRAUMATIC STRESS DISORDER,Tachyphrenia,0,0,0
66,70,2,3,BIPOLAR DISORDER,Aggression,1,0,0
39,58.96,2,1,DEPRESSION,Interstitial lung disease,0,0,0
57,68.03,2,4,DEPRESSION,Back disorder,0,0,1
62,49.9,1,1,DEPRESSION,Depression,0,0,0
19,17.6,1,15,,Swelling face,0,0,0
49,79.37,1,12,,Cardiac disorder,0,0,0
58,113.4,1,3,POST HERPETIC NEURALGIA,Spinal cord disorder,0,0,0
79,47,2,5,,Arrhythmia,0,0,0
46,63.05,2,1,DEPRESSION,Depression,0,0,0
56,101,1,4,BLOOD TRIGLYCERIDES ABNORMAL,Cardiac disorder,0,0,0
76,113.38,1,2,,Type 2 diabetes mellitus,0,0,0
62,80.3,2,3,PANIC DISORDER,Hypogammaglobulinaemia,0,0,0
59,68,2,3,,Obesity,0,0,0
34,62.14,2,2,DEPRESSION,Drug ineffective,0,0,0
45,86.17,2,2,RESTLESS LEGS SYNDROME,Dyspnoea,1,0,0
52,99.77,1,1,HYPERLIPIDAEMIA,Diabetes mellitus,0,0,0
52,60,2,1,PNEUMONIA,Mood altered,1,0,0
59,65,2,10,,Inappropriate schedule of drug administration,0,0,0
65,50,2,21,,Herpes zoster,0,0,0
71,98.2,1,1,ATRIAL FIBRILLATION,Atrioventricular block,0,0,0
68,59,2,11,CHRONIC OBSTRUCTIVE PULMONARY DISEASE,Condition aggravated,1,0,0
64,48.3,1,1,HEADACHE,Abdominal pain,1,0,0
40,48.6,2,14,IMMUNOSUPPRESSION,Sepsis,1,0,0
44,65.3,2,1,INTERNATIONAL NORMALISED RATIO INCREASED,Infusion related reaction,0,0,0
64,90.3,1,3,EPILEPSY,Circulatory collapse,0,0,0
59,77,1,4,CHEMOTHERAPY,Atrial fibrillation,0,0,0
64,85,1,12,INFECTION PROPHYLAXIS,Septic shock,1,0,0
80,78.91,2,6,URINARY INCONTINENCE,Peripheral swelling,0,0,0
45,77.1,2,9,BIPOLAR DISORDER,Concussion,0,0,0
60,63,1,17,CROHN^S DISEASE,Pancreatitis,1,0,0
64,89.4,1,3,PLASMA CELL MYELOMA,Swelling face,0,0,0
4,15,2,2,PULMONARY HYPERTENSION,Bone marrow transplant,1,1,0
38,60,2,5,PSORIATIC ARTHROPATHY,Psoriatic arthropathy,1,0,0
28,71.28,2,1,CONTRACEPTION,Device expulsion,0,0,0
35,73.9,1,9,MUCOPOLYSACCHARIDOSIS I,Atrial fibrillation,1,0,0
34,76.27,2,1,CONTRACEPTION,Pelvic pain,0,0,0
63,110.4,2,6,NEOPLASM MALIGNANT,Dyspnoea,0,0,0
50,132.45,1,9,DIABETES MELLITUS,Urinary tract infection,1,0,0
9,25,2,3,CROHN^S DISEASE,Crohn^s disease,1,0,0
69,90.7,1,5,PLASMA CELL MYELOMA,Thrombosis,0,0,0
68,68.04,2,3,MYELODYSPLASTIC SYNDROME,Haemoglobin decreased,0,0,0
47,55,2,4,INVASIVE DUCTAL BREAST CARCINOMA,Carotid artery occlusion,1,0,0
77,138,1,2,PLASMA CELL MYELOMA,Unevaluable event,0,0,0
50,83.92,1,2,PLASMA CELL MYELOMA,Blood creatine increased,0,0,0
53,118,1,1,CROHN^S DISEASE,Colostomy,1,0,0
22,96.7,2,1,POST COITAL CONTRACEPTION,Device dislocation,0,0,0
27,45.4,2,9,HEREDITARY ANGIOEDEMA,Colitis,1,0,0
70,69,1,10,,Gingival pain,0,0,1
70,81.63,2,3,INCONTINENCE,Erythema,0,0,0
44,79.9,2,13,NEOPLASM MALIGNANT,Vasculitis,0,0,0
79,149,1,2,PLASMA CELL MYELOMA,Toxicity to various agents,0,0,0
69,150,1,2,PLASMA CELL MYELOMA,Toxicity to various agents,0,0,0
60,63,1,3,PROSTATE CANCER METASTATIC,Blindness unilateral,1,0,0
73,77,1,1,CHRONIC OBSTRUCTIVE PULMONARY DISEASE,Haemorrhage,1,0,0
0,1.82,1,4,EXPOSURE DURING PREGNANCY,Premature baby,0,0,0
61,108.63,1,11,ATRIAL FIBRILLATION,Gastrointestinal haemorrhage,1,0,0
58,60,2,2,SCHIZOPHRENIA,Psychomotor retardation,0,0,0
73,59,2,2,PLASMA CELL MYELOMA,Deep vein thrombosis,0,0,0
15,72.56,2,1,SEASONAL ALLERGY,Fatigue,0,0,0
78,58.96,2,5,HYPERSENSITIVITY,Palpitations,0,0,0
57,77.11,2,6,IMMUNODEFICIENCY COMMON VARIABLE,Chest pain,0,0,0
59,35,2,1,PERITONEAL DIALYSIS,Death,0,1,0
50,102,2,7,IMMUNODEFICIENCY COMMON VARIABLE,Arthralgia,1,0,0
70,81,1,2,ATRIAL FIBRILLATION,Paraesthesia,0,0,0
53,106.24,2,5,RHEUMATOID ARTHRITIS,Atrial fibrillation,0,0,0
53,54,2,8,RESTLESSNESS,Cerebrovascular accident,0,1,0
55,52,2,2,PERITONEAL DIALYSIS,Death,0,1,0
6,19,1,1,MUCOPOLYSACCHARIDOSIS I,Pneumonia,1,0,0
33,85.35,2,3,CONTRACEPTION,Device dislocation,0,0,0
61,44.95,2,12,ALPHA-1 ANTI-TRYPSIN DEFICIENCY,Sinusitis,0,0,0
60,94.33,2,1,NERVE INJURY,Weight increased,0,0,0
71,77.1,2,2,COMPLEX REGIONAL PAIN SYNDROME,Hypersensitivity,0,0,0
56,95.2,1,2,ANXIETY,Malaise,0,0,0
68,65.76,2,2,FIBROMYALGIA,Pain,0,0,0
48,74.83,2,1,SMOKING CESSATION THERAPY,Nausea,0,0,0
62,80.3,2,3,PANIC DISORDER,Drug ineffective,0,0,0
65,86.17,2,13,FIBROMYALGIA,Myocardial infarction,1,0,0
57,81.63,2,1,SMOKING CESSATION THERAPY,Abnormal dreams,0,0,0
65,64.22,2,3,,Renal failure acute,1,0,0
72,63.5,2,5,HEADACHE,Dry throat,0,0,0
27,64,1,2,HELICOBACTER INFECTION,Oral candidiasis,0,0,0
71,87,1,21,,Malaise,0,0,0
44,120,2,6,HYPERTENSION,Discomfort,0,0,0
59,69,2,2,RHEUMATOID ARTHRITIS,Bronchitis,0,0,0
81,91,1,11,DYSPNOEA,Pruritus,1,0,0
90,63,1,3,ATRIAL FIBRILLATION,Bladder cancer,1,0,0
65,68.03,2,2,MYELOFIBROSIS,Polyp,1,0,0
3,15,1,2,WHEEZING,Urinary retention,1,0,0
45,70,2,5,PRODUCT USED FOR UNKNOWN INDICATION,Anaphylactic reaction,0,0,1
9,19,2,4,ANTIRETROVIRAL THERAPY,Pancreatitis acute,1,1,0
86,73.5,2,5,NARCOLEPSY,Cerebrovascular accident,0,0,0
16,65.83,2,2,POST COITAL CONTRACEPTION,Breast swelling,0,0,0
55,87,1,7,,Acute myocardial infarction,1,0,0
76,67.5,1,19,HYPERTENSION,Ventricular tachycardia,1,0,0
58,107,2,2,FIBROMYALGIA,Cellulitis,1,0,0
75,58,2,7,RENAL CELL CARCINOMA,Pancytopenia,1,0,0
56,85,2,5,CELLULITIS,Peritonitis,0,1,0
66,40,1,16,GASTRIC ULCER,Neutropenia,1,0,0
59,63.4,1,5,HEPATITIS C,Rash,0,0,0
76,91.61,1,7,RENAL CELL CARCINOMA,Disease progression,0,0,0
67,62,1,5,HIV INFECTION,Acute generalised exanthematous pustulosis,1,0,0
69,90.7,1,2,ERECTILE DYSFUNCTION,Drug ineffective,0,0,0
50,49,2,3,NARCOLEPSY,Immunodeficiency common variable,0,0,0
70,105,1,5,METASTATIC RENAL CELL CARCINOMA,Dyspepsia,0,0,0
60,83.92,1,2,PLASMA CELL MYELOMA,Gastrointestinal haemorrhage,0,0,0
54,81.63,2,6,RHEUMATOID ARTHRITIS,Salivary gland pain,0,0,0
65,88.9,2,5,HYPERCHOLESTEROLAEMIA,Muscular weakness,0,0,0
65,73,2,3,BLOOD CHOLESTEROL INCREASED,Type 2 diabetes mellitus,0,0,1
73,50,2,3,HYPOTHYROIDISM,Autoimmune thyroiditis,0,0,0
59,88,2,4,CARDIOVASCULAR EVENT PROPHYLAXIS,Type 2 diabetes mellitus,0,0,0
22,99,1,2,PAIN,Hyperhidrosis,0,0,0
71,97.98,1,12,PLASMA CELL MYELOMA,Transient ischaemic attack,1,0,0
37,92.97,2,3,RHEUMATOID ARTHRITIS,Treatment failure,0,0,0
39,84,1,2,DRUG DEPENDENCE,Drug abuse,0,0,0
72,99.8,1,1,PLASMA CELL MYELOMA,Thrombosis,0,0,0
65,99.77,2,2,VULVOVAGINAL DRYNESS,Dysmenorrhoea,0,0,0
82,90.27,1,6,PLASMA CELL MYELOMA,Full blood count decreased,1,0,0
85,59.9,1,3,,Pleural effusion,1,0,0
61,138,1,22,CHRONIC LYMPHOCYTIC LEUKAEMIA,Myocardial infarction,1,1,0
72,61.22,2,4,HYPERTONIC BLADDER,Abdominal pain upper,0,0,0
68,108.86,1,10,PLASMA CELL MYELOMA,Pulmonary thrombosis,1,0,0
38,77.1,2,5,FIBROMYALGIA,Protein total increased,0,0,0
47,150.6,1,7,TYPE 2 DIABETES MELLITUS,Death,0,1,0
44,77.1,1,9,PAIN IN EXTREMITY,Drug withdrawal syndrome,0,0,0
62,89.3,2,6,PRODUCT USED FOR UNKNOWN INDICATION,Urticaria,0,0,0
66,120.64,2,2,ARTHRITIS,Feeling abnormal,0,0,0
66,108.1,2,5,PLASMA CELL MYELOMA,Atrial fibrillation,1,0,0
61,87.08,2,4,,Drug effect incomplete,0,0,0
55,87.08,2,5,,Drug ineffective,0,0,0
54,81.63,2,1,FIBROMYALGIA,Pneumonia,0,0,0
61,90.7,1,1,NASOPHARYNGITIS,Expired product administered,0,0,0
57,111.11,1,3,SMOKING CESSATION THERAPY,Abnormal dreams,0,0,0
54,72.56,2,1,ANXIETY,Pain in extremity,0,0,0
75,108,1,2,,No adverse event,0,0,0
60,90.7,1,1,DIABETIC NEUROPATHY,Myocardial infarction,1,0,0
60,81.6,2,3,DEPRESSION,Drug ineffective,0,0,0
48,68,2,4,NARCOLEPSY,Electrocardiogram abnormal,1,0,0
61,126.1,1,2,,Drug ineffective,0,0,0
59,80.9,2,14,TYPE 2 DIABETES MELLITUS,Myocardial infarction,1,0,0
71,109.1,1,7,TYPE 2 DIABETES MELLITUS,Myocardial infarction,1,0,0
49,96,2,2,DIABETES MELLITUS,Cerebrovascular accident,1,0,0
52,100,2,1,DIABETES MELLITUS,Myocardial infarction,1,0,0
69,58,2,1,IMMUNE THROMBOCYTOPENIC PURPURA,Pneumonia,1,0,0
72,113.6,2,6,PRODUCT USED FOR UNKNOWN INDICATION,Erythema,0,0,0
56,86.17,1,4,PRODUCT USED FOR UNKNOWN INDICATION,Death,0,1,0
27,108.84,1,5,GAIT DISTURBANCE,Abasia,1,0,0
59,65.2,1,1,PRODUCT USED FOR UNKNOWN INDICATION,Renal cell carcinoma,0,1,0
71,48.5,2,6,RHEUMATOID ARTHRITIS,Pneumocystis jirovecii pneumonia,1,0,0
29,66.8,1,2,RETROVIRAL INFECTION,Hypersensitivity,1,0,0
38,87,2,1,H1N1 INFLUENZA,Death,0,1,0
65,49,1,9,NON-SMALL CELL LUNG CANCER,Haemorrhage intracranial,0,1,0
59,72.56,2,2,,Nausea,0,0,0
88,56.69,2,1,ARTHRITIS,Insomnia,0,0,0
51,63.49,1,3,PAIN,Incorrect drug administration duration,0,0,0
92,54.42,2,1,ARTHRITIS,Vomiting,0,0,0
78,56.69,2,1,BACK PAIN,Incorrect drug administration duration,0,0,0
20,54,2,1,,Extra dose administered,0,0,0
76,90.7,2,2,INCONTINENCE,Oral disorder,0,0,0
57,54.24,2,6,CHRONIC OBSTRUCTIVE PULMONARY DISEASE,Lung adenocarcinoma stage II,1,0,0
77,66,2,19,PLASMA CELL MYELOMA,Amnesia,0,0,0
55,91,2,4,CHRONIC OBSTRUCTIVE PULMONARY DISEASE,Asthma,1,0,0
79,75.75,2,8,MYELODYSPLASTIC SYNDROME,Pancytopenia,0,0,0
89,68,1,2,CHRONIC OBSTRUCTIVE PULMONARY DISEASE,Head and neck cancer,1,0,0
77,48.1,1,11,DIABETES MELLITUS,Interstitial lung disease,1,0,1
72,70.3,2,21,PLASMA CELL MYELOMA,Thrombocytopenia,0,0,1
71,91,1,2,NASOPHARYNGITIS,Gastric haemorrhage,0,0,0
55,76.55,2,3,PULMONARY ARTERIAL HYPERTENSION,Death,0,1,0
57,92.99,1,1,PLASMA CELL MYELOMA,Hypersensitivity,0,0,0
52,93,1,6,COLITIS ULCERATIVE,Oral lichen planus,0,0,0
77,89.3,2,7,OSTEOARTHRITIS,Coma,1,0,0
77,87,2,10,ACUTE CORONARY SYNDROME,Gallbladder disorder,1,0,0
44,56.7,2,6,,Sinusitis,0,0,0
62,54.42,2,17,IMMUNOSUPPRESSANT DRUG THERAPY,Haemoglobin decreased,0,0,0
24,84,1,4,SPINAL PAIN,Spinal pain,1,0,0
49,75,2,2,LOW DENSITY LIPOPROTEIN INCREASED,Type 2 diabetes mellitus,0,0,0
64,117.91,1,1,HYPERTONIC BLADDER,Postoperative thrombosis,0,0,0
65,50,2,1,,Throat cancer,0,1,0
53,78,2,6,RHEUMATOID ARTHRITIS,Myelodysplastic syndrome,1,0,0
69,102.2,2,11,PLASMA CELL MYELOMA,Memory impairment,0,0,0
56,96.16,1,9,PLASMA CELL MYELOMA,Rheumatoid arthritis,0,0,0
56,125.9,1,14,RENAL CELL CARCINOMA,Pyrexia,1,0,0
60,99.8,2,16,PLASMA CELL MYELOMA,Diarrhoea,0,0,0
41,85,1,1,DIABETES MELLITUS,Cardiac disorder,1,0,0
64,170,2,1,THROMBOSIS,Renal cancer,0,0,0
65,102.04,1,5,,Arrhythmia,1,0,0
53,90.7,2,11,GAIT DISTURBANCE,Dysstasia,0,0,0
61,101,1,18,PRODUCT USED FOR UNKNOWN INDICATION,Pneumonitis,1,0,0
91,81.63,1,1,TYPE 2 DIABETES MELLITUS,Gastrolithiasis,1,0,0
39,58.11,2,2,CONTRACEPTION,Anxiety,0,0,0
88,41,2,1,ATRIAL FIBRILLATION,Coagulation time prolonged,0,0,0
75,78,1,3,LUNG NEOPLASM MALIGNANT,Acute pulmonary oedema,1,1,0
46,72,1,3,,Skin ulcer,1,0,0
50,77.2,1,12,RENAL TRANSPLANT,Pseudarthrosis,1,0,0
82,72.11,2,6,HYPERTONIC BLADDER,Off label use,0,0,0
56,74.91,1,1,INFLUENZA,Product taste abnormal,0,0,0
70,56.24,2,9,,Abasia,0,0,0
63,90.7,1,1,SEXUAL DYSFUNCTION,Arthropathy,0,0,0
78,40,2,1,RENAL CANCER,Cardiac failure,1,0,0
71,100.79,1,8,PROSTATE CANCER,Seizure like phenomena,1,0,0
15,54.43,1,4,FOOD ALLERGY,Injection site laceration,0,0,0
83,68.04,2,1,ARTHRITIS,Coordination abnormal,0,0,1
86,70,1,7,HYPERTENSION,Eczema,1,0,0
29,55,2,2,GASTROOESOPHAGEAL REFLUX DISEASE,Depression,0,0,0
06,22.2,2,3,PULMONARY ARTERIAL HYPERTENSION,Catheter site extravasation,1,0,0
67,62.59,2,2,COR PULMONALE CHRONIC,Epistaxis,1,0,0
48,79.37,2,3,COR PULMONALE CHRONIC,Device dislocation,1,0,0
71,88.44,1,1,ERECTILE DYSFUNCTION,Drug ineffective,0,0,0
71,77.1,2,2,COMPLEX REGIONAL PAIN SYNDROME,Paraesthesia,0,0,0
62,54.88,2,3,RHEUMATOID ARTHRITIS,Arthralgia,0,0,0
68,76.19,2,4,CONVULSION,Nightmare,0,0,0
66,77.56,1,1,COR PULMONALE CHRONIC,Fall,1,0,0
77,80,2,1,DIABETIC NEUROPATHY,Back pain,0,0,0
52,99.77,1,1,DIABETIC NEUROPATHY,Tinnitus,0,0,0
56,73.48,2,3,COR PULMONALE CHRONIC,Death,1,1,0
50,95.24,2,3,NERVE INJURY,Pain,0,0,0
68,76.19,2,6,CONVULSION,Nightmare,0,0,0
66,86.17,2,13,FIBROMYALGIA,Pain,0,0,0
61,68.03,2,3,COR PULMONALE CHRONIC,Device related infection,1,0,0
48,83.9,2,12,SMOKING CESSATION THERAPY,Drug interaction,0,0,0
66,78,1,3,SLEEP DISORDER,Rib fracture,0,0,0
64,113.38,1,6,BIPOLAR I DISORDER,Convulsion,0,0,0
60,81,2,4,CONGENITAL CYSTIC KIDNEY DISEASE,Chest pain,1,0,0
82,65.76,2,2,STRESS URINARY INCONTINENCE,Inappropriate schedule of drug administration,0,0,0
79,82,2,5,COMPRESSION FRACTURE,Neoplasm malignant,1,1,0
61,65.77,2,3,ARTHROPOD STING,Wrong technique in drug usage process,0,0,0
77,62,1,3,,Oesophageal haemorrhage,1,0,0
54,68,2,10,PRODUCT USED FOR UNKNOWN INDICATION,Colitis,1,0,0
74,69.92,1,4,ASTHMA,Wheezing,0,0,0
36,105.78,2,4,CONTRACEPTION,Pregnancy with contraceptive device,0,0,0
61,69,1,3,HEPATITIS C,Abdominal distension,0,1,0
72,63.5,2,5,HEADACHE,Dry mouth,0,0,0
66,56.69,2,9,URINARY INCONTINENCE,Application site rash,0,0,0
48,97.96,1,1,,Drug hypersensitivity,0,0,0
70,96.9,2,25,,Vomiting,1,0,0
49,94,2,1,NON-SMALL CELL LUNG CANCER,VIth nerve disorder,1,0,1
71,57,2,3,ANALGESIC THERAPY,Nausea,0,0,0
23,54,2,2,CROHN^S DISEASE,Intestinal perforation,1,0,0
26,86.26,2,2,CONTRACEPTION,Device dislocation,0,0,0
4,2.59,1,6,HYPOGLYCAEMIA,Acidosis,1,0,0
86,72.56,2,1,INCONTINENCE,Urinary retention,0,0,0
81,57.61,2,1,PSORIASIS,Eye burns,0,0,0
21,65.83,2,2,POST COITAL CONTRACEPTION,Menstruation irregular,0,0,0
22,145,1,3,,Urticaria,0,0,0
80,86.17,1,1,DIABETES MELLITUS,Arthropathy,0,0,0
3,25,2,2,INFLUENZA,Hallucination,1,0,0
59,52,2,15,MYOCARDIAL INFARCTION,Lipoma,1,0,0
72,63.5,2,5,HEADACHE,Dry mouth,0,0,0
23,68.1,2,1,POST COITAL CONTRACEPTION,Menstruation irregular,0,0,0
32,109.72,2,3,ANXIETY,Negative thoughts,0,0,0
47,55,2,4,INVASIVE DUCTAL BREAST CARCINOMA,Carotid artery occlusion,1,0,0
38,52,2,1,HYPERPROLACTINAEMIA,Acute myocardial infarction,1,0,0
30,74.83,1,1,BACK INJURY,Vision blurred,0,0,0
64,98.41,1,2,,Drug hypersensitivity,0,0,0
63,98,1,5,COLON CANCER METASTATIC,Infected skin ulcer,0,0,0
35,70,2,3,PULMONARY ARTERIAL HYPERTENSION,Dyspnoea,1,0,0
73,141,2,3,ASTHMA,Muscle spasms,0,0,0
19,44,1,1,CROHN^S DISEASE,Tooth crowding,0,0,0
26,68.1,2,2,POST COITAL CONTRACEPTION,Inappropriate schedule of drug administration,0,0,0
48,70.82,2,4,PSORIASIS,Loss of consciousness,1,0,0
41,68.93,2,1,DEPRESSION,Influenza,0,0,0
49,86.17,1,1,,Bruxism,0,0,0
52,78.46,2,7,SMOKING CESSATION THERAPY,Pruritus,0,0,0
83,73,1,4,ESSENTIAL HYPERTENSION,Oxygen consumption increased,0,0,1
56,69.84,1,1,ERECTILE DYSFUNCTION,Drug ineffective,0,0,0
86,62.1,2,3,ATROPHIC VULVOVAGINITIS,Vulvovaginal pain,0,0,0
67,112.9,2,2,PULMONARY ARTERIAL HYPERTENSION,Pneumonia,1,0,0
50,87,2,18,NEUROPATHY PERIPHERAL,Neuropathy peripheral,0,0,0
56,95.2,2,2,COR PULMONALE CHRONIC,Disorientation,1,1,0
1,2.15,2,2,DEPRESSION,Small for dates baby,0,0,0
68,89,1,2,HYPERTENSION,Alveolitis,1,0,0
3,12.7,2,2,HYPERSENSITIVITY,Accidental overdose,0,0,0
44,75,1,3,CROHN^S DISEASE,Nausea,1,0,0
40,70,1,9,ANKYLOSING SPONDYLITIS,Pain in extremity,0,0,0
66,79,2,9,RHEUMATOID ARTHRITIS,Death,1,1,0
76,83,1,1,ATRIAL FIBRILLATION,Necrosis,0,0,0
21,51.3,2,1,POST COITAL CONTRACEPTION,Meniere^s disease,0,0,0
83,49.44,2,10,CHRONIC OBSTRUCTIVE PULMONARY DISEASE,Deafness unilateral,0,0,0
45,78,1,1,DIABETES MELLITUS,Lactic acidosis,0,1,0
38,52,2,5,BREAST CANCER,Chest pain,0,0,0
62,62,2,17,HEPATITIS C,Hepatic failure,1,0,0
71,62,2,1,HYPERTENSION,Dyspnoea,0,0,0
45,96.61,2,5,ANXIETY,Anger,0,0,0
30,68.1,2,1,POST COITAL CONTRACEPTION,Menstruation irregular,0,0,0
30,95.24,2,1,CONTRACEPTION,Device breakage,0,0,0
27,68.1,1,9,CROHN^S DISEASE,Intestinal stenosis,1,0,0
57,95.25,1,1,HYPERCHOLESTEROLAEMIA,Painful ejaculation,0,0,1
58,100,1,4,TYPE 2 DIABETES MELLITUS,Pancreatic carcinoma,1,0,0
12,7,1,6,MUCOPOLYSACCHARIDOSIS VI,Pneumonia,1,0,0
60,65,1,2,RHEUMATOID ARTHRITIS,Prostatitis,0,0,0
74,74,2,5,GASTROOESOPHAGEAL REFLUX DISEASE,Liver function test abnormal,0,0,0
49,57.5,1,18,CROHN^S DISEASE,Renal pelvis fistula,1,0,0
79,74.83,2,9,HYPERTONIC BLADDER,Blister,0,0,0
9,37,2,1,PRECOCIOUS PUBERTY,Optic neuritis,1,0,0
87,72.56,1,4,HYPERCHLORHYDRIA,Wrong technique in drug usage process,0,0,0
79,56,2,13,FEBRILE NEUTROPENIA,Septic shock,0,1,0
65,72.6,2,6,BLOOD CHOLESTEROL,Epistaxis,0,0,0
50,55,2,4,CONTRACEPTION,Invasive lobular breast carcinoma,1,0,0
64,59,2,12,GASTROOESOPHAGEAL REFLUX DISEASE,Ovarian cancer,1,0,0
55,60,2,3,ACUTE CORONARY SYNDROME,Thrombosis in device,0,0,0
60,92.1,2,10,GASTROOESOPHAGEAL REFLUX DISEASE,Thyroid disorder,0,0,0
32654,60,2,8,DYSLIPIDAEMIA,Interstitial lung disease,1,1,0
58,100.34,1,9,NASOPHARYNGITIS,Atrial fibrillation,0,0,0
25,25.2,1,2,MUCOPOLYSACCHARIDOSIS IV,Angina pectoris,0,0,0
4,.45,0,1,PREMATURE BABY,Infection,1,0,0
379,58,2,10,SCHIZOPHRENIA,Drug ineffective,0,0,0
46,93.6,2,6,BREAST CANCER,Bladder cancer,0,0,0
30,61.22,2,2,CONTRACEPTION,Crying,0,0,0
62,53.12,2,64,,Lung infiltration,1,0,0
71,70.37,2,2,PLASMA CELL MYELOMA,Toxicity to various agents,0,0,0
50,47.62,2,4,POUCHITIS,Clostridium difficile infection,1,0,0
76,97.61,1,3,PLASMA CELL MYELOMA,Unevaluable event,0,0,0
70,99,1,4,ATRIAL FIBRILLATION,Localised infection,1,0,0
69,185,1,1,PLASMA CELL MYELOMA,Unevaluable event,0,0,0
13,33.8,1,7,PRODUCT USED FOR UNKNOWN INDICATION,Asthma,1,0,0
76,85,2,18,,Agranulocytosis,1,0,0
16,65,2,13,CROHN^S DISEASE,Anaphylactic reaction,0,0,0
82,71.5,2,16,PLASMA CELL MYELOMA,Injury,1,0,0
76,70,2,1,RHEUMATOID ARTHRITIS,Cataract,0,0,0
2,14.7,1,5,RENAL FAILURE CHRONIC,Anaemia,0,0,0
69,65,2,2,OSTEOPOROSIS,Hot flush,0,0,0
81,45.35,2,3,OSTEOPOROSIS POSTMENOPAUSAL,Rash pruritic,0,0,0
75,90,2,9,PRODUCT USED FOR UNKNOWN INDICATION,Anxiety,1,0,0
51,92,1,4,TYPE 2 DIABETES MELLITUS,Pancreatic pseudocyst,1,0,0
18,49.89,2,1,CONTRACEPTION,Metrorrhagia,0,0,0
14,37,1,9,PRODUCT USED FOR UNKNOWN INDICATION,Spinal fracture,1,0,0
73,88.44,2,7,,Gallbladder disorder,0,0,0
78,62,2,3,GLAUCOMA,Drug ineffective,0,0,0
10,28.7,1,2,BODY HEIGHT BELOW NORMAL,Conjunctivitis,0,0,0
67,49.94,2,12,NON-SMALL CELL LUNG CANCER,Brain neoplasm,1,0,0
52,65,2,3,,Progressive multifocal leukoencephalopathy,1,0,0
33,90,2,1,MULTIPLE SCLEROSIS,Pyrexia,0,0,0
45,85,2,7,MULTIPLE SCLEROSIS,Swelling,0,0,0
13,37.92,1,5,,Diarrhoea,0,0,0
72,51.3,2,6,MYCOBACTERIUM AVIUM COMPLEX INFECTION,Weight decreased,0,0,0
64,60,2,5,RHEUMATOID ARTHRITIS,Bile duct stone,1,0,0
12,49.71,1,2,GROWTH HORMONE DEFICIENCY,Vitamin D decreased,0,0,0
69,78,1,17,RHEUMATOID ARTHRITIS,Diverticular perforation,1,0,0
54,45,2,6,BREAST CANCER,Vomiting,0,1,0
68,62.58,1,1,NEOPLASM MALIGNANT,Palpitations,1,0,0
39,69.7,1,2,INDUCTION OF ANAESTHESIA,Hypocalcaemia,1,0,0
75,74,2,1,MALIGNANT MELANOMA,Dermatitis allergic,1,0,0
75,75,1,10,,Lung cancer metastatic,1,1,0
59,65,1,34,,Renal failure,0,0,0
70,56,1,18,PRODUCT USED FOR UNKNOWN INDICATION,Hypersensitivity vasculitis,1,0,0
52,111.13,2,2,PRODUCT USED FOR UNKNOWN INDICATION,Renal failure,1,0,0
62,147.19,1,10,TYPE 2 DIABETES MELLITUS,Nephrolithiasis,0,0,0
6,127.01,1,2,COLITIS ULCERATIVE,Arthralgia,1,0,0
70,60,2,2,PSORIATIC ARTHROPATHY,Pneumonia,0,0,0
44,76,1,2,ANKYLOSING SPONDYLITIS,Pulmonary tuberculosis,1,0,0
27,57.9,2,2,COLITIS ULCERATIVE,Mastitis,0,0,0
56,68.3,2,6,OSTEOPOROSIS POSTMENOPAUSAL,Nausea,0,0,0
70,81,1,4,PRODUCT USED FOR UNKNOWN INDICATION,Colonoscopy,1,0,0
85,48,2,17,PRODUCT USED FOR UNKNOWN INDICATION,Thrombophlebitis superficial,0,0,0
90,88,1,1,PRODUCT USED FOR UNKNOWN INDICATION,Subdural haemorrhage,1,0,0
74,94.8,1,7,CEREBROVASCULAR ACCIDENT PROPHYLAXIS,Renal impairment,0,0,0
44,99.79,2,6,PRODUCT USED FOR UNKNOWN INDICATION,Vomiting,0,0,1
73,97.96,1,6,DEEP VEIN THROMBOSIS,Age-related macular degeneration,0,0,0
35,78.46,2,3,BACK PAIN,Headache,0,0,0
67,88.45,1,2,CEREBROVASCULAR ACCIDENT PROPHYLAXIS,Pulmonary alveolar haemorrhage,1,0,0
63,97,1,3,PSORIASIS,Acute left ventricular failure,0,1,0
33,80,1,2,PSORIASIS,Herpes zoster,0,0,0
43,92.99,2,1,PSORIASIS,Visual field defect,0,0,1
45,60,2,9,,Acute hepatic failure,1,1,0
86,59.02,2,26,CHRONIC LYMPHOCYTIC LEUKAEMIA,Quadriparesis,1,0,0
61,57.66,2,25,,Drug hypersensitivity,0,0,0
35,144,2,1,PLASMA CELL MYELOMA,Unevaluable event,0,0,0
67,160,1,2,PLASMA CELL MYELOMA,Toxicity to various agents,0,0,0
84,66.28,1,19,PLASMA CELL MYELOMA,Chronic obstructive pulmonary disease,1,0,0
50,96.25,1,10,NARCOLEPSY,Hepatic neoplasm,0,0,0
33,103.97,2,2,CONTRACEPTION,CSF test abnormal,0,0,0
55,54.42,2,8,SINUSITIS,Hypersensitivity,0,0,0
5,17.69,1,5,ATTENTION DEFICIT/HYPERACTIVITY DISORDER,Tic,0,0,0
62,130,2,2,PLASMA CELL MYELOMA,Unevaluable event,0,0,0
72,59.02,1,2,PLASMA CELL MYELOMA,Toxicity to various agents,0,0,0
69,86.26,1,9,PLASMA CELL MYELOMA,Plasma cell myeloma,0,1,0
59,86.18,1,2,BLOOD TESTOSTERONE DECREASED,Convulsion,1,1,0
73,80,1,17,RHEUMATOID ARTHRITIS,Interstitial lung disease,1,0,0
53,89.36,2,2,MUSCULOSKELETAL PAIN,Panic attack,0,0,0
75,94,2,1,,Cerebral haemorrhage,0,1,0
8,38.1,2,1,ATTENTION DEFICIT/HYPERACTIVITY DISORDER,Drug ineffective,0,0,0
59,89.81,2,3,PAIN,Insomnia,0,0,1
77,97,1,2,ATRIAL FIBRILLATION,Epistaxis,0,1,0
52,109.77,1,15,TYPE 2 DIABETES MELLITUS,Pancreatic carcinoma,0,1,0
86,77,2,1,,Fall,0,1,0
27,72,1,2,ATTENTION DEFICIT/HYPERACTIVITY DISORDER,Dyspnoea,1,0,0
57,77.11,2,1,DEPRESSION,Dizziness,0,0,0
57,108.86,1,1,GASTRIC BYPASS,Pyrexia,1,0,1
9,7.66,2,2,,Venoocclusive liver disease,1,0,0
49,83.46,2,1,DEEP VEIN THROMBOSIS,Headache,0,0,1
54,54.43,2,1,ONYCHOMYCOSIS,Nausea,0,0,1
69,68,1,13,B-CELL LYMPHOMA,Hypophosphataemia,1,0,0
60,120,1,16,GLYCOGEN STORAGE DISEASE TYPE II,Dyspepsia,0,0,0
28,65,2,3,EMBOLISM VENOUS,Dyspnoea,0,0,0
64,79.83,1,4,DEEP VEIN THROMBOSIS,Hypotension,1,0,0
30,61.24,2,1,CONTRACEPTION,Vertigo,0,0,0
51,50.8,2,1,HYPERTENSION,Abdominal pain upper,0,0,1
60,77.11,2,1,BOWEL PREPARATION,Acute phosphate nephropathy,0,0,1
52,85.73,0,4,AUTISM,Aggression,0,0,0
53,81.19,2,6,HYPERTHYROIDISM,Panic attack,0,0,0
8,26,1,1,APLASTIC ANAEMIA,Product substitution issue,0,0,0
77,85,1,8,COLON CANCER,Melaena,1,0,0
38,105,1,5,CHRONIC MYELOID LEUKAEMIA,Vision blurred,1,0,0
62,54.48,2,8,PLASMA CELL MYELOMA,Back disorder,0,0,0
30,84,1,8,,Rash,0,0,0
92,79.38,2,1,ATRIAL FIBRILLATION,Haematemesis,1,0,0
64,48,2,5,SCHIZOPHRENIA,Glycosylated haemoglobin increased,0,0,0
64,65.83,1,3,PLASMA CELL MYELOMA,Hypercalcaemia,1,0,0
68,108.86,2,1,HYPERTENSION,Nausea,1,0,0
19,72.58,1,1,,Erection increased,1,0,0
37,61,2,3,GLYCOGEN STORAGE DISEASE TYPE II,Influenza like illness,1,0,0
53,106.6,2,7,RHEUMATOID ARTHRITIS,Sebaceous carcinoma,0,0,0
39,106.3,1,1,PSORIASIS,Appendicitis,1,0,0
54,87,2,10,RHEUMATOID ARTHRITIS,Pneumonia cryptococcal,1,0,0
61,62.14,2,19,TYPE 2 DIABETES MELLITUS,Pancreatitis acute,0,0,0
39,114.31,2,1,BREAST CANCER,Pyrexia,1,0,0
78,83.92,2,6,DIABETIC RETINAL OEDEMA,Lung carcinoma cell type unspecified stage III,0,0,0
55,78,1,2,IMMUNOSUPPRESSION,Cardiac arrest,0,1,0
80,77.18,2,3,PLASMA CELL MYELOMA,Toxicity to various agents,0,0,0
73,113.4,1,19,DIABETIC RETINAL OEDEMA,Cardiac arrest,0,0,0
75,168,2,2,PLASMA CELL MYELOMA,Toxicity to various agents,0,0,0
31,122,2,4,GLYCOGEN STORAGE DISEASE TYPE II,Influenza like illness,0,0,0
78,61.29,2,2,PLASMA CELL MYELOMA,Toxicity to various agents,0,0,0
22,50,2,1,,Chromaturia,0,0,0
48,47,2,3,RHEUMATOID ARTHRITIS,Salmonella sepsis,1,0,0
12,30,1,6,Glycogen storage disease type II,Chronic recurrent multifocal osteomyelitis,2,2,2
69,68,2,11,RHEUMATOID ARTHRITIS,Adenocarcinoma gastric,1,0,0
31,61,2,6,ANKYLOSING SPONDYLITIS,Laryngeal oedema,0,0,0
34,61.24,2,1,WEIGHT CONTROL,Flushing,0,0,0
72,44,1,21,MYELODYSPLASTIC SYNDROME,Pneumonia,0,1,0
80,71,1,10,PROSTATE CANCER,Altered state of consciousness,0,1,0
31,42.64,2,1,WEIGHT CONTROL,Flushing,0,0,0
78,70.8,2,8,CYSTIC FIBROSIS,Panic disorder,0,0,0
42,74,1,3,ACUTE LYMPHOCYTIC LEUKAEMIA,Somnolence,1,0,0
60,65,1,2,ACUTE LYMPHOCYTIC LEUKAEMIA,Pancytopenia,1,1,0
84,62.6,2,5,PLASMA CELL MYELOMA,Dementia Alzheimer^s type,0,0,0
22,70,1,2,ACUTE LYMPHOCYTIC LEUKAEMIA,Cerebral haemorrhage,1,1,0
38,60,2,6,PROPHYLACTIC CHEMOTHERAPY,Hyperbilirubinaemia,1,0,1
48,75,1,1,HYPERCHOLESTEROLAEMIA,Palpitations,0,0,1
57,95.25,1,1,HYPERCHOLESTEROLAEMIA,Painful ejaculation,0,0,1
51,92,1,4,TYPE 2 DIABETES MELLITUS,Pancreatic pseudocyst,1,0,0
72,63.5,2,5,HEADACHE,Dry mouth,0,0,0
68,88.9,2,5,INSOMNIA,Agitation,0,0,0
70,65,2,3,STRESS URINARY INCONTINENCE,Diverticulitis,1,0,0
48,96.1,1,11,PRODUCT USED FOR UNKNOWN INDICATION,Proteinuria,0,0,1
66,65.5,2,5,,Dysphagia,1,0,0
62,65,2,89,INSOMNIA,Paraplegia,1,1,1
66,79.37,2,2,TYPE 2 DIABETES MELLITUS,Pancreatic carcinoma,1,1,0
90,39,2,17,DEMENTIA,Sudden death,1,1,0
76,98.6,2,1,TYPE 2 DIABETES MELLITUS,Pancreatitis,1,0,0
17,45,2,12,GLYCOGEN STORAGE DISEASE TYPE II,Tetany,1,0,0
12,22.4,2,2,GROWTH HORMONE DEFICIENCY,Scoliosis,0,0,0
62,114,1,6,TYPE 2 DIABETES MELLITUS,Pancreatic carcinoma,0,1,0
26,80,2,4,RHEUMATOID ARTHRITIS,Systemic lupus erythematosus,1,0,0
71,60,2,5,BREAST CANCER,Myalgia,0,0,0
50,60,2,4,COLORECTAL CANCER METASTATIC,Dysphagia,1,1,0
90,61,1,2,DEPRESSION,Jaundice,0,0,0
48,86,1,1,COLON CANCER,Subclavian vein thrombosis,1,0,0
74,69.8,2,11,PLASMA CELL MYELOMA,Humerus fracture,1,0,0
65,68.2,1,10,,Prerenal failure,1,0,0
80,160,1,2,PLASMA CELL MYELOMA,Toxicity to various agents,0,0,0
33,60.38,2,4,CONTRACEPTION,Dysmenorrhoea,0,0,0
32,64,2,26,,Exposure during pregnancy,0,0,0
35,78,2,7,,Abortion,0,0,0
30,66,2,2,ABORTION,Exposure during pregnancy,0,0,0
32,53,2,8,,Genital infection female,0,0,0
28,94,2,9,IMMUNODEFICIENCY COMMON VARIABLE,Habitual abortion,0,0,0
26,59,2,4,COMBINED IMMUNODEFICIENCY,Exposure during pregnancy,0,0,0
16,50.6,2,10,GLYCOGEN STORAGE DISEASE TYPE II,Pain,1,0,0
45,53,1,3,CROHN^S DISEASE,Intestinal stenosis,1,0,0
77,71.4,2,1,,Hyponatraemia,0,0,0
96,70,1,1,HYPERTENSION,Haematocrit decreased,1,0,0
77,89.3,2,12,OSTEOARTHRITIS,Coma,1,0,0
41,58,2,1,UTERINE HAEMORRHAGE,Deep vein thrombosis,0,0,0
9,27.5,1,2,,Abdominal pain,1,0,0
2,11.9,1,2,,Venoocclusive liver disease,1,0,0
54,66,1,2,,Dysstasia,1,0,0
16,50.6,2,10,GLYCOGEN STORAGE DISEASE TYPE II,Musculoskeletal chest pain,1,0,0
25,45,1,6,TUBERCULOSIS,Substance-induced psychotic disorder,1,1,0
1,3.6,1,5,GASTROOESOPHAGEAL REFLUX DISEASE,Frequent bowel movements,0,0,0
48,58.2,2,1,,Dizziness,1,0,0
69,60.84,2,2,COLORECTAL CANCER,Skin discolouration,1,0,0
60,102,1,13,CELLULITIS,Renal failure acute,0,0,0
16,51.3,2,19,GLYCOGEN STORAGE DISEASE TYPE II,Pain,1,0,0
62,106,1,4,,Pruritus,0,0,0
57,90.72,1,2,ATTENTION DEFICIT/HYPERACTIVITY DISORDER,Product substitution issue,0,0,0
62,65,1,1,VITAMIN SUPPLEMENTATION,Back pain,1,0,0
17,55.45,2,11,ARTHRALGIA,Pain,1,0,0
45,78.4,1,3,SECONDARY HYPERTHYROIDISM,Cardio-respiratory arrest,1,0,0
33,94.33,2,2,CONTRACEPTION,Device defective,1,0,0
33,67.7,1,2,VOMITING,Respiratory distress,0,0,0
71,68,0,2,,Muscle spasms,0,0,0
49,92.5,1,8,BLOOD TESTOSTERONE DECREASED,Acute myocardial infarction,1,0,0
50,34,1,10,PERITONEAL DIALYSIS,Death,0,1,0
61,72.12,1,3,DEEP VEIN THROMBOSIS,Thrombosis,0,0,0
15,103,2,4,PSORIATIC ARTHROPATHY,Psoriasis,0,0,0
68,82.55,1,3,DYSURIA,Atrial fibrillation,0,0,0
47,49,2,4,PULMONARY EMBOLISM,Pulmonary embolism,0,0,0
80,62.2,0,1,ATRIAL FIBRILLATION,Gastric cancer,0,0,0
49,99,2,3,PSORIASIS,Arthralgia,0,0,0
78,40,2,5,COLITIS ULCERATIVE,VIIth nerve paralysis,0,0,0
84,81.63,1,4,THROMBOSIS PROPHYLAXIS,Blood urine present,0,0,0
52,89,2,13,HYPERTENSION,Cataract,0,0,0
63,82,2,1,THROMBOSIS,Haematochezia,1,0,0
87,50,2,11,ATRIAL FIBRILLATION,Oesophageal mucosal dissection,0,0,0
39,83.01,2,3,PULMONARY EMBOLISM,Thrombocytopenia,0,0,0
67,71,1,5,PROPHYLAXIS AGAINST GASTROINTESTINAL ULCER,Diarrhoea,0,0,0
85,133.81,2,1,HYPOKALAEMIA,Vomiting,0,0,0
44,99.79,2,6,PRODUCT USED FOR UNKNOWN INDICATION,Burning sensation,0,0,1
51,59,2,3,CONVULSION,Neutropenia,1,0,0
33,65.77,1,2,PSYCHOTHERAPY,Panic attack,0,0,0
33,55.84,2,2,CONTRACEPTION,Device dislocation,0,0,0
70,73,1,1,CHRONIC OBSTRUCTIVE PULMONARY DISEASE,Hypertension,0,0,0
45,69.6,2,5,,Anaphylactic reaction,0,0,1
27,63.5,2,2,PRURITUS,Urticaria,0,0,0
63,85,2,5,,Dyspnoea,0,0,0
52,57,2,1,GASTROINTESTINAL STROMAL TUMOUR,Blood creatine phosphokinase increased,1,0,0
28,57,2,1,CONTRACEPTION,Anxiety,1,0,0
35,68.03,2,1,CONTRACEPTION,Uterine perforation,1,0,0
22,90.7,2,1,CONTRACEPTION,Pelvic pain,1,0,0
56,57.8,2,2,CROHN^S DISEASE,Iritis,0,0,0
20,49.3,2,1,CROHN^S DISEASE,Sepsis,1,0,0
67,82,2,1,ARTHRITIS,Incorrect drug administration duration,0,0,0
71,99.79,1,2,OFF LABEL USE,Age-related macular degeneration,1,0,1
42,77.11,2,1,SEBORRHOEIC DERMATITIS,Thermal burn,0,0,0
62,88,2,2,DEPRESSION,Psychotic behaviour,1,0,0
48,80,1,1,MENTAL DISORDER,Urticaria,0,0,0
36,64,2,1,DEPRESSION,Suicidal ideation,0,0,1
51,126.1,1,24,BARRETT^S OESOPHAGUS,Cervical vertebral fracture,1,0,0
61,97,2,13,GASTRIC DISORDER,Renal failure,1,0,0
42,62.6,2,1,HYPOTHYROIDISM,Hepatic steatosis,0,0,0
14,40,2,2,GAUCHER^S DISEASE,Convulsion,0,0,0
22,41.73,2,1,CONTRACEPTION,Nausea,1,0,0
12,4.04,1,1,INFECTION PROPHYLAXIS,Diarrhoea neonatal,0,0,1
74,80,2,4,STENT PLACEMENT,Chest discomfort,0,0,0
40,79.38,1,2,COUGH,Hyperhidrosis,0,0,1
58,58.97,2,1,GUTTATE PSORIASIS,Asthenia,0,0,0
82,50.8,2,1,,Fatigue,0,0,1
83,70.9,1,12,,Squamous cell carcinoma of skin,1,0,0
83,83.9,1,1,ARTHRITIS,Incorrect drug administration duration,0,0,0
53,52,1,1,DIABETES MELLITUS,Dizziness,1,0,0
65,68.8,2,3,,Syncope,1,0,0
16,55,1,7,SEDATIVE THERAPY,Propofol infusion syndrome,0,0,0
78,58.06,2,1,BLOOD TRIGLYCERIDES INCREASED,Headache,0,0,0
22,99.79,2,1,CONTRACEPTION,Irritability,0,0,1
21,74.8,1,1,GASTROOESOPHAGEAL REFLUX DISEASE,Oropharyngeal spasm,0,0,0
22,79.45,1,2,PSORIASIS,Malignant melanoma,0,0,0
66,62.6,1,3,DRY EYE,Eye pain,0,0,0
46,65.77,2,1,UPPER-AIRWAY COUGH SYNDROME,Nasal septum perforation,0,0,1
39,75.75,2,1,GASTROENTERITIS VIRAL,Headache,0,0,0
49,74.84,2,1,MIGRAINE,Rash,0,0,0
70,104.33,1,1,,Asthenia,0,0,1
56,90,1,10,CROHN^S DISEASE,Influenza,1,0,0
44,49.9,2,1,,Arthralgia,0,0,1
46,52.16,2,2,NECK PAIN,Burning sensation,1,0,1
20,58.97,2,1,CONTRACEPTION,Optic nerve disorder,0,0,0
31,104.33,2,1,,Constipation,0,0,0
43,117.94,1,1,BLOOD CHOLESTEROL INCREASED,Stress,0,0,1
25,61.29,2,12,CROHN^S DISEASE,Hyperthermia,1,0,0
13,53.98,1,1,ATTENTION DEFICIT/HYPERACTIVITY DISORDER,Drug ineffective,0,0,0
36,60.78,2,1,MULTIPLE ALLERGIES,Anxiety,0,0,0
2803,87,2,1,BREAST CANCER FEMALE,Blood glucose increased,0,0,0
48,72,1,11,BRONCHIECTASIS,Oxygen saturation decreased,0,0,0
67,75,1,5,SLEEP DISORDER,Myocardial infarction,0,0,0
53,58.96,2,1,,Paralysis,1,0,0
61,77,2,4,BLOOD TRIGLYCERIDES INCREASED,Type 2 diabetes mellitus,0,0,0
68,45.5,2,6,,Muscle abscess,1,0,0
75,74,1,3,,Angiopathy,1,0,0
22,54.5,2,4,LOWER RESPIRATORY TRACT INFECTION,Incorrect dose administered,0,0,1
17,54.43,2,1,LYME DISEASE,Convulsion,1,0,0
58,45,2,10,PULMONARY ARTERIAL HYPERTENSION,Death,0,1,0
59,83.92,1,1,PAIN,Chest pain,0,0,0
24,70.31,1,1,ATTENTION DEFICIT/HYPERACTIVITY DISORDER,Dizziness,0,0,1
61,69.1,1,22,NON-SMALL CELL LUNG CANCER,Pneumothorax,1,0,0
23,81.63,2,2,CONTRACEPTION,Device expulsion,0,0,0
63,85,1,4,BLOOD PRESSURE ABNORMAL,Device occlusion,1,0,0
64,70,1,4,HEPATITIS C,Anaemia,0,0,0
53,70.31,2,1,BLADDER SPASM,Amnesia,0,0,1
64,53.98,2,1,VULVOVAGINAL DRYNESS,Alopecia,0,0,0
52,69.85,2,1,,Dizziness,1,0,1
86,72.2,1,18,PROSTATE CANCER METASTATIC,Paralysis,0,0,0
47,77.11,1,3,ATRIAL FIBRILLATION,Peripheral embolism,1,0,0
47,56.7,2,1,SJOGREN^S SYNDROME,Rash,1,0,1
88,58,2,1,CHRONIC OBSTRUCTIVE PULMONARY DISEASE,Asthenia,1,0,0
67,64,1,13,ATRIAL FIBRILLATION,Cough,0,0,0
70,113,1,4,CEREBROVASCULAR ACCIDENT PROPHYLAXIS,Renal cyst,1,0,0
50,57.15,2,3,BLOOD PROLACTIN INCREASED,Nausea,0,0,1
27,63.5,2,2,BIPOLAR DISORDER,Fear,0,0,0
56,65,2,5,TYPE 2 DIABETES MELLITUS,Apparent death,1,0,0
9,29.48,1,1,SINUSITIS,Abdominal pain upper,0,0,0
62,63,2,2,POSTOPERATIVE ILEUS,Blister,0,0,0
11,34.3,1,14,INFLAMMATORY BOWEL DISEASE,Anal abscess,1,0,0
38,61,2,1,CROHN^S DISEASE,Pancreatitis,0,0,0
33,69.5,2,1,CROHN^S DISEASE,Ovarian cyst ruptured,1,0,0
51,131.54,1,1,DIABETES MELLITUS,Abdominal pain upper,0,0,1
37,108.05,1,7,CROHN^S DISEASE,Anal fissure,0,0,0
35,102,2,10,METASTATIC MALIGNANT MELANOMA,Interstitial lung disease,0,0,0
53,86,2,4,BLOOD CHOLESTEROL INCREASED,Heart rate increased,0,0,0
50,79.38,2,1,POUCHITIS,Paraesthesia,0,0,0
20,65,1,2,CONVULSION,Stevens-Johnson syndrome,1,0,0
87,70,1,7,PROSTATE CANCER,Injection site pain,0,0,0
66,65.83,2,5,,Acute myeloid leukaemia,1,0,0
57,56.7,2,1,MULTIPLE SCLEROSIS,Heart rate increased,0,0,0
56,76.2,2,8,B-CELL LYMPHOMA,Autoimmune haemolytic anaemia,0,0,0
43,97.52,1,1,PROCEDURAL PAIN,Palpitations,0,0,1
22,81.65,1,1,,Fall,1,0,1
87,39,1,3,CARDIAC FAILURE CONGESTIVE,Death,1,1,0
21,63.5,2,1,ANXIETY,Gait disturbance,0,0,0
42,70.31,2,1,ORAL HERPES,Lip swelling,0,0,0
36,77.11,2,1,MULTIPLE ALLERGIES,Urticaria,0,0,0
59,74.83,2,1,,Contusion,0,0,0
29,70.31,1,1,SMOKING CESSATION THERAPY,Depression,0,0,0
12,33.57,2,3,ANXIETY,Neck pain,0,0,0
58,60.8,1,6,PRODUCT USED FOR UNKNOWN INDICATION,Chronic obstructive pulmonary disease,0,1,0
28,70.31,2,1,DYSMENORRHOEA,Dyspnoea,1,0,0
69,78,1,6,,Fall,1,0,0
25,65.76,2,2,,Deep vein thrombosis,1,0,0
67,113.4,1,3,CARDIAC ABLATION,Blood urine present,0,0,0
29,73.92,2,3,,Pulmonary embolism,0,0,0
73,91.16,1,11,ATRIAL FIBRILLATION,Hypochromic anaemia,0,0,0
28,125.17,2,12,,Pulmonary embolism,1,0,0
46,70.3,2,1,,Pulmonary embolism,0,0,0
74,95.3,2,14,ASTHMA,Pelvic fracture,1,0,0
43,92.97,2,4,,Venous thrombosis limb,0,0,0
69,50,2,14,,Osteomyelitis,1,0,0
67,73,1,2,CHRONIC OBSTRUCTIVE PULMONARY DISEASE,Pneumonia,1,0,0
83,93,1,10,ATRIAL FIBRILLATION,Acquired haemophilia,1,0,0
62,98,1,2,Malignant melanoma,Ventricular tachycardia,1,1,2
1,1,1,1,SEDATION,Incorrect dose administered,0,0,0
59,60.77,1,1,,Yellow skin,0,0,0
52,55,1,10,DIABETES MELLITUS,Hyperglycaemia,1,0,0
20,71.28,2,1,POST COITAL CONTRACEPTION,Menstruation irregular,0,0,0
0,1.8,1,1,NEONATAL RESPIRATORY DISTRESS SYNDROME,Pulmonary haemorrhage,0,1,0
53,58,2,12,HYPERPARATHYROIDISM SECONDARY,Chest pain,0,1,0
42,68.1,2,2,CONTRACEPTION,Pelvic pain,0,0,0
36,64,2,1,DEPRESSION,Anxiety,0,0,1
50,63.49,1,2,PULMONARY HYPERTENSION,Cardiac failure,0,0,0
49,77,1,1,DIFFUSE LARGE B-CELL LYMPHOMA,Anaphylactic shock,0,0,0
10,10,2,2,GASTROOESOPHAGEAL REFLUX DISEASE,Hyperphagia,0,0,0
74,68,1,3,OESOPHAGEAL PAIN,Pain,0,0,0
73,79.4,2,4,GASTROOESOPHAGEAL REFLUX DISEASE,Hyperchlorhydria,0,0,0
59,49,2,4,DYSPEPSIA,Dyspepsia,0,0,0
20,95.3,1,2,GASTROOESOPHAGEAL REFLUX DISEASE,Gastrooesophageal reflux disease,0,0,0
5,17.5,2,5,GASTROOESOPHAGEAL REFLUX DISEASE,Tremor,0,0,0
74,90.7,1,2,GASTROOESOPHAGEAL REFLUX DISEASE,Dysgeusia,0,0,0
19890,101.6,2,2,GASTROOESOPHAGEAL REFLUX DISEASE,Abdominal distension,0,0,0
59,68.9,2,2,DYSPEPSIA,Dizziness,0,0,0
58,65.8,1,1,GASTROOESOPHAGEAL REFLUX DISEASE,Coeliac disease,0,0,0
52,95.3,2,2,GASTROOESOPHAGEAL REFLUX DISEASE,Weight decreased,0,0,0
37,49.94,2,1,CONTRACEPTION,Vulvovaginal pruritus,0,0,0
40,45,2,12,PUSTULAR PSORIASIS,Off label use,0,0,0
19,99.8,2,3,GASTROOESOPHAGEAL REFLUX DISEASE,Gastrooesophageal reflux disease,0,0,0
37,121.6,1,9,GASTROOESOPHAGEAL REFLUX DISEASE,Gastritis,0,0,0
8992,22.7,2,5,ULCER,Complication associated with device,0,0,0
74,68,2,4,,Diarrhoea,0,0,0
86,90.7,1,2,NAUSEA,Faeces discoloured,0,0,0
57,60.8,2,14,ABDOMINAL DISCOMFORT,Gastric disorder,0,0,0
71,88.5,1,4,GASTROOESOPHAGEAL REFLUX DISEASE,Renal disorder,0,0,0
70,49.9,2,2,GASTROOESOPHAGEAL REFLUX DISEASE,Choking,0,0,0
66,86.2,2,4,GASTROOESOPHAGEAL REFLUX DISEASE,Drug interaction,0,0,0
71,55.3,2,7,GASTROOESOPHAGEAL REFLUX DISEASE,Chest pain,0,0,0
65,71.7,2,4,GASTROOESOPHAGEAL REFLUX DISEASE,Oesophageal pain,0,0,0
54,104.3,2,2,GASTROOESOPHAGEAL REFLUX DISEASE,Gastrooesophageal reflux disease,0,0,0
51,77.1,2,3,GASTRITIS,Cholelithiasis,0,0,0
47,97.5,1,5,GASTROOESOPHAGEAL REFLUX DISEASE,Muscle spasms,0,0,0
69,74.8,2,3,GASTROOESOPHAGEAL REFLUX DISEASE,Hepatic enzyme increased,0,0,0
59,82.6,2,4,GASTROOESOPHAGEAL REFLUX DISEASE,Abdominal pain upper,0,0,0
15,72.6,2,2,GASTROOESOPHAGEAL REFLUX DISEASE,Headache,0,0,0
69,99.8,1,10,GASTROOESOPHAGEAL REFLUX DISEASE,Drug interaction,0,0,0
67,93,1,8,GASTROOESOPHAGEAL REFLUX DISEASE,Sinusitis,0,0,0
58,68,1,2,GASTROOESOPHAGEAL REFLUX DISEASE,Muscle twitching,0,0,0
68,81.6,2,6,GASTROOESOPHAGEAL REFLUX DISEASE,Diarrhoea,0,0,0
51,186,1,6,GASTROOESOPHAGEAL REFLUX DISEASE,Drug screen positive,0,0,0
94,55.8,2,2,GASTROOESOPHAGEAL REFLUX DISEASE,Cough,0,0,0
56,88.5,2,3,HIATUS HERNIA,Dyspepsia,0,0,0
55,80.7,2,5,GASTROOESOPHAGEAL REFLUX DISEASE,Anxiety,0,0,0
29,72.6,1,2,GASTROOESOPHAGEAL REFLUX DISEASE,Duodenal ulcer,0,0,0
63,115.7,1,5,GASTROOESOPHAGEAL REFLUX DISEASE,Discomfort,0,0,0
51,65.8,2,4,GASTROOESOPHAGEAL REFLUX DISEASE,Dyspepsia,0,0,0
64,63.5,2,3,GASTROOESOPHAGEAL REFLUX DISEASE,Glucose tolerance impaired,0,0,0
19625,113.4,1,14,GASTROOESOPHAGEAL REFLUX DISEASE,Gastrooesophageal reflux disease,0,0,0
21297,53.5,2,2,ULCER,Haematochezia,0,0,0
69,81.6,2,4,GASTROOESOPHAGEAL REFLUX DISEASE,Malaise,0,0,0
75,97.5,2,8,GASTROOESOPHAGEAL REFLUX DISEASE,Gait disturbance,0,0,0
39,113.4,2,3,GASTROOESOPHAGEAL REFLUX DISEASE,Gastrooesophageal reflux disease,0,0,0
52,113.4,2,4,GASTROOESOPHAGEAL REFLUX DISEASE,Dysphonia,0,0,0
42,97.5,2,5,GASTROOESOPHAGEAL REFLUX DISEASE,Abdominal discomfort,0,0,0
64,90.7,1,7,GASTROOESOPHAGEAL REFLUX DISEASE,Gastrooesophageal reflux disease,0,0,0
89,52.2,2,9,GASTROOESOPHAGEAL REFLUX DISEASE,Gastrooesophageal reflux disease,0,0,0
41,61.2,2,5,GASTROOESOPHAGEAL REFLUX DISEASE,Activities of daily living impaired,0,0,0
77,122.5,0,9,REFLUX LARYNGITIS,Gastrooesophageal reflux disease,0,0,0
57,71.7,2,2,GASTROOESOPHAGEAL REFLUX DISEASE,Inflammation,0,0,0
63,81.6,2,2,GASTROOESOPHAGEAL REFLUX DISEASE,Oropharyngeal pain,0,0,0
63,59,2,3,GASTROOESOPHAGEAL REFLUX DISEASE,Autoimmune thyroiditis,0,0,0
62,62.6,2,9,GASTROOESOPHAGEAL REFLUX DISEASE,Gastrooesophageal reflux disease,0,0,0
58,72.6,2,7,GASTROOESOPHAGEAL REFLUX DISEASE,Gastrooesophageal reflux disease,0,0,0
46,74.8,1,3,GASTROOESOPHAGEAL REFLUX DISEASE,Dysphagia,0,0,0
56,61.2,2,4,GASTROOESOPHAGEAL REFLUX DISEASE,Weight increased,0,0,0
87,59,2,3,GASTROOESOPHAGEAL REFLUX DISEASE,Gastric disorder,0,0,0
65,95.3,2,10,GASTROOESOPHAGEAL REFLUX DISEASE,Arthritis,0,0,0
78,61.2,2,13,GASTROOESOPHAGEAL REFLUX DISEASE,Cough,0,0,0
64,83.9,2,4,GASTROOESOPHAGEAL REFLUX DISEASE,Odynophagia,0,0,0
49,108.9,1,7,GASTROOESOPHAGEAL REFLUX DISEASE,Gastrooesophageal reflux disease,0,0,0
871,102.1,1,5,GASTROOESOPHAGEAL REFLUX DISEASE,Affective disorder,0,0,0
80,70.3,2,1,GASTROOESOPHAGEAL REFLUX DISEASE,Hypochondriasis,0,0,0
70,93,1,5,GASTROOESOPHAGEAL REFLUX DISEASE,Gastrooesophageal reflux disease,0,0,0
42,68,2,5,ANAEMIA,Helicobacter infection,0,0,0
72,90.7,2,1,GASTROOESOPHAGEAL REFLUX DISEASE,Weight decreased,0,0,0
58,70.3,2,3,GASTROOESOPHAGEAL REFLUX DISEASE,Hypertension,0,0,0
39,104.3,2,10,GASTROOESOPHAGEAL REFLUX DISEASE,Weight increased,0,0,0
56,68.9,2,2,GASTROOESOPHAGEAL REFLUX DISEASE,Adverse event,0,0,0
50,58.1,2,1,GASTROOESOPHAGEAL REFLUX DISEASE,Gastrooesophageal reflux disease,0,0,0
54,77.1,2,10,GASTROOESOPHAGEAL REFLUX DISEASE,Blood gastrin increased,0,0,0
28,95.3,1,1,DYSPEPSIA,Dyspepsia,0,0,0
68,68.9,2,9,GASTROOESOPHAGEAL REFLUX DISEASE,Muscle spasms,0,0,0
61,112,1,1,GASTROOESOPHAGEAL REFLUX DISEASE,Activities of daily living impaired,0,0,0
37,108.9,1,1,GASTROOESOPHAGEAL REFLUX DISEASE,Drug dose omission,0,0,0
67,79.8,2,2,GASTROOESOPHAGEAL REFLUX DISEASE,Type 2 diabetes mellitus,0,0,0
81,80.7,2,3,GASTROOESOPHAGEAL REFLUX DISEASE,Dysphagia,0,0,0
50,81.4,1,7,GASTROOESOPHAGEAL REFLUX DISEASE,Anal sphincter atony,0,0,0
62,68,2,5,DYSPEPSIA,Lichen planus,0,0,0
28,93,1,3,GASTROOESOPHAGEAL REFLUX DISEASE,Dyspepsia,0,0,0
74,77.1,1,18,GASTROOESOPHAGEAL REFLUX DISEASE,Blood count abnormal,0,0,0
67,70.3,2,13,ABDOMINAL DISCOMFORT,Abdominal distension,0,0,0
81,97.5,1,8,GASTROOESOPHAGEAL REFLUX DISEASE,Throat irritation,0,0,0
88,68,2,3,GASTROOESOPHAGEAL REFLUX DISEASE,Gastrooesophageal reflux disease,0,0,0
77,69.4,1,1,GASTROOESOPHAGEAL REFLUX DISEASE,Eating disorder,0,0,0
70,88.5,2,2,GASTROOESOPHAGEAL REFLUX DISEASE,Myalgia,0,0,0
48,79.4,2,9,GASTROOESOPHAGEAL REFLUX DISEASE,Oesophageal spasm,0,0,0
44,153.8,1,6,GASTROOESOPHAGEAL REFLUX DISEASE,"Hallucination, auditory",0,0,0
53,70.3,2,4,GASTROOESOPHAGEAL REFLUX DISEASE,Throat irritation,0,0,0
58,88.5,1,1,GASTROOESOPHAGEAL REFLUX DISEASE,Abdominal distension,0,0,0
43,86.2,2,1,GASTROOESOPHAGEAL REFLUX DISEASE,Gastrooesophageal reflux disease,0,0,0
42,62.6,2,2,GASTROOESOPHAGEAL REFLUX DISEASE,Gastrooesophageal reflux disease,0,0,0
66,48.1,2,4,GASTROOESOPHAGEAL REFLUX DISEASE,Chest pain,0,0,0
28,60.3,1,11,GASTROOESOPHAGEAL REFLUX DISEASE,Cough,0,0,0
39,90.7,2,3,,Nausea,0,0,0
37,79.4,1,6,PEPTIC ULCER,Gastrooesophageal reflux disease,0,0,0
67,51.7,2,2,GASTROOESOPHAGEAL REFLUX DISEASE,Headache,0,0,0
4,15.9,1,3,GASTROOESOPHAGEAL REFLUX DISEASE,Aphagia,0,0,0
74,84.8,1,5,GASTROOESOPHAGEAL REFLUX DISEASE,Bone density decreased,0,0,0
75,86.2,1,3,GASTROOESOPHAGEAL REFLUX DISEASE,Back disorder,0,0,0
74,54.4,2,3,GASTROOESOPHAGEAL REFLUX DISEASE,Gastrooesophageal reflux disease,0,0,0
71,65.8,1,4,GASTROOESOPHAGEAL REFLUX DISEASE,Glossodynia,0,0,0
51,72.6,2,3,GASTROOESOPHAGEAL REFLUX DISEASE,Choking,0,0,0
42,68,2,6,GASTROOESOPHAGEAL REFLUX DISEASE,Gastrooesophageal reflux disease,0,0,0
71,63.5,1,4,ULCER,Gastric disorder,0,0,0
45,77.1,2,4,GASTROOESOPHAGEAL REFLUX DISEASE,Gastrooesophageal reflux disease,0,0,0
84,49.9,2,1,ABDOMINAL PAIN UPPER,Abdominal pain,0,0,0
67,83.9,2,8,GASTROOESOPHAGEAL REFLUX DISEASE,Blood cholesterol increased,0,0,0
58,102.1,1,11,GASTROOESOPHAGEAL REFLUX DISEASE,Diabetes mellitus,0,0,0
60,82.6,2,5,DIVERTICULITIS,Hypotension,0,0,0
54,95.3,2,7,GASTROOESOPHAGEAL REFLUX DISEASE,Weight decreased,0,0,0
78,69.4,2,5,,Dysphonia,0,0,0
29,72.6,1,2,GASTROOESOPHAGEAL REFLUX DISEASE,Anxiety,0,0,0
74,81.6,2,14,GASTROOESOPHAGEAL REFLUX DISEASE,Gastrooesophageal reflux disease,0,0,0
56,63.5,1,2,GASTROOESOPHAGEAL REFLUX DISEASE,Gastrooesophageal reflux disease,0,0,0
50,83.9,1,5,GASTROOESOPHAGEAL REFLUX DISEASE,Gastrooesophageal reflux disease,0,0,0
44,113.4,2,3,GASTROOESOPHAGEAL REFLUX DISEASE,Chest pain,0,0,0
59,72.6,2,7,GASTROOESOPHAGEAL REFLUX DISEASE,Gastric ulcer,0,0,0
18,68,1,1,GASTROOESOPHAGEAL REFLUX DISEASE,Dyspnoea,0,0,0
73,80.7,2,14,GASTROOESOPHAGEAL REFLUX DISEASE,Hiatus hernia,0,0,0
61,81.6,1,4,GASTROOESOPHAGEAL REFLUX DISEASE,Prostatic disorder,0,0,0
57,56.7,2,2,BARRETT^S OESOPHAGUS,Rheumatoid arthritis,0,0,0
18,65.8,1,1,GASTROOESOPHAGEAL REFLUX DISEASE,Drug screen positive,0,0,0
52,81.6,1,4,GASTROOESOPHAGEAL REFLUX DISEASE,Aphagia,0,0,0
81,59.9,1,2,GASTROOESOPHAGEAL REFLUX DISEASE,Gastritis,0,0,0
9,27.2,2,6,GASTROOESOPHAGEAL REFLUX DISEASE,Gastrooesophageal reflux disease,0,0,0
19,54.4,1,6,,Drug hypersensitivity,0,0,0
82,53,2,1,DIABETES MELLITUS,Ingrowing nail,1,0,0
77,70.3,2,2,,Dyspepsia,0,0,0
1,1.8,2,6,INFECTION PROPHYLAXIS,Pulmonary haemorrhage,1,1,0
68,77.1,1,2,GASTROOESOPHAGEAL REFLUX DISEASE,Gastrooesophageal reflux disease,0,0,0
52,88.9,1,1,GASTROOESOPHAGEAL REFLUX DISEASE,Gastrooesophageal reflux disease,0,0,0
63,63.5,2,2,GASTROOESOPHAGEAL REFLUX DISEASE,Abdominal distension,0,0,0
73,48.5,2,2,GASTROOESOPHAGEAL REFLUX DISEASE,Pharyngeal erosion,0,0,0
72,72.6,2,4,GASTROOESOPHAGEAL REFLUX DISEASE,Urine odour abnormal,0,0,0
79,82.1,1,6,GASTROOESOPHAGEAL REFLUX DISEASE,Gastrooesophageal reflux disease,0,0,0
55,68.9,2,7,GASTROOESOPHAGEAL REFLUX DISEASE,Gastrooesophageal reflux disease,0,0,0
6,30.6,2,4,GASTROOESOPHAGEAL REFLUX DISEASE,Generalised oedema,0,0,0
63,64.9,2,3,GASTROOESOPHAGEAL REFLUX DISEASE,Barrett^s oesophagus,0,0,0
57,68,2,5,GASTROOESOPHAGEAL REFLUX DISEASE,Gastrooesophageal reflux disease,0,0,0
76,74.8,1,6,GASTROOESOPHAGEAL REFLUX DISEASE,Dysphagia,0,0,0
68,89.8,2,11,GASTROOESOPHAGEAL REFLUX DISEASE,Dyspepsia,0,0,0
71,45.8,2,2,GASTROOESOPHAGEAL REFLUX DISEASE,Gastrooesophageal reflux disease,0,0,0
58,95.3,1,4,GASTROOESOPHAGEAL REFLUX DISEASE,Blood urine present,0,0,0
47,120.84,1,1,DEEP VEIN THROMBOSIS,Pulmonary embolism,1,0,0
48,77.1,2,21,GASTROOESOPHAGEAL REFLUX DISEASE,Gastrooesophageal reflux disease,0,0,0
71,51.3,2,10,COUGH,Cough,0,0,0
49,61.7,2,6,GASTROOESOPHAGEAL REFLUX DISEASE,Chest discomfort,0,0,0
61,81.6,2,2,GASTROOESOPHAGEAL REFLUX DISEASE,Gastrooesophageal reflux disease,0,0,0
57,83.9,1,4,BARRETT^S OESOPHAGUS,Insulin-requiring type 2 diabetes mellitus,0,0,0
23819,91.6,1,4,GASTROOESOPHAGEAL REFLUX DISEASE,Tinnitus,0,0,0
80,95.3,2,4,GASTROOESOPHAGEAL REFLUX DISEASE,Hypertension,0,0,0
60,102.1,2,7,GASTROOESOPHAGEAL REFLUX DISEASE,Pain,0,0,0
63,64.9,2,15,GASTROOESOPHAGEAL REFLUX DISEASE,Body height decreased,0,0,0
45,78,1,2,GASTROOESOPHAGEAL REFLUX DISEASE,Mouth swelling,0,0,0
71,62.1,2,6,GASTROOESOPHAGEAL REFLUX DISEASE,Irritable bowel syndrome,0,0,0
52,90.7,1,2,GASTROOESOPHAGEAL REFLUX DISEASE,Condition aggravated,0,0,0
63,84.8,1,2,GASTROOESOPHAGEAL REFLUX DISEASE,Blood glucose increased,0,0,0
59,117.9,2,5,GASTROOESOPHAGEAL REFLUX DISEASE,Oesophageal discomfort,0,0,0
46,65.8,2,11,GASTROOESOPHAGEAL REFLUX DISEASE,Gastrooesophageal reflux disease,0,0,0
89,54.4,2,18,GASTROOESOPHAGEAL REFLUX DISEASE,Diarrhoea,0,0,0
65,55.3,2,11,GASTROOESOPHAGEAL REFLUX DISEASE,Eructation,0,0,0
48,88.9,2,6,GASTROOESOPHAGEAL REFLUX DISEASE,Chest discomfort,0,0,0
51,78,1,5,GASTROOESOPHAGEAL REFLUX DISEASE,Choking,0,0,0
40,68,2,13,GASTRIC DISORDER,Ulcer,0,0,0
11,54.4,2,4,GASTROOESOPHAGEAL REFLUX DISEASE,Inadequate diet,0,0,0
73,113.4,1,16,DYSPEPSIA,Diarrhoea,0,0,0
63,81.6,2,3,GASTROOESOPHAGEAL REFLUX DISEASE,Productive cough,0,0,0
61,113.4,1,2,GASTROOESOPHAGEAL REFLUX DISEASE,Injury associated with device,0,0,0
42,97.5,1,3,GASTROOESOPHAGEAL REFLUX DISEASE,Cardiac disorder,0,0,0
33,64.9,1,3,HELICOBACTER INFECTION,Weight decreased,0,0,0
79,77.1,2,5,GASTROOESOPHAGEAL REFLUX DISEASE,Blood cholesterol increased,0,0,0
72,45.4,2,4,INCREASED UPPER AIRWAY SECRETION,Dizziness,0,0,0
63,68.9,2,3,GASTROOESOPHAGEAL REFLUX DISEASE,Gastrooesophageal reflux disease,0,0,0
63,72.6,1,2,BARRETT^S OESOPHAGUS,Arthritis,0,0,0
53,117.9,1,7,GASTROOESOPHAGEAL REFLUX DISEASE,Rheumatoid arthritis,0,0,0
61,77.1,1,9,GASTROOESOPHAGEAL REFLUX DISEASE,Hiatus hernia,0,0,0
24,84,1,2,DIABETES MELLITUS,Cerebral infarction,1,0,0
67,82.6,2,2,GASTROOESOPHAGEAL REFLUX DISEASE,Dysphonia,0,0,0
67,72.6,2,3,GASTROOESOPHAGEAL REFLUX DISEASE,Gastrooesophageal reflux disease,0,0,0
62,41.3,2,9,HIATUS HERNIA,Blood glucose increased,0,0,0
53,79.38,1,12,PAIN,Serotonin syndrome,1,0,0
71,48,1,15,CHRONIC HEPATITIS C,Platelet count decreased,1,0,0
63,84,2,1,IDIOPATHIC PULMONARY FIBROSIS,Insomnia,0,0,0
62,102.7,1,1,DIABETES MELLITUS,Cerebrovascular accident,1,1,0
33,86.4,2,3,PULMONARY ARTERIAL HYPERTENSION,Device leakage,1,0,0
21,61.22,2,3,,Chest discomfort,1,0,0
47,194.1,1,2,DIABETES MELLITUS,Cerebrovascular accident,1,0,0
53,80,1,1,DIABETES MELLITUS,Myocardial infarction,1,0,0
74,101.4,1,1,DIABETES MELLITUS,Myocardial infarction,1,0,0
61,84,1,8,RENAL CELL CARCINOMA,Death,0,1,0
70,78.5,1,8,LIPOSARCOMA METASTATIC,Depressed level of consciousness,1,0,0
50,68.03,2,1,COR PULMONALE CHRONIC,Device dislocation,1,0,0
38,96,1,14,PSORIASIS,Liver function test abnormal,0,0,0
68,71.21,2,4,PULMONARY ARTERIAL HYPERTENSION,Duodenal fistula,1,1,0
74,49,2,27,COLON CANCER,Thrombocytopenia,0,0,0
59,51.8,2,17,,Breast cancer metastatic,1,1,1
24,54.42,2,1,HEADACHE,Nausea,0,0,0
47,88.44,1,2,TOOTHACHE,Hypersensitivity,0,0,0
86,47.17,2,4,HEADACHE,Withdrawal syndrome,0,0,0
66,76.66,2,41,PRODUCT USED FOR UNKNOWN INDICATION,Road traffic accident,0,0,0
40,91,1,3,HEADACHE,Malaise,0,0,0
53,80,1,1,HIV ANTIBODY POSITIVE,Affect lability,0,0,0
22,51.7,2,2,,Device difficult to use,0,0,0
92,40,2,2,PRODUCT USED FOR UNKNOWN INDICATION,Haematoma,1,0,0
52,37,2,8,,Coma,0,0,0
54,62,2,22,HUNTINGTON^S DISEASE,Subcutaneous emphysema,1,0,0
25,47.67,2,1,CONTRACEPTION,Menorrhagia,0,0,0
69,81,2,6,BREAST CANCER METASTATIC,Arrhythmia,1,0,0
27,50,1,3,HEPATITIS B,Blood bilirubin increased,1,0,0
20,56.75,2,2,POST COITAL CONTRACEPTION,Menstruation irregular,0,0,0
59,81.63,1,23,PRODUCT USED FOR UNKNOWN INDICATION,Joint injury,0,0,0
27,69.8,2,5,CONTRACEPTION,Anaemia,0,0,0
30,44.9,2,9,,Subclavian vein thrombosis,1,0,0
48,126,1,1,DEPRESSION,Musculoskeletal pain,0,0,1
63,56,2,9,,Breast cancer metastatic,1,1,0
34,58.11,2,2,CONTRACEPTION,Device expulsion,0,0,0
57,68.93,1,3,MULTIPLE SCLEROSIS,Drug ineffective,0,0,0
62,65,1,3,MYELOFIBROSIS,Respiratory tract infection,1,0,0
43,92,1,3,RHEUMATOID ARTHRITIS,Nephrolithiasis,1,0,0
54,113,1,1,PSORIASIS,Transient ischaemic attack,0,0,0
33,86.5,1,25,,Pulmonary embolism,1,0,0
73,58.9,1,5,RHEUMATOID ARTHRITIS,Femur fracture,1,0,0
82,45,1,3,,Cardiac failure,1,1,0
34,82.63,2,1,POST COITAL CONTRACEPTION,Vaginal discharge,0,0,0
53,70.8,1,7,NON-HODGKIN^S LYMPHOMA,Platelet count decreased,1,0,0
64,52.15,2,1,MENOPAUSAL SYMPTOMS,Hot flush,0,0,0
75,78,2,6,URINARY TRACT INFECTION,Decreased appetite,1,0,0
75,89,1,13,CHRONIC LYMPHOCYTIC LEUKAEMIA,Pancytopenia,1,0,0
50,72.56,1,1,GAIT DISTURBANCE,Hallucination,0,0,0
75,45.36,2,5,FUNGAL INFECTION,Dysgeusia,0,0,0
27,61.24,2,2,FUNGAL INFECTION,Application site pain,0,0,0
51,97.98,2,10,PSORIATIC ARTHROPATHY,Pulmonary embolism,1,0,0
90,45.4,2,5,DYSPEPSIA,Oropharyngeal pain,0,0,0
73,63.5,2,2,RHEUMATOID ARTHRITIS,Productive cough,0,0,0
77,86.6,2,5,,Feeling abnormal,0,0,0
21784,59,2,3,GASTROOESOPHAGEAL REFLUX DISEASE,Burning sensation,0,0,0
53,56.7,2,2,GASTROOESOPHAGEAL REFLUX DISEASE,Dysgeusia,0,0,0
84,77.1,2,14,GASTROOESOPHAGEAL REFLUX DISEASE,International normalised ratio increased,0,0,0
50,75.8,2,2,BARRETT^S OESOPHAGUS,Oropharyngeal pain,0,0,0
43,117.9,2,10,GASTROOESOPHAGEAL REFLUX DISEASE,Dyspepsia,0,0,0
74,65,1,6,DEPRESSION,Somnolence,0,0,0
51,72.6,2,7,GASTROOESOPHAGEAL REFLUX DISEASE,Hypertension,0,0,0
62,102,2,15,RHEUMATOID ARTHRITIS,Herpes simplex pharyngitis,1,0,0
60,73,1,3,HYPERCHOLESTEROLAEMIA,Gynaecomastia,0,0,0
52,105.7,2,3,GASTROOESOPHAGEAL REFLUX DISEASE,Chest pain,0,0,0
58,36.3,2,14,GASTROOESOPHAGEAL REFLUX DISEASE,Oesophageal pain,0,0,0
62,100.2,1,4,GASTROOESOPHAGEAL REFLUX DISEASE,Muscle spasms,0,0,0
48,50,2,3,PROPHYLAXIS,Haematochezia,0,0,0
46,88,2,3,GASTROOESOPHAGEAL REFLUX DISEASE,Drug ineffective,0,0,0
61,74.8,2,11,GASTROOESOPHAGEAL REFLUX DISEASE,Dyspepsia,0,0,0
37,78.01,2,2,ORAL CANDIDIASIS,Neuralgia,1,0,0
88,62.6,2,7,HIATUS HERNIA,Pneumonia,0,0,0
55,62.1,2,9,,Constipation,1,0,0
65,65.8,2,4,BARRETT^S OESOPHAGUS,Gastrooesophageal reflux disease,0,0,0
67,73,2,10,BLOOD CHOLESTEROL INCREASED,Type 2 diabetes mellitus,0,0,0
57,104.3,2,2,GASTROOESOPHAGEAL REFLUX DISEASE,Gastrooesophageal reflux disease,0,0,0
44,63,2,5,BLOOD CHOLESTEROL ABNORMAL,Type 2 diabetes mellitus,0,0,0
77,61.2,2,6,,Renal impairment,0,0,0
41,103,2,3,BLOOD CHOLESTEROL INCREASED,Type 2 diabetes mellitus,0,0,1
87,65.8,2,9,GASTROOESOPHAGEAL REFLUX DISEASE,Blood iron decreased,0,0,0
65,104.3,2,5,GASTROOESOPHAGEAL REFLUX DISEASE,Dizziness,0,0,0
57,86.2,2,5,GASTROOESOPHAGEAL REFLUX DISEASE,Peripheral swelling,0,0,0
47,77,2,5,BLOOD CHOLESTEROL INCREASED,Type 2 diabetes mellitus,0,0,0
71,104.3,2,8,GASTROOESOPHAGEAL REFLUX DISEASE,Arthritis,0,0,0
71,80,2,8,CARDIOVASCULAR DISORDER,Type 2 diabetes mellitus,0,0,0
78,63.5,2,10,GASTROOESOPHAGEAL REFLUX DISEASE,Barrett^s oesophagus,0,0,0
22,86,2,9,EPILEPSY,Psychotic behaviour,1,0,0
51,88,2,4,GASTROOESOPHAGEAL REFLUX DISEASE,Oesophageal pain,0,0,0
20,100.7,1,8,GASTROOESOPHAGEAL REFLUX DISEASE,Nightmare,0,0,0
51,81.63,2,22,GAIT DISTURBANCE,Aspartate aminotransferase increased,0,0,0
88,75.7,1,7,GASTROOESOPHAGEAL REFLUX DISEASE,Peripheral swelling,0,0,0
46,65.8,2,3,,Abdominal pain,0,0,0
52,45.4,2,3,GASTROOESOPHAGEAL REFLUX DISEASE,Intentional product misuse,0,0,0
56,81.6,2,5,GASTROOESOPHAGEAL REFLUX DISEASE,Blood cholesterol increased,0,0,0
51,111.1,1,6,GASTROOESOPHAGEAL REFLUX DISEASE,Dyspepsia,0,0,0
23958,50.8,2,1,GASTROOESOPHAGEAL REFLUX DISEASE,Decreased activity,0,0,0
66,47,2,6,HEPATITIS C,Feeling cold,0,0,1
55,74,1,3,HEPATITIS C,Abdominal pain,0,0,0
57,66,2,21,,Ammonia abnormal,1,0,1
29,56.75,2,3,POST COITAL CONTRACEPTION,Menstruation irregular,0,0,0
58,50,2,3,LOW DENSITY LIPOPROTEIN INCREASED,Diabetes mellitus,0,0,0
65,56.69,2,3,GAIT DISTURBANCE,Humerus fracture,1,0,0
50,95.24,1,2,DEPRESSION,Major depression,0,0,1
51,79.37,2,2,DEPRESSION,Cardiac flutter,0,0,0
57,66.21,2,1,MENOPAUSAL SYMPTOMS,Postmenopausal haemorrhage,0,0,0
78,74,1,7,GASTRIC DISORDER,Sense of oppression,1,0,0
67,84,1,18,RENAL FAILURE,Gout,1,0,0
48,82,1,3,ISCHAEMIC HEART DISEASE PROPHYLAXIS,Intentional product misuse,0,0,0
54,79,1,2,,Incorrect drug administration duration,0,0,0
6,16,1,1,MUCOPOLYSACCHARIDOSIS I,Respiratory arrest,1,0,0
62,58,1,8,,Gastrointestinal haemorrhage,0,0,0
0,3.7,1,10,,Foetal exposure during pregnancy,0,0,0
64,71,2,7,ALPHA-1 ANTI-TRYPSIN DEFICIENCY,Nasopharyngitis,0,0,0
63,95,2,4,OSTEOARTHRITIS,Osteoarthritis,0,0,0
15,88,1,22,NEOPLASM,Dehydration,1,0,0
67,57.6,2,3,FIBROMYALGIA,Drug ineffective,0,0,0
37,59.86,2,1,,Blood thyroid stimulating hormone decreased,0,0,0
45,88.43,1,4,ANXIETY,Erectile dysfunction,0,0,0
85,63,2,12,,Mobility decreased,0,0,0
76,49.9,2,5,HYPOTHYROIDISM,Drug ineffective,0,0,0
63,63.49,1,2,RHEUMATOID ARTHRITIS,Skin lesion,0,0,0
66,87,2,2,RENAL CELL CARCINOMA,Hypoaesthesia,0,0,0
23,95,1,10,,Product taste abnormal,0,0,0
64,68.5,2,3,MENOPAUSAL SYMPTOMS,Drug hypersensitivity,0,0,0
49,86.17,1,3,,Drug hypersensitivity,0,0,0
60,91,2,1,CHRONIC MYELOID LEUKAEMIA,Ear swelling,0,0,0
61,90.7,2,1,PAIN,Pain,0,0,0
68,83.45,1,10,,Muscular weakness,0,0,0
65,50,2,3,HYPERLIPIDAEMIA,Liver disorder,1,0,0
52,61.22,2,2,NERVE INJURY,Pain,0,0,0
64,60.32,2,1,BRONCHITIS,Abdominal discomfort,0,0,0
29,139.68,1,2,HEADACHE,Wrong technique in drug usage process,0,0,0
61,104.34,1,12,BLOOD CHOLESTEROL INCREASED,Drug prescribing error,0,0,0
50,65.76,2,2,BREAST CANCER FEMALE,Malaise,0,0,0
52,61.22,2,2,NERVE INJURY,Hypersensitivity,0,0,0
51,88.44,1,1,ERECTILE DYSFUNCTION,Headache,0,0,0
75,82,2,2,RHEUMATOID ARTHRITIS,Intentional product misuse,0,0,0
71,87.08,1,4,SMOKING CESSATION THERAPY,Suicide attempt,1,0,0
51,47.17,2,4,,Metrorrhagia,0,0,0
70,104.31,1,2,DEPRESSION,Malaise,0,0,0
72,56,2,4,HORMONE REPLACEMENT THERAPY,Weight increased,0,0,0
20,30.39,1,3,INSOMNIA,Drug interaction,0,0,0
53,111,2,1,VULVOVAGINAL DRYNESS,Insomnia,0,0,0
51,120,1,1,RENAL CELL CARCINOMA,Deep vein thrombosis,0,0,0
55,86.17,2,3,NEURALGIA,Somnolence,0,0,0
49,119,2,4,,Drug hypersensitivity,0,0,0
49,70.4,2,25,,Aphasia,0,0,0
51,97.51,1,1,ERECTILE DYSFUNCTION,Drug ineffective,0,0,0
73,63.49,2,7,UPPER RESPIRATORY TRACT INFECTION,Drug ineffective,0,0,0
59,83,2,1,HYPOTHYROIDISM,Palpitations,0,0,0
62,62.59,1,1,SMOKING CESSATION THERAPY,Productive cough,0,0,0
1,4.78,1,5,,Craniosynostosis,0,0,0
82,70.3,1,9,ATRIAL FIBRILLATION,Upper gastrointestinal haemorrhage,1,0,0
31,61.68,2,1,CONTRACEPTION,Vaginal haemorrhage,0,0,0
62,73,2,8,ATRIAL FIBRILLATION,Gastrointestinal haemorrhage,0,0,0
53,97.3,1,1,Chronic myeloid leukaemia,Death,2,1,2
51,92,1,4,TYPE 2 DIABETES MELLITUS,Pancreatic pseudocyst,1,0,0
44,70,2,2,ACUTE MYELOID LEUKAEMIA,Cardio-respiratory arrest,1,1,0
42,68.2,2,3,NARCOLEPSY,Autonomic nervous system imbalance,1,0,0
63,65,1,5,NICOTINE DEPENDENCE,Platelet count decreased,0,0,0
72,59,2,14,NARCOLEPSY,Urinary incontinence,0,0,0
48,70.3,2,10,EPILEPSY,Vomiting,1,0,0
74,60,1,9,CONSTIPATION,Epistaxis,1,0,0
11,49.9,2,4,TOURETTE^S DISORDER,Drooling,0,0,0
36,68,1,5,CHRONIC HEPATITIS C,Resorption bone increased,1,0,1
72,65,1,9,,Angina pectoris,1,0,0
60,41.3,2,4,,Temporomandibular joint syndrome,0,0,1
57,77.98,1,2,CHRONIC HEPATITIS C,Visual acuity reduced,0,0,0
52,75.3,2,13,,Hypersensitivity,0,0,0
21,99.77,2,2,CONTRACEPTION,Device difficult to use,0,0,0
70,104.3,1,12,NARCOLEPSY,Road traffic accident,1,0,0
55,64,1,2,PSORIASIS,Haematemesis,1,0,0
47,85,2,6,BREAST CANCER FEMALE,Metastases to liver,0,0,0
75,58.05,2,2,NEURALGIA,Transient ischaemic attack,0,0,0
66,63.49,1,2,EAR INFECTION FUNGAL,Tinnitus,0,0,0
84,75.28,1,9,PROSTATE CANCER METASTATIC,Upper gastrointestinal haemorrhage,1,0,0
22,145,1,3,,Urticaria,0,0,0
72,63.5,2,5,HEADACHE,Dry mouth,0,0,0
67,71,1,7,NON-SMALL CELL LUNG CANCER,Pneumonia,1,0,0
0,.87,1,4,NEONATAL RESPIRATORY DISTRESS SYNDROME,Pulmonary haemorrhage,0,1,0
44,50,2,4,RHEUMATOID ARTHRITIS,Systemic lupus erythematosus,0,0,0
55,85,1,2,PSORIASIS,Myocarditis,1,0,0
74,74,2,5,GASTROOESOPHAGEAL REFLUX DISEASE,Liver function test abnormal,0,0,0
71,70,1,4,PRODUCT USED FOR UNKNOWN INDICATION,Bleeding varicose vein,1,0,0
44,120,2,6,HYPERTENSION,Oedema,0,0,0
68,88.9,2,5,INSOMNIA,Psychomotor hyperactivity,0,0,0
30,69.6,2,9,,Pancytopenia,1,0,0
1,9,2,2,MUSCLE SPASMS,Pneumonia aspiration,1,0,0
56,79,2,1,MULTIPLE SCLEROSIS,Angina pectoris,1,0,0
89,68,1,3,,Gingival bleeding,0,0,0
35,98,1,5,DEPRESSED MOOD,Drug interaction,1,0,1
32,81.63,2,1,CONTRACEPTION,Peripheral swelling,0,0,0
61,57,2,2,RHEUMATOID ARTHRITIS,Dental discomfort,0,0,0
91,44,2,2,ATRIAL FIBRILLATION,Headache,1,0,0
48,116,1,6,NON-SMALL CELL LUNG CANCER,Malignant neoplasm progression,1,1,0
56,58.97,2,10,SHORT-BOWEL SYNDROME,Influenza like illness,1,0,0
19,65,1,7,PREMEDICATION,Pulmonary oedema,0,0,0
22,81.63,1,1,RHINORRHOEA,Condition aggravated,0,0,0
14,71.3,1,5,CROHN^S DISEASE,Intestinal obstruction,1,0,0
725,84.8,2,20,FLATULENCE,Dizziness,0,0,0
17,82,1,7,PREMEDICATION,Pulmonary oedema,1,0,0
34,75.36,2,1,CONTRACEPTION,Device dislocation,0,0,0
73,93,1,1,PSORIASIS,Non-Hodgkin^s lymphoma,0,0,0
42,51.76,2,1,CONTRACEPTION,Device dislocation,0,0,0
78,59,1,16,OSTEOPOROSIS PROPHYLAXIS,Dyspnoea,0,0,0
88,50,1,1,CEREBROVASCULAR ACCIDENT PROPHYLAXIS,Drug ineffective,0,0,1
68,89.8,2,7,GASTROOESOPHAGEAL REFLUX DISEASE,Pain,0,0,0
85,40.41,2,16,PLASMA CELL MYELOMA,Death,1,1,0
75,100.7,2,3,PULMONARY ARTERIAL HYPERTENSION,Death,0,1,0
86,73.94,2,1,PULMONARY ARTERIAL HYPERTENSION,Unevaluable event,0,1,0
47,76,0,4,COR PULMONALE CHRONIC,Death,0,1,0
61,108,2,8,DEPRESSION,Tooth loss,0,0,1
74,81.59,2,20,,Fall,1,0,0
72,42.68,2,6,RHEUMATOID ARTHRITIS,Intestinal obstruction,1,0,0
58,108.9,2,40,,Intervertebral disc degeneration,1,0,0
63,108.96,1,13,COUGH,Choking,0,0,0
18,51.25,2,1,CONTRACEPTION,Implant site pain,0,0,0
64,91,1,1,ATRIAL FIBRILLATION,Chest pain,1,0,0
76,80,1,2,,Thyroid mass,1,0,0
72,51,2,7,RHEUMATOID ARTHRITIS,Malignant peritoneal neoplasm,0,1,0
53,83.9,2,7,RHEUMATOID ARTHRITIS,Bladder operation,0,0,0
27,40.82,2,1,CONTRACEPTION,Menorrhagia,0,0,0
66,79,1,5,RHEUMATOID ARTHRITIS,Atrial fibrillation,1,0,0
66,52,1,12,RHEUMATOID ARTHRITIS,Gastric cancer,0,0,0
60,108.84,2,6,RENAL FAILURE CHRONIC,Haemoglobin decreased,1,0,0
73,85.71,2,1,RHEUMATOID ARTHRITIS,Lung neoplasm malignant,1,0,0
35,45,1,3,COLON CANCER METASTATIC,Disease progression,0,1,0
58,43,2,1,GASTRIC CANCER,Vena cava thrombosis,1,0,0
57,68,2,1,COLON CANCER,Metastases to lung,0,0,0
19,80,2,2,PRODUCT USED FOR UNKNOWN INDICATION,Overdose,1,0,0
68,58,2,4,COLON CANCER METASTATIC,Spinal epidural haemorrhage,0,0,0
24,98.34,0,5,COLORECTAL CANCER METASTATIC,Anaemia,1,0,0
70,88.9,2,17,BREAST CANCER METASTATIC,Ejection fraction decreased,0,0,0
74,55,2,2,COLON CANCER,Hepatic neoplasm,1,1,0
50,59,2,13,Rheumatoid arthritis,Cataract,2,2,2
23,97.2,2,8,LUPUS NEPHRITIS,Abortion spontaneous,0,0,0
64,67,1,5,PROPHYLAXIS,Osteoarthritis,0,0,1
75,83,2,13,ARTHRITIS,Balance disorder,0,0,0
1,3.2,1,4,HYPERCHOLESTEROLAEMIA,Foetal exposure during pregnancy,1,0,0
76,56.68,2,2,PSORIATIC ARTHROPATHY,Loss of consciousness,0,0,0
65,49,2,2,RHEUMATOID ARTHRITIS,Metastases to bone,0,0,0
11,28.57,1,1,CROHN^S DISEASE,Crohn^s disease,1,0,0
61,89,2,1,MULTIPLE SCLEROSIS,Fall,1,0,0
36,97,2,3,MULTIPLE SCLEROSIS,Blood disorder,1,0,0
0,2.74,2,4,,Microcephaly,0,0,0
49,54.93,2,3,BREAST CANCER,Gastroenteritis viral,1,0,0
11,34.47,1,8,,Hallucination,0,0,0
44,54.48,2,10,RHEUMATOID ARTHRITIS,Anaphylactic reaction,0,0,0
42,120.8,2,1,BREAST CANCER FEMALE,Malaise,0,0,0
77,81.6,1,8,BLOOD CHOLESTEROL INCREASED,Hip fracture,1,0,0
30,62,2,2,HEADACHE,Haematochezia,0,0,0
44,67.12,2,4,INFECTION,Asthenopia,0,0,0
25,56,2,1,PRODUCT USED FOR UNKNOWN INDICATION,Joint swelling,0,0,0
83,93,1,10,STENT PLACEMENT,Acquired haemophilia,1,0,0
27,64,1,2,HELICOBACTER INFECTION,Oral candidiasis,0,0,0
76,99.78,1,3,SURGERY,Decreased appetite,0,0,0
57,82.55,1,2,,Penile size reduced,0,0,1
22,91.71,2,2,HEPATITIS C,Ectopic pregnancy,0,0,0
71,78.02,2,1,ISCHAEMIC STROKE,Haemorrhage intracranial,0,1,0
35,145,2,3,CANDIDA INFECTION,Agranulocytosis,1,0,0
80,51,2,14,RASH,Drug eruption,1,1,0
69,58.5,1,1,,Hypoglycaemia,0,1,0
57,112,2,2,,Sinusitis fungal,1,1,0
2,17,1,1,CELLULITIS,Rash macular,0,0,0
58,79.07,1,9,GLIOBLASTOMA,Cerebral infarction,1,0,0
101,88,1,5,HEPATITIS C,Rectal adenocarcinoma,1,0,0
57,40,2,5,,Hypertension,0,0,0
69,78.9,2,16,HYPERTENSION,Arteriospasm coronary,1,0,0
70,56,2,18,,Anaemia,1,0,0
23,95.26,1,1,EPILEPSY,Rash pruritic,0,0,0
56,97.98,2,6,BACK PAIN,Musculoskeletal stiffness,0,0,0
20,75,2,1,CHRONIC MYELOID LEUKAEMIA,Treatment noncompliance,0,0,0
55,51.8,2,1,BIPOLAR I DISORDER,Asthenia,0,0,0
76,53.98,2,2,HYPERTENSION,Choking,0,0,0
52,76.2,2,1,ANXIETY,Abdominal discomfort,0,0,0
60,111,1,17,PRODUCT USED FOR UNKNOWN INDICATION,Muscle spasms,1,0,0
63,76.73,2,3,PLASMA CELL MYELOMA,Intestinal obstruction,1,0,0
45,64.41,2,1,DEPRESSION,Cerebrovascular accident,0,0,0
59,80.29,1,1,HYPERTENSION,Dizziness,1,0,0
57,81.19,2,1,ROSACEA,Dizziness,0,0,0
85,55,2,11,IRRITABILITY,Myocardial infarction,1,0,0
60,83.92,2,1,,Productive cough,0,0,1
21,73.48,1,2,ANXIETY,Headache,0,0,0
59,68.04,2,1,HYPERTENSION,Myalgia,0,0,0
16,68.04,2,1,CONTRACEPTION,Thinking abnormal,1,0,0
27,65.77,2,1,CONTRACEPTION,Vomiting,0,0,0
63,92.53,2,1,BLADDER DISORDER,Obstruction gastric,0,0,0
47,57.8,2,19,,Respiratory failure,1,0,1
85,71.28,1,17,PLASMA CELL MYELOMA,Hepatitis,0,0,0
47,90.2,1,3,,Hyperbilirubinaemia,1,0,0
47,55,1,3,HER-2 POSITIVE GASTRIC CANCER,Cardiac arrest,0,1,0
88,72.58,2,1,ACUTE MYOCARDIAL INFARCTION,Medication error,0,0,0
23,79.82,2,1,CONTRACEPTION,Joint dislocation,0,0,0
29,43.54,2,1,CONTRACEPTION,Menorrhagia,0,0,0
56,60,2,9,RHEUMATOID ARTHRITIS,Liver function test abnormal,0,0,0
47,59,2,13,PROPHYLAXIS,Malaise,0,0,0
23,61.24,0,5,ASTHMA,Tic,0,0,0
66,75,2,1,APLASTIC ANAEMIA,Kidney infection,1,0,0
16,54,1,1,,B precursor type acute leukaemia,0,0,0
48,75.3,2,1,OVARIAN CANCER,Rash,0,0,0
77,96,2,1,CHRONIC OBSTRUCTIVE PULMONARY DISEASE,Incorrect route of drug administration,0,0,0
37,91.63,2,8,,Amnesia,0,0,0
66,74.9,2,1,,Hypotension,1,0,0
17,95.69,2,3,,Thrombophlebitis superficial,1,0,0
29,74.83,2,13,PREMENSTRUAL SYNDROME,Anxiety,1,0,0
20,139.68,2,2,,Deep vein thrombosis,1,0,0
33,50,2,8,CONTRACEPTION,Protein urine present,0,0,0
38,80.27,2,16,,Deep vein thrombosis,0,0,0
9,21.9,2,1,,Unresponsive to stimuli,1,0,0
8,28.2,2,5,,Anaemia,0,0,0
71,87,1,21,PRODUCT USED FOR UNKNOWN INDICATION,Rash,0,0,0
41,102.5,2,1,PULMONARY EMBOLISM,Vaginal haemorrhage,1,0,0
28,100,2,4,CONTRACEPTION,Deep vein thrombosis,0,0,0
78,75.8,2,2,ATRIAL FIBRILLATION,Rectal haemorrhage,1,0,0
14,9.6,1,8,GLYCOGEN STORAGE DISEASE TYPE II,Respiratory failure,1,0,0
66,84,2,1,PRODUCT USED FOR UNKNOWN INDICATION,Atypical fracture,1,0,0
1,4.26,1,5,ANXIETY DISORDER,Neonatal respiratory distress syndrome,1,0,0
58,63.5,1,1,HYPERPARATHYROIDISM SECONDARY,Gastrointestinal haemorrhage,1,0,0
82,45,2,7,TYPE 2 DIABETES MELLITUS,Myocardial infarction,0,1,0
25,50,1,5,HIDRADENITIS,Dyspnoea,0,0,0
48,60,2,11,CROHN^S DISEASE,Polyarthritis,1,0,0
29,87,1,1,BIPOLAR DISORDER,Dehydration,1,0,0
65,51.8,2,1,SPINAL PAIN,Product substitution issue,0,0,0
50,91.4,1,1,GASTROOESOPHAGEAL REFLUX DISEASE,Product substitution issue,0,0,0
34,54.43,2,6,BIPOLAR DISORDER,Exposure during pregnancy,0,0,0
12950,145,2,6,,Bone marrow failure,1,0,0
12,42.6,1,6,PARTIAL SEIZURES,Simple partial seizures,1,0,0
29,62,2,5,ANXIETY DISORDER,Anogenital warts,0,0,0
68,122.47,1,1,,Injection site urticaria,0,0,1
70,83.92,1,1,CORONARY ARTERIAL STENT INSERTION,Middle insomnia,0,0,0
72,147,2,11,INFLAMMATION,Osteonecrosis,1,0,1
38,92.99,1,1,BLOOD TESTOSTERONE DECREASED,Hypertension,0,0,0
50,72.12,2,1,BIPOLAR II DISORDER,Hypopnoea,0,0,0
51,147.42,1,1,PSORIASIS,Cellulitis,0,0,0
79,68.1,1,16,PRODUCT USED FOR UNKNOWN INDICATION,Plasma cell myeloma,0,1,0
54,80,1,1,COLON CANCER,Hepatic cyst,0,0,0
40,68.04,2,1,BACK PAIN,Ulcer,0,0,0
58,86.18,2,3,ANXIETY,Myalgia,0,0,1
33,86.18,2,6,RHEUMATOID ARTHRITIS,Labour complication,0,0,0
55,61.24,2,1,MIGRAINE,Neuropathy peripheral,0,0,0
54,54.43,2,1,FIBROMYALGIA,Pain,0,0,0
53,104.3,2,7,GASTROOESOPHAGEAL REFLUX DISEASE,Chest discomfort,0,0,0
28,79.38,1,2,ALOPECIA,Dizziness,0,0,0
55,68.04,2,2,BRONCHITIS,Nasal congestion,0,0,0
27,106.6,2,1,GROWTH OF EYELASHES,Dysgeusia,0,0,0
32,56.7,2,1,EYELASH THICKENING,Skin discolouration,0,0,0
21,75.28,2,2,CONTRACEPTION,Keloid scar,0,0,0
44,60,2,2,HEPATITIS C,White blood cell count decreased,0,0,0
40,68,2,4,CROHN^S DISEASE,Lupus-like syndrome,0,0,0
47,46.72,2,1,URINARY TRACT INFECTION,Arthralgia,0,0,0
46,76,2,4,CROHN^S DISEASE,Fistula,0,0,0
60,104.78,2,13,RHEUMATOID ARTHRITIS,Pulmonary embolism,1,0,0
39,78,2,3,CROHN^S DISEASE,Caesarean section,0,0,0
48,69,1,6,ANKYLOSING SPONDYLITIS,Iritis,0,0,0
52,62,2,2,CROHN^S DISEASE,Abdominal adhesions,1,0,0
37,78,1,3,PRODUCT USED FOR UNKNOWN INDICATION,Drug abuse,0,0,0
40,90.72,2,1,HEADACHE,Swelling face,0,0,0
27,80,1,1,ERYTHEMA,Flushing,0,0,0
73,75,2,2,EMBOLISM VENOUS,Pulmonary embolism,1,0,0
64,75,1,6,THROMBOSIS PROPHYLAXIS,Cerebellar haemorrhage,0,1,0
59,99.79,1,1,ATTENTION DEFICIT/HYPERACTIVITY DISORDER,Nausea,0,0,0
57,84.5,1,1,CROHN^S DISEASE,Nephrolithiasis,0,0,0
51,75,1,1,CROHN^S DISEASE,Ileostomy closure,0,0,0
43,46.72,2,1,DEPRESSION,Product substitution issue,0,0,0
0,2.79,1,6,PSYCHOTIC DISORDER,Respiratory distress,1,0,0
80,97.98,2,18,CEREBROVASCULAR ACCIDENT PROPHYLAXIS,Gastrointestinal haemorrhage,1,0,0
53,68.95,2,9,GENERALISED ANXIETY DISORDER,Anxiety,0,0,0
34,43.09,2,1,ANXIETY,Anxiety,0,0,0
55,53.52,2,1,DEPRESSION,Dizziness,1,0,1
65,90.72,1,1,ONYCHOMYCOSIS,Drug ineffective,0,0,0
64,69,2,3,HYPERTONIC BLADDER,Blood pressure increased,0,0,0
14,48.08,2,1,BURSITIS,Menorrhagia,0,0,0
22,78,1,1,ALOPECIA,Erectile dysfunction,0,0,0
25,46,2,1,TONSILLITIS,Clostridium difficile infection,1,0,1
35,90.72,2,1,ATTENTION DEFICIT/HYPERACTIVITY DISORDER,Swollen tongue,0,0,0
35,85,2,2,ASTHMA,General physical health deterioration,1,0,0
63,61,2,13,RHEUMATOID ARTHRITIS,Presyncope,1,0,0
59,70.31,2,1,SINUSITIS,Oropharyngeal pain,0,0,0
67,179.78,1,16,PRODUCT USED FOR UNKNOWN INDICATION,Plasma cell myeloma,0,1,0
69,68.04,1,3,HYPOTHYROIDISM,Alopecia,0,0,0
8,23,1,1,SMALL FOR DATES BABY,Visual acuity reduced,0,0,1
86,71.2,1,1,PLASMA CELL MYELOMA,Death,0,1,0
33,82.54,1,4,DIABETES MELLITUS,Influenza,1,0,0
47,54.43,2,2,NUCLEAR MAGNETIC RESONANCE IMAGING,Blood heavy metal abnormal,0,0,0
63,99.77,2,17,DEPRESSION,Fall,1,0,0
88,55,2,6,DIABETES MELLITUS,Dehydration,1,0,0
63,99.79,2,11,TYPE 2 DIABETES MELLITUS,Listless,0,0,0
86,93.98,1,19,,Plasma cell myeloma,0,1,1
81,81.65,1,6,HYPERTENSION,Pancreatitis,1,0,0
77,63.56,2,17,BLOOD CHOLESTEROL,Gait disturbance,0,0,0
88,43.55,2,10,BONE DENSITY ABNORMAL,Jaw fracture,0,0,1
23,65,1,2,GAUCHER^S DISEASE,Death,1,1,0
66,50.35,2,11,BURSITIS,Abdominal pain upper,0,0,0
62,62,2,4,RHEUMATOID ARTHRITIS,Sudden hearing loss,1,0,0
74,96.16,2,4,HYPERTENSION,Dry mouth,0,0,0
80,72.58,1,7,ASTHENIA,Abdominal pain upper,0,0,0
84,48,2,1,CHOLECYSTITIS ACUTE,Delirium,0,0,0
79,95.69,1,16,PROSTATE CANCER METASTATIC,Acute myocardial infarction,1,0,0
43,109,1,3,RHEUMATOID ARTHRITIS,Alanine aminotransferase increased,0,0,0
25,68.1,2,1,POST COITAL CONTRACEPTION,Vaginal discharge,0,0,0
66,105.6,1,30,DIFFUSE LARGE B-CELL LYMPHOMA,Second primary malignancy,0,0,0
26,63,2,1,CONTRACEPTION,Depression,1,0,0
45,78,2,2,BLOOD CHOLESTEROL INCREASED,Breast cancer,1,0,0
28,62.6,2,4,ABORTION INDUCED,Uterine dilation and curettage,1,0,0
23,49,2,2,,Injury,0,0,0
18,82,2,1,CONTRACEPTION,Premature labour,1,0,0
50,76,1,8,GASTROINTESTINAL CARCINOMA,Tumour marker increased,0,0,0
75,89,2,8,,Myocardial infarction,0,0,0
72,56.62,2,3,,Anaemia,0,0,0
74,69.85,2,3,BACK PAIN,Headache,0,0,0
84,48.98,2,4,PAIN,Drug ineffective,0,0,0
52,45,2,1,PAIN PROPHYLAXIS,Headache,0,0,0
85,86,1,3,ARTHRITIS,Drug ineffective,0,0,0
44,104.31,1,1,BACK PAIN,Intentional product misuse,0,0,0
87,76.19,2,4,ANALGESIC THERAPY,Incorrect drug administration duration,0,0,0
83,86.62,1,9,,Erythema,0,0,0
69,64.41,2,2,PULMONARY ARTERIAL HYPERTENSION,Syncope,1,0,0
48,117.91,2,1,ARTHRITIS,Extra dose administered,0,0,0
66,70.76,1,2,COR PULMONALE CHRONIC,Weight increased,1,0,0
67,90.7,2,2,PULMONARY ARTERIAL HYPERTENSION,Hypoglycaemia,1,0,0
72,47.63,2,1,COR PULMONALE CHRONIC,Dyspnoea,1,0,0
68,75,1,8,PROSTATE CANCER,Death,0,1,0
54,49.44,2,4,PULMONARY ARTERIAL HYPERTENSION,Injection site thrombosis,1,0,0
66,72.6,2,3,,Epistaxis,1,0,0
71,81.64,1,2,PULMONARY ARTERIAL HYPERTENSION,Oxygen saturation decreased,1,0,0
40,70.76,1,2,COR PULMONALE CHRONIC,Dyspnoea,0,0,0
1,1.18,2,7,NEONATAL RESPIRATORY DISTRESS SYNDROME,Pulmonary haemorrhage,1,1,0
65,109.41,1,12,BLOOD CHOLESTEROL INCREASED,Arthritis,1,1,0
1,1.45,1,10,NEONATAL RESPIRATORY DISTRESS SYNDROME,Pulmonary haemorrhage,1,1,0
67,86.2,1,2,PLASMA CELL MYELOMA,Nephrolithiasis,0,0,0
66,73,1,1,ANGIOGRAM,Cardiac arrest,1,0,0
40,66.67,2,3,HYPERSENSITIVITY,Anxiety,0,0,0
53,69,2,3,PAIN,Aphthous stomatitis,0,0,0
59,111,1,11,PULMONARY HYPERTENSION,Pneumonia,1,0,0
29,63.5,2,4,PULMONARY ARTERIAL HYPERTENSION,Chest pain,1,0,0
67,73.48,1,13,SCHIZOAFFECTIVE DISORDER,Cardiac arrest,1,1,0
11,38,2,2,PULMONARY HYPERTENSION,Myocardial infarction,1,0,0
45,69.5,1,2,PULMONARY ARTERIAL HYPERTENSION,Dyspnoea,1,0,0
26,160,2,2,PULMONARY ARTERIAL HYPERTENSION,Drug dose omission,1,0,0
39,80.73,2,11,,Cholecystitis chronic,0,0,0
36,76.19,2,17,,Pulmonary embolism,1,0,0
15,88,1,10,DESMOPLASTIC SMALL ROUND CELL TUMOUR,Dehydration,1,0,0
65,85,2,16,HEADACHE,International normalised ratio increased,0,0,0
72,70,1,2,HYPERCHOLESTEROLAEMIA,Muscle atrophy,0,0,0
12,39.1,2,9,COLITIS ULCERATIVE,Colitis ulcerative,1,0,0
69,68,1,13,B-CELL LYMPHOMA,Hypophosphataemia,1,0,0
72,63.5,2,4,,Haematochezia,1,0,0
70,89,1,6,,Myocardial infarction,1,0,0
72,87.54,2,3,PULMONARY ARTERIAL HYPERTENSION,Nephrolithiasis,1,0,0
59,54,2,9,,Disseminated intravascular coagulation,1,1,0
55,82.5,2,7,,Throat irritation,1,0,0
86,62.59,1,2,PULMONARY ARTERIAL HYPERTENSION,Gastrointestinal haemorrhage,1,1,0
64,69,2,105,Product used for unknown indication,Coma,1,2,2
92,45,2,3,INTRAOCULAR PRESSURE TEST ABNORMAL,Glaucoma,0,0,0
76,58.96,2,4,COR PULMONALE CHRONIC,International normalised ratio increased,1,0,0
34,48,2,3,RENAL TRANSPLANT,Respiratory distress,0,1,0
58,53,1,1,LUNG NEOPLASM MALIGNANT,Bronchospasm,0,0,0
43,63.49,2,5,ASPERGILLUS INFECTION,Insomnia,1,0,1
28,70,2,2,CROHN^S DISEASE,Tympanic membrane perforation,0,0,0
24,111.11,2,2,CONTRACEPTION,Device dislocation,0,0,0
55,75,1,2,HEPATITIS C,Blister,0,0,0
58,44.44,2,7,COLONOSCOPY,Vomiting,0,0,0
34,83.9,2,2,CONTRACEPTION,Device difficult to use,0,0,0
68,82,1,21,CHRONIC LYMPHOCYTIC LEUKAEMIA,Cardiac failure,1,0,0
32,45.85,2,1,POST COITAL CONTRACEPTION,Menstruation irregular,0,0,0
83,93,1,10,STENT PLACEMENT,Acquired haemophilia,1,0,0
80,73.2,1,10,CHRONIC LYMPHOCYTIC LEUKAEMIA,Lower respiratory tract infection,1,0,0
48,74,1,1,MAJOR DEPRESSION,Ventricular fibrillation,1,0,0
30,92,2,13,,Parkinson^s disease,0,0,0
3,15.87,2,1,CONSTIPATION,Incorrect drug administration duration,0,0,0
50,63.49,1,2,,Diabetes mellitus,0,0,0
61,72.56,2,4,RHEUMATOID ARTHRITIS,Musculoskeletal disorder,0,0,0
50,63.49,2,2,ARTHRALGIA,Leukaemia,0,0,0
57,109,2,3,PSORIASIS,Lung infection,0,0,0
47,68,1,8,OSTEOARTHRITIS,Adrenal suppression,0,0,0
46,71.66,1,2,FACTOR VIII DEFICIENCY,Disease complication,1,1,0
34,57,1,2,NON-HODGKIN^S LYMPHOMA,Pneumomediastinum,0,0,1
61,65.76,2,1,CHRONIC MYELOID LEUKAEMIA,Migraine,0,0,0
32,63.49,2,1,JUVENILE IDIOPATHIC ARTHRITIS,Injury associated with device,0,0,0
66,68.55,2,4,MYELODYSPLASTIC SYNDROME,Death,0,1,0
43,80.73,2,7,ATTENTION DEFICIT/HYPERACTIVITY DISORDER,Narcolepsy,0,0,0
27,67,2,3,PRODUCT USED FOR UNKNOWN INDICATION,Gastric ulcer,0,0,0
44,150,1,2,TOOTHACHE,Restless legs syndrome,0,0,0
24,45,2,4,HODGKIN^S DISEASE,Infection,1,0,0
5,16.8,1,7,OSTEOSARCOMA,Migraine,1,0,0
13,31,1,1,GROWTH HORMONE DEFICIENCY,Fall,1,0,0
66,96.4,1,7,,Coagulation test abnormal,1,1,0
63,118,2,11,DIABETES MELLITUS,Upper gastrointestinal haemorrhage,1,0,0
49,63,2,4,COLITIS ULCERATIVE,Drug-induced liver injury,0,0,0
77,51,2,5,AGE-RELATED MACULAR DEGENERATION,Endophthalmitis,1,0,0
60,61.1,1,15,,Embolism venous,1,0,0
28,59.02,2,1,CONTRACEPTION,Back pain,0,0,0
61,113,1,1,SMOKING CESSATION THERAPY,Accident at home,0,0,0
7,18.59,2,6,SMALL FOR DATES BABY,Arnold-Chiari malformation,0,0,0
64,68,2,2,PAIN,Intervertebral disc protrusion,1,0,0
15,13.61,2,1,PULMONARY ARTERIAL HYPERTENSION,Pulmonary arterial hypertension,0,1,0
72,57,2,6,RHEUMATOID ARTHRITIS,Foot deformity,0,0,0
58,60,2,3,PSORIASIS,Post procedural complication,1,0,0
24,59.93,2,2,POST COITAL CONTRACEPTION,Menorrhagia,0,0,0
46,122.58,2,10,CHRONIC FATIGUE SYNDROME,Pruritus,0,0,0
76,38,1,7,ENTEROCOLITIS,Oral neoplasm,0,1,0
67,76,2,2,HYPERTENSION,Choking,0,0,0
73,52.2,2,11,SUPPLEMENTATION THERAPY,Abdominal pain upper,0,0,0
52,63,2,4,TORTICOLLIS,Choking,0,0,0
74,58,1,4,GASTRITIS,Gastrointestinal carcinoma,1,0,0
34,35,2,7,METASTATIC SQUAMOUS CELL CARCINOMA,Intestinal perforation,1,1,0
22,54.5,2,3,LOWER RESPIRATORY TRACT INFECTION,Rash erythematous,0,0,1
58,87,1,4,,Decreased appetite,0,0,0
39,56.3,2,7,CONTRACEPTION,Metrorrhagia,0,0,0
64,110,1,8,DIABETES MELLITUS,Renal failure acute,1,0,0
67,74,2,5,BREAST CANCER,Rash pustular,0,0,0
21,45,2,1,THALASSAEMIA BETA,Cholecystitis infective,0,0,0
50,99.15,2,7,TYPE 2 DIABETES MELLITUS,Weight increased,0,0,1
59,52,2,1,MYELODYSPLASTIC SYNDROME,Fall,0,0,0
29,61.22,2,1,OSTEOPOROSIS,Femur fracture,1,0,0
57,73,2,3,EPILEPSY,Haematochezia,0,0,0
55,84.35,1,3,TOOTHACHE,Convulsion,1,0,0
694,90.7,1,20,PANIC DISORDER,Vertigo,1,0,0
57,97.7,2,4,LEUKAEMIA,Adverse drug reaction,0,0,0
32,83.9,2,1,CONTRACEPTION,Menorrhagia,0,0,0
45,47,1,4,ANKYLOSING SPONDYLITIS,Blindness,0,0,0
61,105.5,2,7,RHEUMATOID ARTHRITIS,Thyroid cancer,1,0,0
69,67.3,2,4,DIABETES MELLITUS,Myocardial infarction,1,0,0
60,126.4,2,7,ASTHMA,Nephrolithiasis,0,0,0
58,65,2,2,,Drug ineffective,1,1,1
12,23.7,2,6,INFLAMMATORY BOWEL DISEASE,Inflammatory bowel disease,1,0,0
0,2.7,2,5,EPILEPSY,Microcephaly,1,0,0
87,52,1,15,IMMUNE THROMBOCYTOPENIC PURPURA,Pneumonia aspiration,0,0,0
75,110.5,2,2,ACUTE MYELOID LEUKAEMIA,General physical health deterioration,1,0,0
51,81,1,3,HIV INFECTION,IgA nephropathy,1,0,0
78,70,1,6,IMMUNE THROMBOCYTOPENIC PURPURA,Cardiac failure,0,1,0
30,94,2,8,CONTRACEPTION,Abortion,0,0,0
40,103.85,2,3,PRODUCT USED FOR UNKNOWN INDICATION,Maternal exposure during pregnancy,1,0,0
25,46,2,16,EPILEPSY,Generalised tonic-clonic seizure,0,0,0
38,59.02,2,1,POST COITAL CONTRACEPTION,Hot flush,0,0,0
75,52,2,7,TYPE IIA HYPERLIPIDAEMIA,Hypoaesthesia,0,0,0
56,63,2,13,DEPRESSION,Syncope,0,0,0
50,50,2,7,HYPERTENSION,Hepatitis acute,1,0,0
44,120,2,6,HYPERTENSION,Oedema,0,0,0
53,81.63,2,1,MULTIPLE SCLEROSIS,Glaucoma,0,0,0
61,71,2,1,CYSTITIS,Myalgia,0,0,0
36,103.42,2,6,,Weight decreased,1,0,0
5,16.8,1,7,OSTEOSARCOMA,Migraine,1,0,0
75,85,1,3,PROSTATE CANCER,Death,0,1,0
33,83.54,1,6,CHRONIC MYELOID LEUKAEMIA,Death,1,1,0
72,74,2,2,,Dizziness,1,0,0
62,89,2,14,DYSLIPIDAEMIA,Drug interaction,1,0,0
68,89,2,4,INSOMNIA,Self-injurious ideation,0,0,0
60,59,2,2,URINE ANALYSIS ABNORMAL,Eye swelling,0,0,0
27,64,1,2,HELICOBACTER INFECTION,Oral candidiasis,0,0,0
93,47.7,2,10,,Haematemesis,1,0,0
56,70,2,3,BREAST CANCER METASTATIC,Blister,0,0,0
67,63,1,3,CHRONIC LYMPHOCYTIC LEUKAEMIA,Squamous cell carcinoma,0,0,0
62,87,2,4,HYPERTENSION,Blood pressure increased,0,0,0
57,98,2,14,GASTROOESOPHAGEAL REFLUX DISEASE,Cardiac failure congestive,0,0,1
21,38,1,2,,Bronchitis,1,0,0
78,68,2,10,OSTEOPOROSIS,Phlebitis deep,0,0,0
1,2.72,1,3,PRODUCT USED FOR UNKNOWN INDICATION,Pyloric stenosis,0,0,0
27,67,2,3,,Abdominal pain,0,0,0
72,53.52,2,1,ARTHRITIS,Choking,0,0,0
68,83,1,19,,Sepsis,1,1,0
27,61.74,2,6,POST COITAL CONTRACEPTION,Diarrhoea,0,0,0
34,52.2,2,7,DEPRESSION,Convulsion,0,0,0
51,88.44,1,1,ERECTILE DYSFUNCTION,Drug ineffective,0,0,0
68,74.38,2,6,GASTROOESOPHAGEAL REFLUX DISEASE,Chest pain,0,0,0
69,48,2,5,THYROID CANCER METASTATIC,Off label use,0,0,0
54,65.76,2,3,HYPOPITUITARISM,Somnolence,0,0,0
74,74,2,5,GASTROOESOPHAGEAL REFLUX DISEASE,Liver function test abnormal,0,0,0
42,83.54,2,1,CONTRACEPTION,Device dislocation,0,0,0
70,86.1,1,9,PANCREATIC CARCINOMA,Infection,1,0,0
68,79,2,6,HYPERTENSION,Blood pressure systolic increased,0,0,0
27455,49.4,2,1,PERIPHERAL ARTERIAL OCCLUSIVE DISEASE,Chronic obstructive pulmonary disease,1,0,0
75,48,2,8,DYSLIPIDAEMIA,Gastroenteritis,1,0,0
20,45.4,2,2,POST COITAL CONTRACEPTION,Menstruation irregular,0,0,0
36,48.58,2,2,CONTRACEPTION,Device breakage,0,0,0
41,79.38,1,1,PAIN,Road traffic accident,1,0,1
71,59.02,2,16,ASTHMA,Abdominal pain upper,0,0,0
48,126,1,1,DEPRESSION,Myalgia,0,0,1
11,33.3,1,2,CROHN^S DISEASE,Crohn^s disease,1,0,0
24,80,2,5,HAEMOSIDEROSIS,Pyelonephritis,1,0,0
68,98,1,13,EMPHYSEMA,Spinal column injury,0,0,0
26,84.35,2,1,CONTRACEPTION,Feeling abnormal,0,0,0
48,113.4,1,5,RELAPSING-REMITTING MULTIPLE SCLEROSIS,Cellulitis,0,0,0
49,83.45,2,11,MULTIPLE SCLEROSIS,Multiple sclerosis,0,0,0
48,126,1,1,DEPRESSION,Arthralgia,0,0,1
23,88.08,2,1,CONTRACEPTION,Abortion induced,0,0,0
31,68,2,3,URINARY TRACT INFECTION,Limb reduction defect,0,0,0
27,92,1,5,IRON OVERLOAD,Tenosynovitis,1,0,0
33,60.84,2,2,CONTRACEPTION,Device expulsion,0,0,0
24,60.84,2,1,CONTRACEPTION,Menorrhagia,0,0,0
34,69.92,2,2,CONTRACEPTION,Device dislocation,0,0,0
17,111.1,1,39,AUTISM,Painful erection,0,0,0
24105,68,2,20,ABDOMINAL DISCOMFORT,Hepatic steatosis,1,0,0
59,72,2,11,CYCLOTHYMIC DISORDER,Drug interaction,1,0,1
19,72.64,2,2,CONTRACEPTION,Device expulsion,0,0,0
74,81,2,13,,Pelvic fracture,0,0,1
18,54,2,1,ANXIETY,Depression,0,0,0
52,75,2,13,PRODUCT USED FOR UNKNOWN INDICATION,Hypersensitivity,0,0,0
7,25,1,2,,Neurological examination abnormal,0,0,0
73,58,2,3,BREAST CANCER,Febrile neutropenia,1,0,0
32,58.57,2,2,CONTRACEPTION,Device dislocation,0,0,0
62,70,1,2,CROHN^S DISEASE,Decreased appetite,1,0,0
76,55.33,1,2,ATRIAL FIBRILLATION,Cardioversion,0,0,0
25,65,1,2,COLITIS ULCERATIVE,Anaemia,1,0,0
39,106.58,1,1,ERECTILE DYSFUNCTION,Drug ineffective,0,0,0
12,35,2,3,EPILEPSY,Drug interaction,1,0,0
61,48.98,2,4,THYMIC CANCER METASTATIC,Gastrointestinal disorder,0,0,0
66,86.17,2,2,OSTEOARTHRITIS,Dyspnoea,0,0,0
71,77.1,2,2,COMPLEX REGIONAL PAIN SYNDROME,Hypersensitivity,0,0,0
57,113.37,2,1,NASOPHARYNGITIS,Off label use,0,0,0
56,145.13,2,1,LOCALISED INFECTION,Rash,0,0,0
90,61.22,1,2,PAIN,Overdose,0,0,0
50,158.73,2,2,PAIN,Product adhesion issue,0,0,0
55,71.66,1,1,ERECTILE DYSFUNCTION,Drug ineffective,0,0,0
59,84.81,1,3,,Blood triglycerides increased,0,0,0
72,55.78,2,2,HORMONE REPLACEMENT THERAPY,Hot flush,0,0,0
34,116.6,2,7,SCHIZOPHRENIA,Anxiety,1,0,0
45,115,1,15,PSORIASIS,Respiratory disorder,1,0,0
50,63.5,2,1,PRODUCT USED FOR UNKNOWN INDICATION,Deep vein thrombosis,1,0,0
